[2026-07-22T04:57:53.846+0000] {processor.py:161} INFO - Started process (PID=30) to work on /opt/airflow/dags/minio_to_snowflake_dags.py
[2026-07-22T04:57:53.856+0000] {processor.py:830} INFO - Processing file /opt/airflow/dags/minio_to_snowflake_dags.py for tasks to queue
[2026-07-22T04:57:53.889+0000] {logging_mixin.py:188} INFO - [2026-07-22T04:57:53.883+0000] {dagbag.py:545} INFO - Filling up the DagBag from /opt/airflow/dags/minio_to_snowflake_dags.py
[2026-07-22T04:58:39.057+0000] {logging_mixin.py:188} INFO - [2026-07-22T04:58:39.016+0000] {timeout.py:68} ERROR - Process timed out, PID: 30
[2026-07-22T04:58:39.072+0000] {logging_mixin.py:188} WARNING - Exception ignored in: <function WeakKeyDictionary.__init__.<locals>.remove at 0x7601ea16c0e0>
[2026-07-22T04:58:39.093+0000] {logging_mixin.py:188} WARNING - Traceback (most recent call last):
[2026-07-22T04:58:39.119+0000] {logging_mixin.py:188} WARNING -   File "/usr/local/lib/python3.12/weakref.py", line 369, in remove
[2026-07-22T04:58:39.156+0000] {logging_mixin.py:188} WARNING -     def remove(k, selfref=ref(self)):
[2026-07-22T04:58:39.234+0000] {logging_mixin.py:188} WARNING -   File "/home/airflow/.local/lib/python3.12/site-packages/airflow/utils/timeout.py", line 69, in handle_timeout
[2026-07-22T04:58:39.244+0000] {logging_mixin.py:188} WARNING -     raise AirflowTaskTimeout(self.error_message)
[2026-07-22T04:58:39.268+0000] {logging_mixin.py:188} WARNING - airflow.exceptions.AirflowTaskTimeout: DagBag import timeout for /opt/airflow/dags/minio_to_snowflake_dags.py after 30.0s.
Please take a look at these docs to improve your DAG import time:
* https://airflow.apache.org/docs/apache-airflow/2.9.3/best-practices.html#top-level-python-code
* https://airflow.apache.org/docs/apache-airflow/2.9.3/best-practices.html#reducing-dag-complexity, PID: 30
[2026-07-22T04:59:14.692+0000] {processor.py:161} INFO - Started process (PID=66) to work on /opt/airflow/dags/minio_to_snowflake_dags.py
[2026-07-22T04:59:14.763+0000] {processor.py:830} INFO - Processing file /opt/airflow/dags/minio_to_snowflake_dags.py for tasks to queue
[2026-07-22T04:59:14.858+0000] {logging_mixin.py:188} INFO - [2026-07-22T04:59:14.819+0000] {dagbag.py:545} INFO - Filling up the DagBag from /opt/airflow/dags/minio_to_snowflake_dags.py
[2026-07-22T05:00:34.659+0000] {processor.py:161} INFO - Started process (PID=98) to work on /opt/airflow/dags/minio_to_snowflake_dags.py
[2026-07-22T05:00:34.665+0000] {processor.py:830} INFO - Processing file /opt/airflow/dags/minio_to_snowflake_dags.py for tasks to queue
[2026-07-22T05:00:34.685+0000] {logging_mixin.py:188} INFO - [2026-07-22T05:00:34.676+0000] {dagbag.py:545} INFO - Filling up the DagBag from /opt/airflow/dags/minio_to_snowflake_dags.py
[2026-07-22T05:00:41.851+0000] {processor.py:840} INFO - DAG(s) 'minio_to_snowflake_banking' retrieved from /opt/airflow/dags/minio_to_snowflake_dags.py
[2026-07-22T05:00:42.339+0000] {logging_mixin.py:188} INFO - [2026-07-22T05:00:42.338+0000] {dag.py:3089} INFO - Sync 1 DAGs
[2026-07-22T05:00:42.390+0000] {logging_mixin.py:188} INFO - [2026-07-22T05:00:42.389+0000] {dag.py:3947} INFO - Setting next_dagrun for minio_to_snowflake_banking to 2026-07-22 04:59:00+00:00, run_after=2026-07-22 05:00:00+00:00
[2026-07-22T05:00:42.442+0000] {processor.py:183} INFO - Processing /opt/airflow/dags/minio_to_snowflake_dags.py took 7.892 seconds
[2026-07-22T05:01:12.956+0000] {processor.py:161} INFO - Started process (PID=135) to work on /opt/airflow/dags/minio_to_snowflake_dags.py
[2026-07-22T05:01:12.961+0000] {processor.py:830} INFO - Processing file /opt/airflow/dags/minio_to_snowflake_dags.py for tasks to queue
[2026-07-22T05:01:12.966+0000] {logging_mixin.py:188} INFO - [2026-07-22T05:01:12.964+0000] {dagbag.py:545} INFO - Filling up the DagBag from /opt/airflow/dags/minio_to_snowflake_dags.py
[2026-07-22T05:01:19.922+0000] {processor.py:840} INFO - DAG(s) 'minio_to_snowflake_banking' retrieved from /opt/airflow/dags/minio_to_snowflake_dags.py
[2026-07-22T05:01:20.079+0000] {logging_mixin.py:188} INFO - [2026-07-22T05:01:20.077+0000] {dag.py:3089} INFO - Sync 1 DAGs
[2026-07-22T05:01:20.163+0000] {logging_mixin.py:188} INFO - [2026-07-22T05:01:20.163+0000] {dag.py:3947} INFO - Setting next_dagrun for minio_to_snowflake_banking to 2026-07-22 05:00:00+00:00, run_after=2026-07-22 05:01:00+00:00
[2026-07-22T05:01:20.246+0000] {processor.py:183} INFO - Processing /opt/airflow/dags/minio_to_snowflake_dags.py took 6.581 seconds
[2026-07-22T05:01:52.740+0000] {processor.py:161} INFO - Started process (PID=184) to work on /opt/airflow/dags/minio_to_snowflake_dags.py
[2026-07-22T05:01:52.788+0000] {processor.py:830} INFO - Processing file /opt/airflow/dags/minio_to_snowflake_dags.py for tasks to queue
[2026-07-22T05:01:52.819+0000] {logging_mixin.py:188} INFO - [2026-07-22T05:01:52.802+0000] {dagbag.py:545} INFO - Filling up the DagBag from /opt/airflow/dags/minio_to_snowflake_dags.py
[2026-07-22T05:02:17.580+0000] {processor.py:840} INFO - DAG(s) 'minio_to_snowflake_banking' retrieved from /opt/airflow/dags/minio_to_snowflake_dags.py
[2026-07-22T05:02:17.777+0000] {logging_mixin.py:188} INFO - [2026-07-22T05:02:17.776+0000] {dag.py:3089} INFO - Sync 1 DAGs
[2026-07-22T05:02:17.964+0000] {logging_mixin.py:188} INFO - [2026-07-22T05:02:17.963+0000] {dag.py:3947} INFO - Setting next_dagrun for minio_to_snowflake_banking to 2026-07-22 05:01:00+00:00, run_after=2026-07-22 05:02:00+00:00
[2026-07-22T05:02:18.088+0000] {processor.py:183} INFO - Processing /opt/airflow/dags/minio_to_snowflake_dags.py took 26.106 seconds
[2026-07-22T05:02:48.940+0000] {processor.py:161} INFO - Started process (PID=248) to work on /opt/airflow/dags/minio_to_snowflake_dags.py
[2026-07-22T05:02:48.951+0000] {processor.py:830} INFO - Processing file /opt/airflow/dags/minio_to_snowflake_dags.py for tasks to queue
[2026-07-22T05:02:48.975+0000] {logging_mixin.py:188} INFO - [2026-07-22T05:02:48.963+0000] {dagbag.py:545} INFO - Filling up the DagBag from /opt/airflow/dags/minio_to_snowflake_dags.py
[2026-07-22T05:03:00.368+0000] {processor.py:840} INFO - DAG(s) 'minio_to_snowflake_banking' retrieved from /opt/airflow/dags/minio_to_snowflake_dags.py
[2026-07-22T05:03:00.476+0000] {logging_mixin.py:188} INFO - [2026-07-22T05:03:00.475+0000] {dag.py:3089} INFO - Sync 1 DAGs
[2026-07-22T05:03:00.554+0000] {logging_mixin.py:188} INFO - [2026-07-22T05:03:00.554+0000] {dag.py:3947} INFO - Setting next_dagrun for minio_to_snowflake_banking to 2026-07-22 05:02:00+00:00, run_after=2026-07-22 05:03:00+00:00
[2026-07-22T05:03:00.642+0000] {processor.py:183} INFO - Processing /opt/airflow/dags/minio_to_snowflake_dags.py took 10.993 seconds
[2026-07-22T05:03:31.665+0000] {processor.py:161} INFO - Started process (PID=311) to work on /opt/airflow/dags/minio_to_snowflake_dags.py
[2026-07-22T05:03:31.671+0000] {processor.py:830} INFO - Processing file /opt/airflow/dags/minio_to_snowflake_dags.py for tasks to queue
[2026-07-22T05:03:31.683+0000] {logging_mixin.py:188} INFO - [2026-07-22T05:03:31.680+0000] {dagbag.py:545} INFO - Filling up the DagBag from /opt/airflow/dags/minio_to_snowflake_dags.py
[2026-07-22T05:03:34.511+0000] {processor.py:840} INFO - DAG(s) 'minio_to_snowflake_banking' retrieved from /opt/airflow/dags/minio_to_snowflake_dags.py
[2026-07-22T05:03:34.589+0000] {logging_mixin.py:188} INFO - [2026-07-22T05:03:34.588+0000] {dag.py:3089} INFO - Sync 1 DAGs
[2026-07-22T05:03:34.648+0000] {logging_mixin.py:188} INFO - [2026-07-22T05:03:34.648+0000] {dag.py:3947} INFO - Setting next_dagrun for minio_to_snowflake_banking to 2026-07-22 05:03:00+00:00, run_after=2026-07-22 05:04:00+00:00
[2026-07-22T05:03:34.705+0000] {processor.py:183} INFO - Processing /opt/airflow/dags/minio_to_snowflake_dags.py took 3.104 seconds
[2026-07-22T05:04:05.352+0000] {processor.py:161} INFO - Started process (PID=364) to work on /opt/airflow/dags/minio_to_snowflake_dags.py
[2026-07-22T05:04:05.366+0000] {processor.py:830} INFO - Processing file /opt/airflow/dags/minio_to_snowflake_dags.py for tasks to queue
[2026-07-22T05:04:05.377+0000] {logging_mixin.py:188} INFO - [2026-07-22T05:04:05.373+0000] {dagbag.py:545} INFO - Filling up the DagBag from /opt/airflow/dags/minio_to_snowflake_dags.py
[2026-07-22T05:04:10.280+0000] {processor.py:840} INFO - DAG(s) 'minio_to_snowflake_banking' retrieved from /opt/airflow/dags/minio_to_snowflake_dags.py
[2026-07-22T05:04:10.393+0000] {logging_mixin.py:188} INFO - [2026-07-22T05:04:10.390+0000] {dag.py:3089} INFO - Sync 1 DAGs
[2026-07-22T05:04:10.524+0000] {logging_mixin.py:188} INFO - [2026-07-22T05:04:10.522+0000] {dag.py:3947} INFO - Setting next_dagrun for minio_to_snowflake_banking to 2026-07-22 05:04:00+00:00, run_after=2026-07-22 05:05:00+00:00
[2026-07-22T05:04:10.605+0000] {processor.py:183} INFO - Processing /opt/airflow/dags/minio_to_snowflake_dags.py took 5.400 seconds
[2026-07-22T05:04:40.995+0000] {processor.py:161} INFO - Started process (PID=422) to work on /opt/airflow/dags/minio_to_snowflake_dags.py
[2026-07-22T05:04:41.006+0000] {processor.py:830} INFO - Processing file /opt/airflow/dags/minio_to_snowflake_dags.py for tasks to queue
[2026-07-22T05:04:41.016+0000] {logging_mixin.py:188} INFO - [2026-07-22T05:04:41.011+0000] {dagbag.py:545} INFO - Filling up the DagBag from /opt/airflow/dags/minio_to_snowflake_dags.py
[2026-07-22T05:04:47.446+0000] {processor.py:840} INFO - DAG(s) 'minio_to_snowflake_banking' retrieved from /opt/airflow/dags/minio_to_snowflake_dags.py
[2026-07-22T05:04:47.536+0000] {logging_mixin.py:188} INFO - [2026-07-22T05:04:47.534+0000] {dag.py:3089} INFO - Sync 1 DAGs
[2026-07-22T05:04:47.610+0000] {logging_mixin.py:188} INFO - [2026-07-22T05:04:47.609+0000] {dag.py:3947} INFO - Setting next_dagrun for minio_to_snowflake_banking to 2026-07-22 05:04:00+00:00, run_after=2026-07-22 05:05:00+00:00
[2026-07-22T05:04:47.691+0000] {processor.py:183} INFO - Processing /opt/airflow/dags/minio_to_snowflake_dags.py took 6.743 seconds
[2026-07-22T05:05:18.225+0000] {processor.py:161} INFO - Started process (PID=467) to work on /opt/airflow/dags/minio_to_snowflake_dags.py
[2026-07-22T05:05:18.232+0000] {processor.py:830} INFO - Processing file /opt/airflow/dags/minio_to_snowflake_dags.py for tasks to queue
[2026-07-22T05:05:18.241+0000] {logging_mixin.py:188} INFO - [2026-07-22T05:05:18.240+0000] {dagbag.py:545} INFO - Filling up the DagBag from /opt/airflow/dags/minio_to_snowflake_dags.py
[2026-07-22T05:05:24.268+0000] {processor.py:840} INFO - DAG(s) 'minio_to_snowflake_banking' retrieved from /opt/airflow/dags/minio_to_snowflake_dags.py
[2026-07-22T05:05:24.389+0000] {logging_mixin.py:188} INFO - [2026-07-22T05:05:24.387+0000] {dag.py:3089} INFO - Sync 1 DAGs
[2026-07-22T05:05:24.516+0000] {logging_mixin.py:188} INFO - [2026-07-22T05:05:24.515+0000] {dag.py:3947} INFO - Setting next_dagrun for minio_to_snowflake_banking to 2026-07-22 05:05:00+00:00, run_after=2026-07-22 05:06:00+00:00
[2026-07-22T05:05:24.636+0000] {processor.py:183} INFO - Processing /opt/airflow/dags/minio_to_snowflake_dags.py took 6.487 seconds
[2026-07-22T05:05:55.323+0000] {processor.py:161} INFO - Started process (PID=500) to work on /opt/airflow/dags/minio_to_snowflake_dags.py
[2026-07-22T05:05:55.329+0000] {processor.py:830} INFO - Processing file /opt/airflow/dags/minio_to_snowflake_dags.py for tasks to queue
[2026-07-22T05:05:55.337+0000] {logging_mixin.py:188} INFO - [2026-07-22T05:05:55.333+0000] {dagbag.py:545} INFO - Filling up the DagBag from /opt/airflow/dags/minio_to_snowflake_dags.py
[2026-07-22T05:05:58.440+0000] {processor.py:840} INFO - DAG(s) 'minio_to_snowflake_banking' retrieved from /opt/airflow/dags/minio_to_snowflake_dags.py
[2026-07-22T05:05:58.513+0000] {logging_mixin.py:188} INFO - [2026-07-22T05:05:58.512+0000] {dag.py:3089} INFO - Sync 1 DAGs
[2026-07-22T05:05:58.577+0000] {logging_mixin.py:188} INFO - [2026-07-22T05:05:58.576+0000] {dag.py:3947} INFO - Setting next_dagrun for minio_to_snowflake_banking to 2026-07-22 05:05:00+00:00, run_after=2026-07-22 05:06:00+00:00
[2026-07-22T05:05:58.647+0000] {processor.py:183} INFO - Processing /opt/airflow/dags/minio_to_snowflake_dags.py took 3.373 seconds
[2026-07-22T05:06:29.821+0000] {processor.py:161} INFO - Started process (PID=552) to work on /opt/airflow/dags/minio_to_snowflake_dags.py
[2026-07-22T05:06:29.870+0000] {processor.py:830} INFO - Processing file /opt/airflow/dags/minio_to_snowflake_dags.py for tasks to queue
[2026-07-22T05:06:29.945+0000] {logging_mixin.py:188} INFO - [2026-07-22T05:06:29.898+0000] {dagbag.py:545} INFO - Filling up the DagBag from /opt/airflow/dags/minio_to_snowflake_dags.py
[2026-07-22T05:06:47.396+0000] {processor.py:840} INFO - DAG(s) 'minio_to_snowflake_banking' retrieved from /opt/airflow/dags/minio_to_snowflake_dags.py
[2026-07-22T05:06:47.488+0000] {logging_mixin.py:188} INFO - [2026-07-22T05:06:47.487+0000] {dag.py:3089} INFO - Sync 1 DAGs
[2026-07-22T05:06:47.553+0000] {logging_mixin.py:188} INFO - [2026-07-22T05:06:47.552+0000] {dag.py:3947} INFO - Setting next_dagrun for minio_to_snowflake_banking to 2026-07-22 05:06:00+00:00, run_after=2026-07-22 05:07:00+00:00
[2026-07-22T05:06:47.604+0000] {processor.py:183} INFO - Processing /opt/airflow/dags/minio_to_snowflake_dags.py took 17.196 seconds
[2026-07-22T05:07:18.037+0000] {processor.py:161} INFO - Started process (PID=603) to work on /opt/airflow/dags/minio_to_snowflake_dags.py
[2026-07-22T05:07:18.043+0000] {processor.py:830} INFO - Processing file /opt/airflow/dags/minio_to_snowflake_dags.py for tasks to queue
[2026-07-22T05:07:18.051+0000] {logging_mixin.py:188} INFO - [2026-07-22T05:07:18.047+0000] {dagbag.py:545} INFO - Filling up the DagBag from /opt/airflow/dags/minio_to_snowflake_dags.py
[2026-07-22T05:07:21.863+0000] {processor.py:840} INFO - DAG(s) 'minio_to_snowflake_banking' retrieved from /opt/airflow/dags/minio_to_snowflake_dags.py
[2026-07-22T05:07:22.159+0000] {logging_mixin.py:188} INFO - [2026-07-22T05:07:22.158+0000] {dag.py:3089} INFO - Sync 1 DAGs
[2026-07-22T05:07:22.228+0000] {logging_mixin.py:188} INFO - [2026-07-22T05:07:22.228+0000] {dag.py:3947} INFO - Setting next_dagrun for minio_to_snowflake_banking to 2026-07-22 05:07:00+00:00, run_after=2026-07-22 05:08:00+00:00
[2026-07-22T05:07:22.294+0000] {processor.py:183} INFO - Processing /opt/airflow/dags/minio_to_snowflake_dags.py took 4.310 seconds
[2026-07-22T05:07:52.775+0000] {processor.py:161} INFO - Started process (PID=635) to work on /opt/airflow/dags/minio_to_snowflake_dags.py
[2026-07-22T05:07:52.798+0000] {processor.py:830} INFO - Processing file /opt/airflow/dags/minio_to_snowflake_dags.py for tasks to queue
[2026-07-22T05:07:52.802+0000] {logging_mixin.py:188} INFO - [2026-07-22T05:07:52.801+0000] {dagbag.py:545} INFO - Filling up the DagBag from /opt/airflow/dags/minio_to_snowflake_dags.py
[2026-07-22T05:07:56.740+0000] {processor.py:840} INFO - DAG(s) 'minio_to_snowflake_banking' retrieved from /opt/airflow/dags/minio_to_snowflake_dags.py
[2026-07-22T05:07:56.792+0000] {logging_mixin.py:188} INFO - [2026-07-22T05:07:56.791+0000] {dag.py:3089} INFO - Sync 1 DAGs
[2026-07-22T05:07:56.848+0000] {logging_mixin.py:188} INFO - [2026-07-22T05:07:56.848+0000] {dag.py:3947} INFO - Setting next_dagrun for minio_to_snowflake_banking to 2026-07-22 05:07:00+00:00, run_after=2026-07-22 05:08:00+00:00
[2026-07-22T05:07:56.886+0000] {processor.py:183} INFO - Processing /opt/airflow/dags/minio_to_snowflake_dags.py took 4.135 seconds
[2026-07-22T05:08:27.457+0000] {processor.py:161} INFO - Started process (PID=699) to work on /opt/airflow/dags/minio_to_snowflake_dags.py
[2026-07-22T05:08:27.461+0000] {processor.py:830} INFO - Processing file /opt/airflow/dags/minio_to_snowflake_dags.py for tasks to queue
[2026-07-22T05:08:27.465+0000] {logging_mixin.py:188} INFO - [2026-07-22T05:08:27.463+0000] {dagbag.py:545} INFO - Filling up the DagBag from /opt/airflow/dags/minio_to_snowflake_dags.py
[2026-07-22T05:08:30.047+0000] {processor.py:840} INFO - DAG(s) 'minio_to_snowflake_banking' retrieved from /opt/airflow/dags/minio_to_snowflake_dags.py
[2026-07-22T05:08:30.109+0000] {logging_mixin.py:188} INFO - [2026-07-22T05:08:30.108+0000] {dag.py:3089} INFO - Sync 1 DAGs
[2026-07-22T05:08:30.152+0000] {logging_mixin.py:188} INFO - [2026-07-22T05:08:30.152+0000] {dag.py:3947} INFO - Setting next_dagrun for minio_to_snowflake_banking to 2026-07-22 05:08:00+00:00, run_after=2026-07-22 05:09:00+00:00
[2026-07-22T05:08:30.242+0000] {processor.py:183} INFO - Processing /opt/airflow/dags/minio_to_snowflake_dags.py took 2.810 seconds
[2026-07-22T05:09:00.642+0000] {processor.py:161} INFO - Started process (PID=705) to work on /opt/airflow/dags/minio_to_snowflake_dags.py
[2026-07-22T05:09:00.724+0000] {processor.py:830} INFO - Processing file /opt/airflow/dags/minio_to_snowflake_dags.py for tasks to queue
[2026-07-22T05:09:00.728+0000] {logging_mixin.py:188} INFO - [2026-07-22T05:09:00.726+0000] {dagbag.py:545} INFO - Filling up the DagBag from /opt/airflow/dags/minio_to_snowflake_dags.py
[2026-07-22T05:09:02.927+0000] {processor.py:840} INFO - DAG(s) 'minio_to_snowflake_banking' retrieved from /opt/airflow/dags/minio_to_snowflake_dags.py
[2026-07-22T05:09:02.978+0000] {logging_mixin.py:188} INFO - [2026-07-22T05:09:02.977+0000] {dag.py:3089} INFO - Sync 1 DAGs
[2026-07-22T05:09:03.025+0000] {logging_mixin.py:188} INFO - [2026-07-22T05:09:03.024+0000] {dag.py:3947} INFO - Setting next_dagrun for minio_to_snowflake_banking to 2026-07-22 05:09:00+00:00, run_after=2026-07-22 05:10:00+00:00
[2026-07-22T05:09:03.066+0000] {processor.py:183} INFO - Processing /opt/airflow/dags/minio_to_snowflake_dags.py took 2.444 seconds
[2026-07-22T05:09:34.039+0000] {processor.py:161} INFO - Started process (PID=771) to work on /opt/airflow/dags/minio_to_snowflake_dags.py
[2026-07-22T05:09:34.042+0000] {processor.py:830} INFO - Processing file /opt/airflow/dags/minio_to_snowflake_dags.py for tasks to queue
[2026-07-22T05:09:34.045+0000] {logging_mixin.py:188} INFO - [2026-07-22T05:09:34.044+0000] {dagbag.py:545} INFO - Filling up the DagBag from /opt/airflow/dags/minio_to_snowflake_dags.py
[2026-07-22T05:09:35.736+0000] {processor.py:840} INFO - DAG(s) 'minio_to_snowflake_banking' retrieved from /opt/airflow/dags/minio_to_snowflake_dags.py
[2026-07-22T05:09:35.788+0000] {logging_mixin.py:188} INFO - [2026-07-22T05:09:35.787+0000] {dag.py:3089} INFO - Sync 1 DAGs
[2026-07-22T05:09:35.831+0000] {logging_mixin.py:188} INFO - [2026-07-22T05:09:35.831+0000] {dag.py:3947} INFO - Setting next_dagrun for minio_to_snowflake_banking to 2026-07-22 05:09:00+00:00, run_after=2026-07-22 05:10:00+00:00
[2026-07-22T05:09:35.872+0000] {processor.py:183} INFO - Processing /opt/airflow/dags/minio_to_snowflake_dags.py took 1.848 seconds
[2026-07-22T05:10:06.891+0000] {processor.py:161} INFO - Started process (PID=776) to work on /opt/airflow/dags/minio_to_snowflake_dags.py
[2026-07-22T05:10:06.894+0000] {processor.py:830} INFO - Processing file /opt/airflow/dags/minio_to_snowflake_dags.py for tasks to queue
[2026-07-22T05:10:06.898+0000] {logging_mixin.py:188} INFO - [2026-07-22T05:10:06.896+0000] {dagbag.py:545} INFO - Filling up the DagBag from /opt/airflow/dags/minio_to_snowflake_dags.py
[2026-07-22T05:10:08.823+0000] {processor.py:840} INFO - DAG(s) 'minio_to_snowflake_banking' retrieved from /opt/airflow/dags/minio_to_snowflake_dags.py
[2026-07-22T05:10:08.881+0000] {logging_mixin.py:188} INFO - [2026-07-22T05:10:08.880+0000] {dag.py:3089} INFO - Sync 1 DAGs
[2026-07-22T05:10:08.927+0000] {logging_mixin.py:188} INFO - [2026-07-22T05:10:08.927+0000] {dag.py:3947} INFO - Setting next_dagrun for minio_to_snowflake_banking to 2026-07-22 05:10:00+00:00, run_after=2026-07-22 05:11:00+00:00
[2026-07-22T05:10:08.964+0000] {processor.py:183} INFO - Processing /opt/airflow/dags/minio_to_snowflake_dags.py took 2.096 seconds
[2026-07-22T05:10:39.417+0000] {processor.py:161} INFO - Started process (PID=840) to work on /opt/airflow/dags/minio_to_snowflake_dags.py
[2026-07-22T05:10:39.420+0000] {processor.py:830} INFO - Processing file /opt/airflow/dags/minio_to_snowflake_dags.py for tasks to queue
[2026-07-22T05:10:39.423+0000] {logging_mixin.py:188} INFO - [2026-07-22T05:10:39.422+0000] {dagbag.py:545} INFO - Filling up the DagBag from /opt/airflow/dags/minio_to_snowflake_dags.py
[2026-07-22T05:06:52.172+0000] {processor.py:840} INFO - DAG(s) 'minio_to_snowflake_banking' retrieved from /opt/airflow/dags/minio_to_snowflake_dags.py
[2026-07-22T05:06:52.277+0000] {logging_mixin.py:188} INFO - [2026-07-22T05:06:52.275+0000] {dag.py:3089} INFO - Sync 1 DAGs
[2026-07-22T05:10:42.260+0000] {logging_mixin.py:188} INFO - [2026-07-22T05:10:42.259+0000] {dag.py:3947} INFO - Setting next_dagrun for minio_to_snowflake_banking to 2026-07-22 05:10:00+00:00, run_after=2026-07-22 05:11:00+00:00
[2026-07-22T05:10:42.310+0000] {processor.py:183} INFO - Processing /opt/airflow/dags/minio_to_snowflake_dags.py took 2.064 seconds
[2026-07-22T05:11:13.556+0000] {processor.py:161} INFO - Started process (PID=876) to work on /opt/airflow/dags/minio_to_snowflake_dags.py
[2026-07-22T05:11:13.559+0000] {processor.py:830} INFO - Processing file /opt/airflow/dags/minio_to_snowflake_dags.py for tasks to queue
[2026-07-22T05:11:13.562+0000] {logging_mixin.py:188} INFO - [2026-07-22T05:11:13.561+0000] {dagbag.py:545} INFO - Filling up the DagBag from /opt/airflow/dags/minio_to_snowflake_dags.py
[2026-07-22T05:11:15.901+0000] {processor.py:840} INFO - DAG(s) 'minio_to_snowflake_banking' retrieved from /opt/airflow/dags/minio_to_snowflake_dags.py
[2026-07-22T05:11:15.957+0000] {logging_mixin.py:188} INFO - [2026-07-22T05:11:15.956+0000] {dag.py:3089} INFO - Sync 1 DAGs
[2026-07-22T05:11:16.005+0000] {logging_mixin.py:188} INFO - [2026-07-22T05:11:16.004+0000] {dag.py:3947} INFO - Setting next_dagrun for minio_to_snowflake_banking to 2026-07-22 05:11:00+00:00, run_after=2026-07-22 05:12:00+00:00
[2026-07-22T05:11:16.044+0000] {processor.py:183} INFO - Processing /opt/airflow/dags/minio_to_snowflake_dags.py took 2.649 seconds
[2026-07-22T05:11:46.297+0000] {processor.py:161} INFO - Started process (PID=909) to work on /opt/airflow/dags/minio_to_snowflake_dags.py
[2026-07-22T05:11:46.300+0000] {processor.py:830} INFO - Processing file /opt/airflow/dags/minio_to_snowflake_dags.py for tasks to queue
[2026-07-22T05:11:46.304+0000] {logging_mixin.py:188} INFO - [2026-07-22T05:11:46.302+0000] {dagbag.py:545} INFO - Filling up the DagBag from /opt/airflow/dags/minio_to_snowflake_dags.py
[2026-07-22T05:11:48.944+0000] {processor.py:840} INFO - DAG(s) 'minio_to_snowflake_banking' retrieved from /opt/airflow/dags/minio_to_snowflake_dags.py
[2026-07-22T05:11:49.016+0000] {logging_mixin.py:188} INFO - [2026-07-22T05:11:49.014+0000] {dag.py:3089} INFO - Sync 1 DAGs
[2026-07-22T05:11:49.069+0000] {logging_mixin.py:188} INFO - [2026-07-22T05:11:49.069+0000] {dag.py:3947} INFO - Setting next_dagrun for minio_to_snowflake_banking to 2026-07-22 05:11:00+00:00, run_after=2026-07-22 05:12:00+00:00
[2026-07-22T05:11:49.111+0000] {processor.py:183} INFO - Processing /opt/airflow/dags/minio_to_snowflake_dags.py took 2.836 seconds
[2026-07-22T05:12:19.415+0000] {processor.py:161} INFO - Started process (PID=961) to work on /opt/airflow/dags/minio_to_snowflake_dags.py
[2026-07-22T05:12:19.419+0000] {processor.py:830} INFO - Processing file /opt/airflow/dags/minio_to_snowflake_dags.py for tasks to queue
[2026-07-22T05:12:19.422+0000] {logging_mixin.py:188} INFO - [2026-07-22T05:12:19.421+0000] {dagbag.py:545} INFO - Filling up the DagBag from /opt/airflow/dags/minio_to_snowflake_dags.py
[2026-07-22T05:12:25.723+0000] {processor.py:840} INFO - DAG(s) 'minio_to_snowflake_banking' retrieved from /opt/airflow/dags/minio_to_snowflake_dags.py
[2026-07-22T05:12:25.871+0000] {logging_mixin.py:188} INFO - [2026-07-22T05:12:25.870+0000] {dag.py:3089} INFO - Sync 1 DAGs
[2026-07-22T05:12:25.970+0000] {logging_mixin.py:188} INFO - [2026-07-22T05:12:25.968+0000] {dag.py:3947} INFO - Setting next_dagrun for minio_to_snowflake_banking to 2026-07-22 05:12:00+00:00, run_after=2026-07-22 05:13:00+00:00
[2026-07-22T05:12:26.077+0000] {processor.py:183} INFO - Processing /opt/airflow/dags/minio_to_snowflake_dags.py took 6.684 seconds
[2026-07-22T05:12:56.272+0000] {processor.py:161} INFO - Started process (PID=979) to work on /opt/airflow/dags/minio_to_snowflake_dags.py
[2026-07-22T05:12:56.276+0000] {processor.py:830} INFO - Processing file /opt/airflow/dags/minio_to_snowflake_dags.py for tasks to queue
[2026-07-22T05:12:56.281+0000] {logging_mixin.py:188} INFO - [2026-07-22T05:12:56.279+0000] {dagbag.py:545} INFO - Filling up the DagBag from /opt/airflow/dags/minio_to_snowflake_dags.py
[2026-07-22T05:12:58.507+0000] {processor.py:840} INFO - DAG(s) 'minio_to_snowflake_banking' retrieved from /opt/airflow/dags/minio_to_snowflake_dags.py
[2026-07-22T05:12:58.556+0000] {logging_mixin.py:188} INFO - [2026-07-22T05:12:58.555+0000] {dag.py:3089} INFO - Sync 1 DAGs
[2026-07-22T05:12:58.601+0000] {logging_mixin.py:188} INFO - [2026-07-22T05:12:58.600+0000] {dag.py:3947} INFO - Setting next_dagrun for minio_to_snowflake_banking to 2026-07-22 05:12:00+00:00, run_after=2026-07-22 05:13:00+00:00
[2026-07-22T05:12:58.642+0000] {processor.py:183} INFO - Processing /opt/airflow/dags/minio_to_snowflake_dags.py took 2.388 seconds
[2026-07-22T05:13:29.508+0000] {processor.py:161} INFO - Started process (PID=1043) to work on /opt/airflow/dags/minio_to_snowflake_dags.py
[2026-07-22T05:13:29.511+0000] {processor.py:830} INFO - Processing file /opt/airflow/dags/minio_to_snowflake_dags.py for tasks to queue
[2026-07-22T05:13:29.514+0000] {logging_mixin.py:188} INFO - [2026-07-22T05:13:29.513+0000] {dagbag.py:545} INFO - Filling up the DagBag from /opt/airflow/dags/minio_to_snowflake_dags.py
[2026-07-22T05:13:31.358+0000] {processor.py:840} INFO - DAG(s) 'minio_to_snowflake_banking' retrieved from /opt/airflow/dags/minio_to_snowflake_dags.py
[2026-07-22T05:13:31.462+0000] {logging_mixin.py:188} INFO - [2026-07-22T05:13:31.461+0000] {dag.py:3089} INFO - Sync 1 DAGs
[2026-07-22T05:13:31.546+0000] {logging_mixin.py:188} INFO - [2026-07-22T05:13:31.545+0000] {dag.py:3947} INFO - Setting next_dagrun for minio_to_snowflake_banking to 2026-07-22 05:13:00+00:00, run_after=2026-07-22 05:14:00+00:00
[2026-07-22T05:13:31.602+0000] {processor.py:183} INFO - Processing /opt/airflow/dags/minio_to_snowflake_dags.py took 2.112 seconds
[2026-07-22T05:14:02.508+0000] {processor.py:161} INFO - Started process (PID=1048) to work on /opt/airflow/dags/minio_to_snowflake_dags.py
[2026-07-22T05:14:02.511+0000] {processor.py:830} INFO - Processing file /opt/airflow/dags/minio_to_snowflake_dags.py for tasks to queue
[2026-07-22T05:14:02.515+0000] {logging_mixin.py:188} INFO - [2026-07-22T05:14:02.514+0000] {dagbag.py:545} INFO - Filling up the DagBag from /opt/airflow/dags/minio_to_snowflake_dags.py
[2026-07-22T05:14:04.391+0000] {processor.py:840} INFO - DAG(s) 'minio_to_snowflake_banking' retrieved from /opt/airflow/dags/minio_to_snowflake_dags.py
[2026-07-22T05:14:04.479+0000] {logging_mixin.py:188} INFO - [2026-07-22T05:14:04.478+0000] {dag.py:3089} INFO - Sync 1 DAGs
[2026-07-22T05:14:04.530+0000] {logging_mixin.py:188} INFO - [2026-07-22T05:14:04.530+0000] {dag.py:3947} INFO - Setting next_dagrun for minio_to_snowflake_banking to 2026-07-22 05:14:00+00:00, run_after=2026-07-22 05:15:00+00:00
[2026-07-22T05:14:04.573+0000] {processor.py:183} INFO - Processing /opt/airflow/dags/minio_to_snowflake_dags.py took 2.084 seconds
[2026-07-22T05:14:34.992+0000] {processor.py:161} INFO - Started process (PID=1112) to work on /opt/airflow/dags/minio_to_snowflake_dags.py
[2026-07-22T05:14:34.996+0000] {processor.py:830} INFO - Processing file /opt/airflow/dags/minio_to_snowflake_dags.py for tasks to queue
[2026-07-22T05:14:35.001+0000] {logging_mixin.py:188} INFO - [2026-07-22T05:14:34.999+0000] {dagbag.py:545} INFO - Filling up the DagBag from /opt/airflow/dags/minio_to_snowflake_dags.py
[2026-07-22T05:14:37.314+0000] {processor.py:840} INFO - DAG(s) 'minio_to_snowflake_banking' retrieved from /opt/airflow/dags/minio_to_snowflake_dags.py
[2026-07-22T05:14:37.376+0000] {logging_mixin.py:188} INFO - [2026-07-22T05:14:37.375+0000] {dag.py:3089} INFO - Sync 1 DAGs
[2026-07-22T05:14:37.424+0000] {logging_mixin.py:188} INFO - [2026-07-22T05:14:37.424+0000] {dag.py:3947} INFO - Setting next_dagrun for minio_to_snowflake_banking to 2026-07-22 05:14:00+00:00, run_after=2026-07-22 05:15:00+00:00
[2026-07-22T05:14:37.476+0000] {processor.py:183} INFO - Processing /opt/airflow/dags/minio_to_snowflake_dags.py took 2.510 seconds
[2026-07-22T05:15:07.798+0000] {processor.py:161} INFO - Started process (PID=1130) to work on /opt/airflow/dags/minio_to_snowflake_dags.py
[2026-07-22T05:15:07.801+0000] {processor.py:830} INFO - Processing file /opt/airflow/dags/minio_to_snowflake_dags.py for tasks to queue
[2026-07-22T05:15:07.804+0000] {logging_mixin.py:188} INFO - [2026-07-22T05:15:07.803+0000] {dagbag.py:545} INFO - Filling up the DagBag from /opt/airflow/dags/minio_to_snowflake_dags.py
[2026-07-22T05:15:09.698+0000] {processor.py:840} INFO - DAG(s) 'minio_to_snowflake_banking' retrieved from /opt/airflow/dags/minio_to_snowflake_dags.py
[2026-07-22T05:15:09.760+0000] {logging_mixin.py:188} INFO - [2026-07-22T05:15:09.759+0000] {dag.py:3089} INFO - Sync 1 DAGs
[2026-07-22T05:15:09.808+0000] {logging_mixin.py:188} INFO - [2026-07-22T05:15:09.808+0000] {dag.py:3947} INFO - Setting next_dagrun for minio_to_snowflake_banking to 2026-07-22 05:15:00+00:00, run_after=2026-07-22 05:16:00+00:00
[2026-07-22T05:15:09.883+0000] {processor.py:183} INFO - Processing /opt/airflow/dags/minio_to_snowflake_dags.py took 2.104 seconds
[2026-07-22T05:15:40.820+0000] {processor.py:161} INFO - Started process (PID=1182) to work on /opt/airflow/dags/minio_to_snowflake_dags.py
[2026-07-22T05:15:40.824+0000] {processor.py:830} INFO - Processing file /opt/airflow/dags/minio_to_snowflake_dags.py for tasks to queue
[2026-07-22T05:15:40.830+0000] {logging_mixin.py:188} INFO - [2026-07-22T05:15:40.829+0000] {dagbag.py:545} INFO - Filling up the DagBag from /opt/airflow/dags/minio_to_snowflake_dags.py
[2026-07-22T05:15:43.017+0000] {processor.py:840} INFO - DAG(s) 'minio_to_snowflake_banking' retrieved from /opt/airflow/dags/minio_to_snowflake_dags.py
[2026-07-22T05:15:43.184+0000] {logging_mixin.py:188} INFO - [2026-07-22T05:15:43.183+0000] {dag.py:3089} INFO - Sync 1 DAGs
[2026-07-22T05:15:43.236+0000] {logging_mixin.py:188} INFO - [2026-07-22T05:15:43.236+0000] {dag.py:3947} INFO - Setting next_dagrun for minio_to_snowflake_banking to 2026-07-22 05:15:00+00:00, run_after=2026-07-22 05:16:00+00:00
[2026-07-22T05:15:43.330+0000] {processor.py:183} INFO - Processing /opt/airflow/dags/minio_to_snowflake_dags.py took 2.558 seconds
[2026-07-22T05:16:13.982+0000] {processor.py:161} INFO - Started process (PID=1219) to work on /opt/airflow/dags/minio_to_snowflake_dags.py
[2026-07-22T05:16:13.985+0000] {processor.py:830} INFO - Processing file /opt/airflow/dags/minio_to_snowflake_dags.py for tasks to queue
[2026-07-22T05:16:13.989+0000] {logging_mixin.py:188} INFO - [2026-07-22T05:16:13.988+0000] {dagbag.py:545} INFO - Filling up the DagBag from /opt/airflow/dags/minio_to_snowflake_dags.py
[2026-07-22T05:16:16.034+0000] {processor.py:840} INFO - DAG(s) 'minio_to_snowflake_banking' retrieved from /opt/airflow/dags/minio_to_snowflake_dags.py
[2026-07-22T05:16:16.107+0000] {logging_mixin.py:188} INFO - [2026-07-22T05:16:16.106+0000] {dag.py:3089} INFO - Sync 1 DAGs
[2026-07-22T05:16:16.169+0000] {logging_mixin.py:188} INFO - [2026-07-22T05:16:16.169+0000] {dag.py:3947} INFO - Setting next_dagrun for minio_to_snowflake_banking to 2026-07-22 05:16:00+00:00, run_after=2026-07-22 05:17:00+00:00
[2026-07-22T05:16:16.215+0000] {processor.py:183} INFO - Processing /opt/airflow/dags/minio_to_snowflake_dags.py took 2.253 seconds
[2026-07-22T05:16:46.656+0000] {processor.py:161} INFO - Started process (PID=1252) to work on /opt/airflow/dags/minio_to_snowflake_dags.py
[2026-07-22T05:16:46.659+0000] {processor.py:830} INFO - Processing file /opt/airflow/dags/minio_to_snowflake_dags.py for tasks to queue
[2026-07-22T05:16:46.662+0000] {logging_mixin.py:188} INFO - [2026-07-22T05:16:46.661+0000] {dagbag.py:545} INFO - Filling up the DagBag from /opt/airflow/dags/minio_to_snowflake_dags.py
[2026-07-22T05:16:48.373+0000] {processor.py:840} INFO - DAG(s) 'minio_to_snowflake_banking' retrieved from /opt/airflow/dags/minio_to_snowflake_dags.py
[2026-07-22T05:16:48.428+0000] {logging_mixin.py:188} INFO - [2026-07-22T05:16:48.427+0000] {dag.py:3089} INFO - Sync 1 DAGs
[2026-07-22T05:16:48.475+0000] {logging_mixin.py:188} INFO - [2026-07-22T05:16:48.475+0000] {dag.py:3947} INFO - Setting next_dagrun for minio_to_snowflake_banking to 2026-07-22 05:16:00+00:00, run_after=2026-07-22 05:17:00+00:00
[2026-07-22T05:16:48.521+0000] {processor.py:183} INFO - Processing /opt/airflow/dags/minio_to_snowflake_dags.py took 1.884 seconds
[2026-07-22T05:17:18.773+0000] {processor.py:161} INFO - Started process (PID=1303) to work on /opt/airflow/dags/minio_to_snowflake_dags.py
[2026-07-22T05:17:18.776+0000] {processor.py:830} INFO - Processing file /opt/airflow/dags/minio_to_snowflake_dags.py for tasks to queue
[2026-07-22T05:17:18.780+0000] {logging_mixin.py:188} INFO - [2026-07-22T05:17:18.778+0000] {dagbag.py:545} INFO - Filling up the DagBag from /opt/airflow/dags/minio_to_snowflake_dags.py
[2026-07-22T05:17:21.001+0000] {processor.py:840} INFO - DAG(s) 'minio_to_snowflake_banking' retrieved from /opt/airflow/dags/minio_to_snowflake_dags.py
[2026-07-22T05:17:21.170+0000] {logging_mixin.py:188} INFO - [2026-07-22T05:17:21.168+0000] {dag.py:3089} INFO - Sync 1 DAGs
[2026-07-22T05:17:21.311+0000] {logging_mixin.py:188} INFO - [2026-07-22T05:17:21.310+0000] {dag.py:3947} INFO - Setting next_dagrun for minio_to_snowflake_banking to 2026-07-22 05:17:00+00:00, run_after=2026-07-22 05:18:00+00:00
[2026-07-22T05:17:21.398+0000] {processor.py:183} INFO - Processing /opt/airflow/dags/minio_to_snowflake_dags.py took 2.649 seconds
[2026-07-22T05:17:52.474+0000] {processor.py:161} INFO - Started process (PID=1322) to work on /opt/airflow/dags/minio_to_snowflake_dags.py
[2026-07-22T05:17:52.478+0000] {processor.py:830} INFO - Processing file /opt/airflow/dags/minio_to_snowflake_dags.py for tasks to queue
[2026-07-22T05:17:52.485+0000] {logging_mixin.py:188} INFO - [2026-07-22T05:17:52.483+0000] {dagbag.py:545} INFO - Filling up the DagBag from /opt/airflow/dags/minio_to_snowflake_dags.py
[2026-07-22T05:17:55.068+0000] {processor.py:840} INFO - DAG(s) 'minio_to_snowflake_banking' retrieved from /opt/airflow/dags/minio_to_snowflake_dags.py
[2026-07-22T05:17:55.133+0000] {logging_mixin.py:188} INFO - [2026-07-22T05:17:55.133+0000] {dag.py:3089} INFO - Sync 1 DAGs
[2026-07-22T05:17:55.201+0000] {logging_mixin.py:188} INFO - [2026-07-22T05:17:55.200+0000] {dag.py:3947} INFO - Setting next_dagrun for minio_to_snowflake_banking to 2026-07-22 05:17:00+00:00, run_after=2026-07-22 05:18:00+00:00
[2026-07-22T05:17:55.252+0000] {processor.py:183} INFO - Processing /opt/airflow/dags/minio_to_snowflake_dags.py took 2.811 seconds
[2026-07-22T05:18:26.174+0000] {processor.py:161} INFO - Started process (PID=1388) to work on /opt/airflow/dags/minio_to_snowflake_dags.py
[2026-07-22T05:18:26.177+0000] {processor.py:830} INFO - Processing file /opt/airflow/dags/minio_to_snowflake_dags.py for tasks to queue
[2026-07-22T05:18:26.180+0000] {logging_mixin.py:188} INFO - [2026-07-22T05:18:26.179+0000] {dagbag.py:545} INFO - Filling up the DagBag from /opt/airflow/dags/minio_to_snowflake_dags.py
[2026-07-22T05:18:27.908+0000] {processor.py:840} INFO - DAG(s) 'minio_to_snowflake_banking' retrieved from /opt/airflow/dags/minio_to_snowflake_dags.py
[2026-07-22T05:18:27.970+0000] {logging_mixin.py:188} INFO - [2026-07-22T05:18:27.969+0000] {dag.py:3089} INFO - Sync 1 DAGs
[2026-07-22T05:18:28.020+0000] {logging_mixin.py:188} INFO - [2026-07-22T05:18:28.019+0000] {dag.py:3947} INFO - Setting next_dagrun for minio_to_snowflake_banking to 2026-07-22 05:18:00+00:00, run_after=2026-07-22 05:19:00+00:00
[2026-07-22T05:18:28.064+0000] {processor.py:183} INFO - Processing /opt/airflow/dags/minio_to_snowflake_dags.py took 1.913 seconds
[2026-07-22T05:18:58.246+0000] {processor.py:161} INFO - Started process (PID=1392) to work on /opt/airflow/dags/minio_to_snowflake_dags.py
[2026-07-22T05:18:58.249+0000] {processor.py:830} INFO - Processing file /opt/airflow/dags/minio_to_snowflake_dags.py for tasks to queue
[2026-07-22T05:18:58.252+0000] {logging_mixin.py:188} INFO - [2026-07-22T05:18:58.251+0000] {dagbag.py:545} INFO - Filling up the DagBag from /opt/airflow/dags/minio_to_snowflake_dags.py
[2026-07-22T05:18:59.890+0000] {processor.py:840} INFO - DAG(s) 'minio_to_snowflake_banking' retrieved from /opt/airflow/dags/minio_to_snowflake_dags.py
[2026-07-22T05:18:59.975+0000] {logging_mixin.py:188} INFO - [2026-07-22T05:18:59.974+0000] {dag.py:3089} INFO - Sync 1 DAGs
[2026-07-22T05:19:00.031+0000] {logging_mixin.py:188} INFO - [2026-07-22T05:19:00.030+0000] {dag.py:3947} INFO - Setting next_dagrun for minio_to_snowflake_banking to 2026-07-22 05:18:00+00:00, run_after=2026-07-22 05:19:00+00:00
[2026-07-22T05:19:00.069+0000] {processor.py:183} INFO - Processing /opt/airflow/dags/minio_to_snowflake_dags.py took 1.840 seconds
[2026-07-22T05:19:31.161+0000] {processor.py:161} INFO - Started process (PID=1458) to work on /opt/airflow/dags/minio_to_snowflake_dags.py
[2026-07-22T05:19:31.164+0000] {processor.py:830} INFO - Processing file /opt/airflow/dags/minio_to_snowflake_dags.py for tasks to queue
[2026-07-22T05:19:31.167+0000] {logging_mixin.py:188} INFO - [2026-07-22T05:19:31.166+0000] {dagbag.py:545} INFO - Filling up the DagBag from /opt/airflow/dags/minio_to_snowflake_dags.py
[2026-07-22T05:19:32.971+0000] {processor.py:840} INFO - DAG(s) 'minio_to_snowflake_banking' retrieved from /opt/airflow/dags/minio_to_snowflake_dags.py
[2026-07-22T05:19:33.024+0000] {logging_mixin.py:188} INFO - [2026-07-22T05:19:33.023+0000] {dag.py:3089} INFO - Sync 1 DAGs
[2026-07-22T05:19:33.070+0000] {logging_mixin.py:188} INFO - [2026-07-22T05:19:33.069+0000] {dag.py:3947} INFO - Setting next_dagrun for minio_to_snowflake_banking to 2026-07-22 05:19:00+00:00, run_after=2026-07-22 05:20:00+00:00
[2026-07-22T05:19:33.109+0000] {processor.py:183} INFO - Processing /opt/airflow/dags/minio_to_snowflake_dags.py took 1.965 seconds
[2026-07-22T05:20:04.166+0000] {processor.py:161} INFO - Started process (PID=1463) to work on /opt/airflow/dags/minio_to_snowflake_dags.py
[2026-07-22T05:20:04.169+0000] {processor.py:830} INFO - Processing file /opt/airflow/dags/minio_to_snowflake_dags.py for tasks to queue
[2026-07-22T05:20:04.172+0000] {logging_mixin.py:188} INFO - [2026-07-22T05:20:04.171+0000] {dagbag.py:545} INFO - Filling up the DagBag from /opt/airflow/dags/minio_to_snowflake_dags.py
[2026-07-22T05:20:05.962+0000] {processor.py:840} INFO - DAG(s) 'minio_to_snowflake_banking' retrieved from /opt/airflow/dags/minio_to_snowflake_dags.py
[2026-07-22T05:20:06.069+0000] {logging_mixin.py:188} INFO - [2026-07-22T05:20:06.063+0000] {dag.py:3089} INFO - Sync 1 DAGs
[2026-07-22T05:20:06.190+0000] {logging_mixin.py:188} INFO - [2026-07-22T05:20:06.189+0000] {dag.py:3947} INFO - Setting next_dagrun for minio_to_snowflake_banking to 2026-07-22 05:20:00+00:00, run_after=2026-07-22 05:21:00+00:00
[2026-07-22T05:20:06.232+0000] {processor.py:183} INFO - Processing /opt/airflow/dags/minio_to_snowflake_dags.py took 2.085 seconds
[2026-07-22T05:20:36.653+0000] {processor.py:161} INFO - Started process (PID=1528) to work on /opt/airflow/dags/minio_to_snowflake_dags.py
[2026-07-22T05:20:36.655+0000] {processor.py:830} INFO - Processing file /opt/airflow/dags/minio_to_snowflake_dags.py for tasks to queue
[2026-07-22T05:20:36.658+0000] {logging_mixin.py:188} INFO - [2026-07-22T05:20:36.657+0000] {dagbag.py:545} INFO - Filling up the DagBag from /opt/airflow/dags/minio_to_snowflake_dags.py
[2026-07-22T05:16:49.279+0000] {processor.py:840} INFO - DAG(s) 'minio_to_snowflake_banking' retrieved from /opt/airflow/dags/minio_to_snowflake_dags.py
[2026-07-22T05:20:39.225+0000] {logging_mixin.py:188} INFO - [2026-07-22T05:20:39.224+0000] {dag.py:3089} INFO - Sync 1 DAGs
[2026-07-22T05:20:39.274+0000] {logging_mixin.py:188} INFO - [2026-07-22T05:20:39.274+0000] {dag.py:3947} INFO - Setting next_dagrun for minio_to_snowflake_banking to 2026-07-22 05:20:00+00:00, run_after=2026-07-22 05:21:00+00:00
[2026-07-22T05:20:39.312+0000] {processor.py:183} INFO - Processing /opt/airflow/dags/minio_to_snowflake_dags.py took 1.713 seconds
[2026-07-22T05:21:10.590+0000] {processor.py:161} INFO - Started process (PID=1564) to work on /opt/airflow/dags/minio_to_snowflake_dags.py
[2026-07-22T05:21:10.594+0000] {processor.py:830} INFO - Processing file /opt/airflow/dags/minio_to_snowflake_dags.py for tasks to queue
[2026-07-22T05:21:10.597+0000] {logging_mixin.py:188} INFO - [2026-07-22T05:21:10.596+0000] {dagbag.py:545} INFO - Filling up the DagBag from /opt/airflow/dags/minio_to_snowflake_dags.py
[2026-07-22T05:21:12.536+0000] {processor.py:840} INFO - DAG(s) 'minio_to_snowflake_banking' retrieved from /opt/airflow/dags/minio_to_snowflake_dags.py
[2026-07-22T05:21:12.643+0000] {logging_mixin.py:188} INFO - [2026-07-22T05:21:12.642+0000] {dag.py:3089} INFO - Sync 1 DAGs
[2026-07-22T05:21:12.740+0000] {logging_mixin.py:188} INFO - [2026-07-22T05:21:12.740+0000] {dag.py:3947} INFO - Setting next_dagrun for minio_to_snowflake_banking to 2026-07-22 05:21:00+00:00, run_after=2026-07-22 05:22:00+00:00
[2026-07-22T05:21:12.792+0000] {processor.py:183} INFO - Processing /opt/airflow/dags/minio_to_snowflake_dags.py took 2.224 seconds
[2026-07-22T05:21:43.774+0000] {processor.py:161} INFO - Started process (PID=1597) to work on /opt/airflow/dags/minio_to_snowflake_dags.py
[2026-07-22T05:21:43.777+0000] {processor.py:830} INFO - Processing file /opt/airflow/dags/minio_to_snowflake_dags.py for tasks to queue
[2026-07-22T05:21:43.781+0000] {logging_mixin.py:188} INFO - [2026-07-22T05:21:43.779+0000] {dagbag.py:545} INFO - Filling up the DagBag from /opt/airflow/dags/minio_to_snowflake_dags.py
[2026-07-22T05:21:45.561+0000] {processor.py:840} INFO - DAG(s) 'minio_to_snowflake_banking' retrieved from /opt/airflow/dags/minio_to_snowflake_dags.py
[2026-07-22T05:21:45.628+0000] {logging_mixin.py:188} INFO - [2026-07-22T05:21:45.627+0000] {dag.py:3089} INFO - Sync 1 DAGs
[2026-07-22T05:21:45.678+0000] {logging_mixin.py:188} INFO - [2026-07-22T05:21:45.678+0000] {dag.py:3947} INFO - Setting next_dagrun for minio_to_snowflake_banking to 2026-07-22 05:21:00+00:00, run_after=2026-07-22 05:22:00+00:00
[2026-07-22T05:21:45.720+0000] {processor.py:183} INFO - Processing /opt/airflow/dags/minio_to_snowflake_dags.py took 1.964 seconds
[2026-07-22T05:22:16.310+0000] {processor.py:161} INFO - Started process (PID=1634) to work on /opt/airflow/dags/minio_to_snowflake_dags.py
[2026-07-22T05:22:16.313+0000] {processor.py:830} INFO - Processing file /opt/airflow/dags/minio_to_snowflake_dags.py for tasks to queue
[2026-07-22T05:22:16.316+0000] {logging_mixin.py:188} INFO - [2026-07-22T05:22:16.315+0000] {dagbag.py:545} INFO - Filling up the DagBag from /opt/airflow/dags/minio_to_snowflake_dags.py
[2026-07-22T05:22:18.051+0000] {processor.py:840} INFO - DAG(s) 'minio_to_snowflake_banking' retrieved from /opt/airflow/dags/minio_to_snowflake_dags.py
[2026-07-22T05:22:18.104+0000] {logging_mixin.py:188} INFO - [2026-07-22T05:22:18.104+0000] {dag.py:3089} INFO - Sync 1 DAGs
[2026-07-22T05:22:18.153+0000] {logging_mixin.py:188} INFO - [2026-07-22T05:22:18.153+0000] {dag.py:3947} INFO - Setting next_dagrun for minio_to_snowflake_banking to 2026-07-22 05:22:00+00:00, run_after=2026-07-22 05:23:00+00:00
[2026-07-22T05:22:18.191+0000] {processor.py:183} INFO - Processing /opt/airflow/dags/minio_to_snowflake_dags.py took 1.896 seconds
[2026-07-22T05:22:49.319+0000] {processor.py:161} INFO - Started process (PID=1667) to work on /opt/airflow/dags/minio_to_snowflake_dags.py
[2026-07-22T05:22:49.322+0000] {processor.py:830} INFO - Processing file /opt/airflow/dags/minio_to_snowflake_dags.py for tasks to queue
[2026-07-22T05:22:49.325+0000] {logging_mixin.py:188} INFO - [2026-07-22T05:22:49.324+0000] {dagbag.py:545} INFO - Filling up the DagBag from /opt/airflow/dags/minio_to_snowflake_dags.py
[2026-07-22T05:22:51.025+0000] {processor.py:840} INFO - DAG(s) 'minio_to_snowflake_banking' retrieved from /opt/airflow/dags/minio_to_snowflake_dags.py
[2026-07-22T05:22:51.088+0000] {logging_mixin.py:188} INFO - [2026-07-22T05:22:51.087+0000] {dag.py:3089} INFO - Sync 1 DAGs
[2026-07-22T05:22:51.141+0000] {logging_mixin.py:188} INFO - [2026-07-22T05:22:51.141+0000] {dag.py:3947} INFO - Setting next_dagrun for minio_to_snowflake_banking to 2026-07-22 05:22:00+00:00, run_after=2026-07-22 05:23:00+00:00
[2026-07-22T05:22:51.182+0000] {processor.py:183} INFO - Processing /opt/airflow/dags/minio_to_snowflake_dags.py took 1.882 seconds
[2026-07-22T05:23:21.504+0000] {processor.py:161} INFO - Started process (PID=1724) to work on /opt/airflow/dags/minio_to_snowflake_dags.py
[2026-07-22T05:23:21.507+0000] {processor.py:830} INFO - Processing file /opt/airflow/dags/minio_to_snowflake_dags.py for tasks to queue
[2026-07-22T05:23:21.511+0000] {logging_mixin.py:188} INFO - [2026-07-22T05:23:21.509+0000] {dagbag.py:545} INFO - Filling up the DagBag from /opt/airflow/dags/minio_to_snowflake_dags.py
[2026-07-22T05:23:26.412+0000] {processor.py:840} INFO - DAG(s) 'minio_to_snowflake_banking' retrieved from /opt/airflow/dags/minio_to_snowflake_dags.py
[2026-07-22T05:23:26.465+0000] {logging_mixin.py:188} INFO - [2026-07-22T05:23:26.464+0000] {dag.py:3089} INFO - Sync 1 DAGs
[2026-07-22T05:23:26.508+0000] {logging_mixin.py:188} INFO - [2026-07-22T05:23:26.508+0000] {dag.py:3947} INFO - Setting next_dagrun for minio_to_snowflake_banking to 2026-07-22 05:23:00+00:00, run_after=2026-07-22 05:24:00+00:00
[2026-07-22T05:23:26.555+0000] {processor.py:183} INFO - Processing /opt/airflow/dags/minio_to_snowflake_dags.py took 5.072 seconds
[2026-07-22T05:23:57.482+0000] {processor.py:161} INFO - Started process (PID=1736) to work on /opt/airflow/dags/minio_to_snowflake_dags.py
[2026-07-22T05:23:57.486+0000] {processor.py:830} INFO - Processing file /opt/airflow/dags/minio_to_snowflake_dags.py for tasks to queue
[2026-07-22T05:23:57.490+0000] {logging_mixin.py:188} INFO - [2026-07-22T05:23:57.489+0000] {dagbag.py:545} INFO - Filling up the DagBag from /opt/airflow/dags/minio_to_snowflake_dags.py
[2026-07-22T05:23:59.147+0000] {processor.py:840} INFO - DAG(s) 'minio_to_snowflake_banking' retrieved from /opt/airflow/dags/minio_to_snowflake_dags.py
[2026-07-22T05:23:59.200+0000] {logging_mixin.py:188} INFO - [2026-07-22T05:23:59.199+0000] {dag.py:3089} INFO - Sync 1 DAGs
[2026-07-22T05:23:59.243+0000] {logging_mixin.py:188} INFO - [2026-07-22T05:23:59.243+0000] {dag.py:3947} INFO - Setting next_dagrun for minio_to_snowflake_banking to 2026-07-22 05:23:00+00:00, run_after=2026-07-22 05:24:00+00:00
[2026-07-22T05:23:59.279+0000] {processor.py:183} INFO - Processing /opt/airflow/dags/minio_to_snowflake_dags.py took 1.817 seconds
[2026-07-22T05:24:29.807+0000] {processor.py:161} INFO - Started process (PID=1801) to work on /opt/airflow/dags/minio_to_snowflake_dags.py
[2026-07-22T05:24:29.812+0000] {processor.py:830} INFO - Processing file /opt/airflow/dags/minio_to_snowflake_dags.py for tasks to queue
[2026-07-22T05:24:29.815+0000] {logging_mixin.py:188} INFO - [2026-07-22T05:24:29.813+0000] {dagbag.py:545} INFO - Filling up the DagBag from /opt/airflow/dags/minio_to_snowflake_dags.py
[2026-07-22T05:24:31.942+0000] {processor.py:840} INFO - DAG(s) 'minio_to_snowflake_banking' retrieved from /opt/airflow/dags/minio_to_snowflake_dags.py
[2026-07-22T05:24:32.011+0000] {logging_mixin.py:188} INFO - [2026-07-22T05:24:32.010+0000] {dag.py:3089} INFO - Sync 1 DAGs
[2026-07-22T05:24:32.061+0000] {logging_mixin.py:188} INFO - [2026-07-22T05:24:32.060+0000] {dag.py:3947} INFO - Setting next_dagrun for minio_to_snowflake_banking to 2026-07-22 05:24:00+00:00, run_after=2026-07-22 05:25:00+00:00
[2026-07-22T05:24:32.149+0000] {processor.py:183} INFO - Processing /opt/airflow/dags/minio_to_snowflake_dags.py took 2.361 seconds
[2026-07-22T05:25:02.631+0000] {processor.py:161} INFO - Started process (PID=1806) to work on /opt/airflow/dags/minio_to_snowflake_dags.py
[2026-07-22T05:25:02.636+0000] {processor.py:830} INFO - Processing file /opt/airflow/dags/minio_to_snowflake_dags.py for tasks to queue
[2026-07-22T05:25:02.640+0000] {logging_mixin.py:188} INFO - [2026-07-22T05:25:02.639+0000] {dagbag.py:545} INFO - Filling up the DagBag from /opt/airflow/dags/minio_to_snowflake_dags.py
[2026-07-22T05:25:05.342+0000] {processor.py:840} INFO - DAG(s) 'minio_to_snowflake_banking' retrieved from /opt/airflow/dags/minio_to_snowflake_dags.py
[2026-07-22T05:25:05.436+0000] {logging_mixin.py:188} INFO - [2026-07-22T05:25:05.435+0000] {dag.py:3089} INFO - Sync 1 DAGs
[2026-07-22T05:25:05.547+0000] {logging_mixin.py:188} INFO - [2026-07-22T05:25:05.547+0000] {dag.py:3947} INFO - Setting next_dagrun for minio_to_snowflake_banking to 2026-07-22 05:25:00+00:00, run_after=2026-07-22 05:26:00+00:00
[2026-07-22T05:25:05.666+0000] {processor.py:183} INFO - Processing /opt/airflow/dags/minio_to_snowflake_dags.py took 3.064 seconds
[2026-07-22T05:25:35.959+0000] {processor.py:161} INFO - Started process (PID=1871) to work on /opt/airflow/dags/minio_to_snowflake_dags.py
[2026-07-22T05:25:35.981+0000] {processor.py:830} INFO - Processing file /opt/airflow/dags/minio_to_snowflake_dags.py for tasks to queue
[2026-07-22T05:25:35.984+0000] {logging_mixin.py:188} INFO - [2026-07-22T05:25:35.983+0000] {dagbag.py:545} INFO - Filling up the DagBag from /opt/airflow/dags/minio_to_snowflake_dags.py
[2026-07-22T05:25:37.772+0000] {processor.py:840} INFO - DAG(s) 'minio_to_snowflake_banking' retrieved from /opt/airflow/dags/minio_to_snowflake_dags.py
[2026-07-22T05:25:37.824+0000] {logging_mixin.py:188} INFO - [2026-07-22T05:25:37.823+0000] {dag.py:3089} INFO - Sync 1 DAGs
[2026-07-22T05:25:37.872+0000] {logging_mixin.py:188} INFO - [2026-07-22T05:25:37.871+0000] {dag.py:3947} INFO - Setting next_dagrun for minio_to_snowflake_banking to 2026-07-22 05:25:00+00:00, run_after=2026-07-22 05:26:00+00:00
[2026-07-22T05:25:37.914+0000] {processor.py:183} INFO - Processing /opt/airflow/dags/minio_to_snowflake_dags.py took 1.972 seconds
[2026-07-22T05:26:08.974+0000] {processor.py:161} INFO - Started process (PID=1891) to work on /opt/airflow/dags/minio_to_snowflake_dags.py
[2026-07-22T05:26:08.977+0000] {processor.py:830} INFO - Processing file /opt/airflow/dags/minio_to_snowflake_dags.py for tasks to queue
[2026-07-22T05:26:08.980+0000] {logging_mixin.py:188} INFO - [2026-07-22T05:26:08.979+0000] {dagbag.py:545} INFO - Filling up the DagBag from /opt/airflow/dags/minio_to_snowflake_dags.py
[2026-07-22T05:26:10.750+0000] {processor.py:840} INFO - DAG(s) 'minio_to_snowflake_banking' retrieved from /opt/airflow/dags/minio_to_snowflake_dags.py
[2026-07-22T05:26:10.802+0000] {logging_mixin.py:188} INFO - [2026-07-22T05:26:10.801+0000] {dag.py:3089} INFO - Sync 1 DAGs
[2026-07-22T05:26:10.861+0000] {logging_mixin.py:188} INFO - [2026-07-22T05:26:10.860+0000] {dag.py:3947} INFO - Setting next_dagrun for minio_to_snowflake_banking to 2026-07-22 05:26:00+00:00, run_after=2026-07-22 05:27:00+00:00
[2026-07-22T05:26:10.895+0000] {processor.py:183} INFO - Processing /opt/airflow/dags/minio_to_snowflake_dags.py took 1.939 seconds
[2026-07-22T05:26:41.981+0000] {processor.py:161} INFO - Started process (PID=1940) to work on /opt/airflow/dags/minio_to_snowflake_dags.py
[2026-07-22T05:26:41.984+0000] {processor.py:830} INFO - Processing file /opt/airflow/dags/minio_to_snowflake_dags.py for tasks to queue
[2026-07-22T05:26:41.987+0000] {logging_mixin.py:188} INFO - [2026-07-22T05:26:41.986+0000] {dagbag.py:545} INFO - Filling up the DagBag from /opt/airflow/dags/minio_to_snowflake_dags.py
[2026-07-22T05:26:43.612+0000] {processor.py:840} INFO - DAG(s) 'minio_to_snowflake_banking' retrieved from /opt/airflow/dags/minio_to_snowflake_dags.py
[2026-07-22T05:26:43.689+0000] {logging_mixin.py:188} INFO - [2026-07-22T05:26:43.687+0000] {dag.py:3089} INFO - Sync 1 DAGs
[2026-07-22T05:26:43.740+0000] {logging_mixin.py:188} INFO - [2026-07-22T05:26:43.739+0000] {dag.py:3947} INFO - Setting next_dagrun for minio_to_snowflake_banking to 2026-07-22 05:26:00+00:00, run_after=2026-07-22 05:27:00+00:00
[2026-07-22T05:26:43.783+0000] {processor.py:183} INFO - Processing /opt/airflow/dags/minio_to_snowflake_dags.py took 1.818 seconds
[2026-07-22T05:27:14.001+0000] {processor.py:161} INFO - Started process (PID=1977) to work on /opt/airflow/dags/minio_to_snowflake_dags.py
[2026-07-22T05:27:14.004+0000] {processor.py:830} INFO - Processing file /opt/airflow/dags/minio_to_snowflake_dags.py for tasks to queue
[2026-07-22T05:27:14.007+0000] {logging_mixin.py:188} INFO - [2026-07-22T05:27:14.006+0000] {dagbag.py:545} INFO - Filling up the DagBag from /opt/airflow/dags/minio_to_snowflake_dags.py
[2026-07-22T05:27:16.040+0000] {processor.py:840} INFO - DAG(s) 'minio_to_snowflake_banking' retrieved from /opt/airflow/dags/minio_to_snowflake_dags.py
[2026-07-22T05:27:16.106+0000] {logging_mixin.py:188} INFO - [2026-07-22T05:27:16.104+0000] {dag.py:3089} INFO - Sync 1 DAGs
[2026-07-22T05:27:16.157+0000] {logging_mixin.py:188} INFO - [2026-07-22T05:27:16.156+0000] {dag.py:3947} INFO - Setting next_dagrun for minio_to_snowflake_banking to 2026-07-22 05:27:00+00:00, run_after=2026-07-22 05:28:00+00:00
[2026-07-22T05:27:16.201+0000] {processor.py:183} INFO - Processing /opt/airflow/dags/minio_to_snowflake_dags.py took 2.218 seconds
[2026-07-22T05:27:46.393+0000] {processor.py:161} INFO - Started process (PID=2010) to work on /opt/airflow/dags/minio_to_snowflake_dags.py
[2026-07-22T05:27:46.398+0000] {processor.py:830} INFO - Processing file /opt/airflow/dags/minio_to_snowflake_dags.py for tasks to queue
[2026-07-22T05:27:46.401+0000] {logging_mixin.py:188} INFO - [2026-07-22T05:27:46.400+0000] {dagbag.py:545} INFO - Filling up the DagBag from /opt/airflow/dags/minio_to_snowflake_dags.py
[2026-07-22T05:27:48.181+0000] {processor.py:840} INFO - DAG(s) 'minio_to_snowflake_banking' retrieved from /opt/airflow/dags/minio_to_snowflake_dags.py
[2026-07-22T05:27:48.238+0000] {logging_mixin.py:188} INFO - [2026-07-22T05:27:48.237+0000] {dag.py:3089} INFO - Sync 1 DAGs
[2026-07-22T05:27:48.291+0000] {logging_mixin.py:188} INFO - [2026-07-22T05:27:48.291+0000] {dag.py:3947} INFO - Setting next_dagrun for minio_to_snowflake_banking to 2026-07-22 05:27:00+00:00, run_after=2026-07-22 05:28:00+00:00
[2026-07-22T05:27:48.339+0000] {processor.py:183} INFO - Processing /opt/airflow/dags/minio_to_snowflake_dags.py took 1.967 seconds
[2026-07-22T05:28:19.489+0000] {processor.py:161} INFO - Started process (PID=2015) to work on /opt/airflow/dags/minio_to_snowflake_dags.py
[2026-07-22T05:28:19.493+0000] {processor.py:830} INFO - Processing file /opt/airflow/dags/minio_to_snowflake_dags.py for tasks to queue
[2026-07-22T05:28:19.496+0000] {logging_mixin.py:188} INFO - [2026-07-22T05:28:19.495+0000] {dagbag.py:545} INFO - Filling up the DagBag from /opt/airflow/dags/minio_to_snowflake_dags.py
[2026-07-22T05:28:21.332+0000] {processor.py:840} INFO - DAG(s) 'minio_to_snowflake_banking' retrieved from /opt/airflow/dags/minio_to_snowflake_dags.py
[2026-07-22T05:28:21.392+0000] {logging_mixin.py:188} INFO - [2026-07-22T05:28:21.391+0000] {dag.py:3089} INFO - Sync 1 DAGs
[2026-07-22T05:28:21.441+0000] {logging_mixin.py:188} INFO - [2026-07-22T05:28:21.440+0000] {dag.py:3947} INFO - Setting next_dagrun for minio_to_snowflake_banking to 2026-07-22 05:28:00+00:00, run_after=2026-07-22 05:29:00+00:00
[2026-07-22T05:28:21.483+0000] {processor.py:183} INFO - Processing /opt/airflow/dags/minio_to_snowflake_dags.py took 2.017 seconds
[2026-07-22T05:28:51.839+0000] {processor.py:161} INFO - Started process (PID=2080) to work on /opt/airflow/dags/minio_to_snowflake_dags.py
[2026-07-22T05:28:51.842+0000] {processor.py:830} INFO - Processing file /opt/airflow/dags/minio_to_snowflake_dags.py for tasks to queue
[2026-07-22T05:28:51.844+0000] {logging_mixin.py:188} INFO - [2026-07-22T05:28:51.843+0000] {dagbag.py:545} INFO - Filling up the DagBag from /opt/airflow/dags/minio_to_snowflake_dags.py
[2026-07-22T05:28:53.556+0000] {processor.py:840} INFO - DAG(s) 'minio_to_snowflake_banking' retrieved from /opt/airflow/dags/minio_to_snowflake_dags.py
[2026-07-22T05:28:53.607+0000] {logging_mixin.py:188} INFO - [2026-07-22T05:28:53.606+0000] {dag.py:3089} INFO - Sync 1 DAGs
[2026-07-22T05:28:53.648+0000] {logging_mixin.py:188} INFO - [2026-07-22T05:28:53.647+0000] {dag.py:3947} INFO - Setting next_dagrun for minio_to_snowflake_banking to 2026-07-22 05:28:00+00:00, run_after=2026-07-22 05:29:00+00:00
[2026-07-22T05:28:53.685+0000] {processor.py:183} INFO - Processing /opt/airflow/dags/minio_to_snowflake_dags.py took 1.864 seconds
[2026-07-22T05:29:24.135+0000] {processor.py:161} INFO - Started process (PID=2138) to work on /opt/airflow/dags/minio_to_snowflake_dags.py
[2026-07-22T05:29:24.138+0000] {processor.py:830} INFO - Processing file /opt/airflow/dags/minio_to_snowflake_dags.py for tasks to queue
[2026-07-22T05:29:24.140+0000] {logging_mixin.py:188} INFO - [2026-07-22T05:29:24.139+0000] {dagbag.py:545} INFO - Filling up the DagBag from /opt/airflow/dags/minio_to_snowflake_dags.py
[2026-07-22T05:29:28.120+0000] {processor.py:840} INFO - DAG(s) 'minio_to_snowflake_banking' retrieved from /opt/airflow/dags/minio_to_snowflake_dags.py
[2026-07-22T05:29:28.181+0000] {logging_mixin.py:188} INFO - [2026-07-22T05:29:28.180+0000] {dag.py:3089} INFO - Sync 1 DAGs
[2026-07-22T05:29:28.225+0000] {logging_mixin.py:188} INFO - [2026-07-22T05:29:28.224+0000] {dag.py:3947} INFO - Setting next_dagrun for minio_to_snowflake_banking to 2026-07-22 05:29:00+00:00, run_after=2026-07-22 05:30:00+00:00
[2026-07-22T05:29:28.261+0000] {processor.py:183} INFO - Processing /opt/airflow/dags/minio_to_snowflake_dags.py took 4.143 seconds
[2026-07-22T05:29:59.146+0000] {processor.py:161} INFO - Started process (PID=2149) to work on /opt/airflow/dags/minio_to_snowflake_dags.py
[2026-07-22T05:29:59.149+0000] {processor.py:830} INFO - Processing file /opt/airflow/dags/minio_to_snowflake_dags.py for tasks to queue
[2026-07-22T05:29:59.152+0000] {logging_mixin.py:188} INFO - [2026-07-22T05:29:59.151+0000] {dagbag.py:545} INFO - Filling up the DagBag from /opt/airflow/dags/minio_to_snowflake_dags.py
[2026-07-22T05:30:01.254+0000] {processor.py:840} INFO - DAG(s) 'minio_to_snowflake_banking' retrieved from /opt/airflow/dags/minio_to_snowflake_dags.py
[2026-07-22T05:30:01.306+0000] {logging_mixin.py:188} INFO - [2026-07-22T05:30:01.306+0000] {dag.py:3089} INFO - Sync 1 DAGs
[2026-07-22T05:30:01.352+0000] {logging_mixin.py:188} INFO - [2026-07-22T05:30:01.351+0000] {dag.py:3947} INFO - Setting next_dagrun for minio_to_snowflake_banking to 2026-07-22 05:30:00+00:00, run_after=2026-07-22 05:31:00+00:00
[2026-07-22T05:30:01.389+0000] {processor.py:183} INFO - Processing /opt/airflow/dags/minio_to_snowflake_dags.py took 2.263 seconds
[2026-07-22T05:30:32.408+0000] {processor.py:161} INFO - Started process (PID=2214) to work on /opt/airflow/dags/minio_to_snowflake_dags.py
[2026-07-22T05:30:32.412+0000] {processor.py:830} INFO - Processing file /opt/airflow/dags/minio_to_snowflake_dags.py for tasks to queue
[2026-07-22T05:30:32.415+0000] {logging_mixin.py:188} INFO - [2026-07-22T05:30:32.414+0000] {dagbag.py:545} INFO - Filling up the DagBag from /opt/airflow/dags/minio_to_snowflake_dags.py
[2026-07-22T05:30:34.031+0000] {processor.py:840} INFO - DAG(s) 'minio_to_snowflake_banking' retrieved from /opt/airflow/dags/minio_to_snowflake_dags.py
[2026-07-22T05:30:34.083+0000] {logging_mixin.py:188} INFO - [2026-07-22T05:30:34.082+0000] {dag.py:3089} INFO - Sync 1 DAGs
[2026-07-22T05:30:34.124+0000] {logging_mixin.py:188} INFO - [2026-07-22T05:30:34.124+0000] {dag.py:3947} INFO - Setting next_dagrun for minio_to_snowflake_banking to 2026-07-22 05:30:00+00:00, run_after=2026-07-22 05:31:00+00:00
[2026-07-22T05:30:34.160+0000] {processor.py:183} INFO - Processing /opt/airflow/dags/minio_to_snowflake_dags.py took 1.775 seconds
[2026-07-22T05:31:04.695+0000] {processor.py:161} INFO - Started process (PID=2219) to work on /opt/airflow/dags/minio_to_snowflake_dags.py
[2026-07-22T05:31:04.701+0000] {processor.py:830} INFO - Processing file /opt/airflow/dags/minio_to_snowflake_dags.py for tasks to queue
[2026-07-22T05:31:04.705+0000] {logging_mixin.py:188} INFO - [2026-07-22T05:31:04.704+0000] {dagbag.py:545} INFO - Filling up the DagBag from /opt/airflow/dags/minio_to_snowflake_dags.py
[2026-07-22T05:31:06.493+0000] {processor.py:840} INFO - DAG(s) 'minio_to_snowflake_banking' retrieved from /opt/airflow/dags/minio_to_snowflake_dags.py
[2026-07-22T05:31:06.548+0000] {logging_mixin.py:188} INFO - [2026-07-22T05:31:06.547+0000] {dag.py:3089} INFO - Sync 1 DAGs
[2026-07-22T05:31:06.592+0000] {logging_mixin.py:188} INFO - [2026-07-22T05:31:06.592+0000] {dag.py:3947} INFO - Setting next_dagrun for minio_to_snowflake_banking to 2026-07-22 05:31:00+00:00, run_after=2026-07-22 05:32:00+00:00
[2026-07-22T05:31:06.633+0000] {processor.py:183} INFO - Processing /opt/airflow/dags/minio_to_snowflake_dags.py took 1.973 seconds
[2026-07-22T05:31:36.896+0000] {processor.py:161} INFO - Started process (PID=2283) to work on /opt/airflow/dags/minio_to_snowflake_dags.py
[2026-07-22T05:31:36.899+0000] {processor.py:830} INFO - Processing file /opt/airflow/dags/minio_to_snowflake_dags.py for tasks to queue
[2026-07-22T05:31:36.901+0000] {logging_mixin.py:188} INFO - [2026-07-22T05:31:36.900+0000] {dagbag.py:545} INFO - Filling up the DagBag from /opt/airflow/dags/minio_to_snowflake_dags.py
[2026-07-22T05:31:38.476+0000] {processor.py:840} INFO - DAG(s) 'minio_to_snowflake_banking' retrieved from /opt/airflow/dags/minio_to_snowflake_dags.py
[2026-07-22T05:31:38.529+0000] {logging_mixin.py:188} INFO - [2026-07-22T05:31:38.528+0000] {dag.py:3089} INFO - Sync 1 DAGs
[2026-07-22T05:31:38.581+0000] {logging_mixin.py:188} INFO - [2026-07-22T05:31:38.581+0000] {dag.py:3947} INFO - Setting next_dagrun for minio_to_snowflake_banking to 2026-07-22 05:31:00+00:00, run_after=2026-07-22 05:32:00+00:00
[2026-07-22T05:31:38.624+0000] {processor.py:183} INFO - Processing /opt/airflow/dags/minio_to_snowflake_dags.py took 1.743 seconds
[2026-07-22T05:32:08.936+0000] {processor.py:161} INFO - Started process (PID=2311) to work on /opt/airflow/dags/minio_to_snowflake_dags.py
[2026-07-22T05:32:08.939+0000] {processor.py:830} INFO - Processing file /opt/airflow/dags/minio_to_snowflake_dags.py for tasks to queue
[2026-07-22T05:32:08.942+0000] {logging_mixin.py:188} INFO - [2026-07-22T05:32:08.941+0000] {dagbag.py:545} INFO - Filling up the DagBag from /opt/airflow/dags/minio_to_snowflake_dags.py
[2026-07-22T05:32:11.366+0000] {processor.py:840} INFO - DAG(s) 'minio_to_snowflake_banking' retrieved from /opt/airflow/dags/minio_to_snowflake_dags.py
[2026-07-22T05:32:11.423+0000] {logging_mixin.py:188} INFO - [2026-07-22T05:32:11.422+0000] {dag.py:3089} INFO - Sync 1 DAGs
[2026-07-22T05:32:11.472+0000] {logging_mixin.py:188} INFO - [2026-07-22T05:32:11.471+0000] {dag.py:3947} INFO - Setting next_dagrun for minio_to_snowflake_banking to 2026-07-22 05:32:00+00:00, run_after=2026-07-22 05:33:00+00:00
[2026-07-22T05:32:11.509+0000] {processor.py:183} INFO - Processing /opt/airflow/dags/minio_to_snowflake_dags.py took 2.060 seconds
[2026-07-22T05:32:57.141+0000] {processor.py:161} INFO - Started process (PID=2353) to work on /opt/airflow/dags/minio_to_snowflake_dags.py
[2026-07-22T05:32:57.145+0000] {processor.py:830} INFO - Processing file /opt/airflow/dags/minio_to_snowflake_dags.py for tasks to queue
[2026-07-22T05:32:57.149+0000] {logging_mixin.py:188} INFO - [2026-07-22T05:32:57.148+0000] {dagbag.py:545} INFO - Filling up the DagBag from /opt/airflow/dags/minio_to_snowflake_dags.py
[2026-07-22T05:32:59.123+0000] {processor.py:840} INFO - DAG(s) 'minio_to_snowflake_banking' retrieved from /opt/airflow/dags/minio_to_snowflake_dags.py
[2026-07-22T05:32:59.191+0000] {logging_mixin.py:188} INFO - [2026-07-22T05:32:59.190+0000] {dag.py:3089} INFO - Sync 1 DAGs
[2026-07-22T05:32:59.245+0000] {logging_mixin.py:188} INFO - [2026-07-22T05:32:59.244+0000] {dag.py:3947} INFO - Setting next_dagrun for minio_to_snowflake_banking to 2026-07-22 05:32:00+00:00, run_after=2026-07-22 05:33:00+00:00
[2026-07-22T05:32:59.288+0000] {processor.py:183} INFO - Processing /opt/airflow/dags/minio_to_snowflake_dags.py took 2.167 seconds
[2026-07-22T05:33:29.483+0000] {processor.py:161} INFO - Started process (PID=2418) to work on /opt/airflow/dags/minio_to_snowflake_dags.py
[2026-07-22T05:33:29.488+0000] {processor.py:830} INFO - Processing file /opt/airflow/dags/minio_to_snowflake_dags.py for tasks to queue
[2026-07-22T05:33:29.492+0000] {logging_mixin.py:188} INFO - [2026-07-22T05:33:29.491+0000] {dagbag.py:545} INFO - Filling up the DagBag from /opt/airflow/dags/minio_to_snowflake_dags.py
[2026-07-22T05:33:31.336+0000] {processor.py:840} INFO - DAG(s) 'minio_to_snowflake_banking' retrieved from /opt/airflow/dags/minio_to_snowflake_dags.py
[2026-07-22T05:33:31.443+0000] {logging_mixin.py:188} INFO - [2026-07-22T05:33:31.442+0000] {dag.py:3089} INFO - Sync 1 DAGs
[2026-07-22T05:33:31.531+0000] {logging_mixin.py:188} INFO - [2026-07-22T05:33:31.529+0000] {dag.py:3947} INFO - Setting next_dagrun for minio_to_snowflake_banking to 2026-07-22 05:33:00+00:00, run_after=2026-07-22 05:34:00+00:00
[2026-07-22T05:33:31.599+0000] {processor.py:183} INFO - Processing /opt/airflow/dags/minio_to_snowflake_dags.py took 2.139 seconds
[2026-07-22T05:34:02.753+0000] {processor.py:161} INFO - Started process (PID=2423) to work on /opt/airflow/dags/minio_to_snowflake_dags.py
[2026-07-22T05:34:02.757+0000] {processor.py:830} INFO - Processing file /opt/airflow/dags/minio_to_snowflake_dags.py for tasks to queue
[2026-07-22T05:34:02.761+0000] {logging_mixin.py:188} INFO - [2026-07-22T05:34:02.760+0000] {dagbag.py:545} INFO - Filling up the DagBag from /opt/airflow/dags/minio_to_snowflake_dags.py
[2026-07-22T05:34:04.962+0000] {processor.py:840} INFO - DAG(s) 'minio_to_snowflake_banking' retrieved from /opt/airflow/dags/minio_to_snowflake_dags.py
[2026-07-22T05:34:05.026+0000] {logging_mixin.py:188} INFO - [2026-07-22T05:34:05.025+0000] {dag.py:3089} INFO - Sync 1 DAGs
[2026-07-22T05:34:05.085+0000] {logging_mixin.py:188} INFO - [2026-07-22T05:34:05.085+0000] {dag.py:3947} INFO - Setting next_dagrun for minio_to_snowflake_banking to 2026-07-22 05:34:00+00:00, run_after=2026-07-22 05:35:00+00:00
[2026-07-22T05:34:05.128+0000] {processor.py:183} INFO - Processing /opt/airflow/dags/minio_to_snowflake_dags.py took 2.398 seconds
[2026-07-22T05:34:35.606+0000] {processor.py:161} INFO - Started process (PID=2487) to work on /opt/airflow/dags/minio_to_snowflake_dags.py
[2026-07-22T05:34:35.609+0000] {processor.py:830} INFO - Processing file /opt/airflow/dags/minio_to_snowflake_dags.py for tasks to queue
[2026-07-22T05:34:35.612+0000] {logging_mixin.py:188} INFO - [2026-07-22T05:34:35.611+0000] {dagbag.py:545} INFO - Filling up the DagBag from /opt/airflow/dags/minio_to_snowflake_dags.py
[2026-07-22T05:34:37.294+0000] {processor.py:840} INFO - DAG(s) 'minio_to_snowflake_banking' retrieved from /opt/airflow/dags/minio_to_snowflake_dags.py
[2026-07-22T05:34:37.346+0000] {logging_mixin.py:188} INFO - [2026-07-22T05:34:37.345+0000] {dag.py:3089} INFO - Sync 1 DAGs
[2026-07-22T05:34:37.388+0000] {logging_mixin.py:188} INFO - [2026-07-22T05:34:37.388+0000] {dag.py:3947} INFO - Setting next_dagrun for minio_to_snowflake_banking to 2026-07-22 05:34:00+00:00, run_after=2026-07-22 05:35:00+00:00
[2026-07-22T05:34:37.425+0000] {processor.py:183} INFO - Processing /opt/airflow/dags/minio_to_snowflake_dags.py took 1.838 seconds
[2026-07-22T05:35:07.921+0000] {processor.py:161} INFO - Started process (PID=2506) to work on /opt/airflow/dags/minio_to_snowflake_dags.py
[2026-07-22T05:35:07.925+0000] {processor.py:830} INFO - Processing file /opt/airflow/dags/minio_to_snowflake_dags.py for tasks to queue
[2026-07-22T05:35:07.933+0000] {logging_mixin.py:188} INFO - [2026-07-22T05:35:07.932+0000] {dagbag.py:545} INFO - Filling up the DagBag from /opt/airflow/dags/minio_to_snowflake_dags.py
[2026-07-22T05:35:10.815+0000] {processor.py:840} INFO - DAG(s) 'minio_to_snowflake_banking' retrieved from /opt/airflow/dags/minio_to_snowflake_dags.py
[2026-07-22T05:35:10.871+0000] {logging_mixin.py:188} INFO - [2026-07-22T05:35:10.871+0000] {dag.py:3089} INFO - Sync 1 DAGs
[2026-07-22T05:35:10.919+0000] {logging_mixin.py:188} INFO - [2026-07-22T05:35:10.918+0000] {dag.py:3947} INFO - Setting next_dagrun for minio_to_snowflake_banking to 2026-07-22 05:35:00+00:00, run_after=2026-07-22 05:36:00+00:00
[2026-07-22T05:35:10.977+0000] {processor.py:183} INFO - Processing /opt/airflow/dags/minio_to_snowflake_dags.py took 3.077 seconds
[2026-07-22T05:35:41.249+0000] {processor.py:161} INFO - Started process (PID=2556) to work on /opt/airflow/dags/minio_to_snowflake_dags.py
[2026-07-22T05:35:41.252+0000] {processor.py:830} INFO - Processing file /opt/airflow/dags/minio_to_snowflake_dags.py for tasks to queue
[2026-07-22T05:35:41.255+0000] {logging_mixin.py:188} INFO - [2026-07-22T05:35:41.254+0000] {dagbag.py:545} INFO - Filling up the DagBag from /opt/airflow/dags/minio_to_snowflake_dags.py
[2026-07-22T05:35:43.101+0000] {processor.py:840} INFO - DAG(s) 'minio_to_snowflake_banking' retrieved from /opt/airflow/dags/minio_to_snowflake_dags.py
[2026-07-22T05:35:43.155+0000] {logging_mixin.py:188} INFO - [2026-07-22T05:35:43.154+0000] {dag.py:3089} INFO - Sync 1 DAGs
[2026-07-22T05:35:43.199+0000] {logging_mixin.py:188} INFO - [2026-07-22T05:35:43.199+0000] {dag.py:3947} INFO - Setting next_dagrun for minio_to_snowflake_banking to 2026-07-22 05:35:00+00:00, run_after=2026-07-22 05:36:00+00:00
[2026-07-22T05:35:43.237+0000] {processor.py:183} INFO - Processing /opt/airflow/dags/minio_to_snowflake_dags.py took 2.005 seconds
[2026-07-22T05:36:14.260+0000] {processor.py:161} INFO - Started process (PID=2593) to work on /opt/airflow/dags/minio_to_snowflake_dags.py
[2026-07-22T05:36:14.263+0000] {processor.py:830} INFO - Processing file /opt/airflow/dags/minio_to_snowflake_dags.py for tasks to queue
[2026-07-22T05:36:14.266+0000] {logging_mixin.py:188} INFO - [2026-07-22T05:36:14.265+0000] {dagbag.py:545} INFO - Filling up the DagBag from /opt/airflow/dags/minio_to_snowflake_dags.py
[2026-07-22T05:36:15.978+0000] {processor.py:840} INFO - DAG(s) 'minio_to_snowflake_banking' retrieved from /opt/airflow/dags/minio_to_snowflake_dags.py
[2026-07-22T05:36:16.034+0000] {logging_mixin.py:188} INFO - [2026-07-22T05:36:16.034+0000] {dag.py:3089} INFO - Sync 1 DAGs
[2026-07-22T05:36:16.079+0000] {logging_mixin.py:188} INFO - [2026-07-22T05:36:16.078+0000] {dag.py:3947} INFO - Setting next_dagrun for minio_to_snowflake_banking to 2026-07-22 05:36:00+00:00, run_after=2026-07-22 05:37:00+00:00
[2026-07-22T05:36:16.114+0000] {processor.py:183} INFO - Processing /opt/airflow/dags/minio_to_snowflake_dags.py took 1.880 seconds
[2026-07-22T05:36:46.275+0000] {processor.py:161} INFO - Started process (PID=2626) to work on /opt/airflow/dags/minio_to_snowflake_dags.py
[2026-07-22T05:36:46.278+0000] {processor.py:830} INFO - Processing file /opt/airflow/dags/minio_to_snowflake_dags.py for tasks to queue
[2026-07-22T05:36:46.281+0000] {logging_mixin.py:188} INFO - [2026-07-22T05:36:46.280+0000] {dagbag.py:545} INFO - Filling up the DagBag from /opt/airflow/dags/minio_to_snowflake_dags.py
[2026-07-22T05:36:47.835+0000] {processor.py:840} INFO - DAG(s) 'minio_to_snowflake_banking' retrieved from /opt/airflow/dags/minio_to_snowflake_dags.py
[2026-07-22T05:36:47.887+0000] {logging_mixin.py:188} INFO - [2026-07-22T05:36:47.886+0000] {dag.py:3089} INFO - Sync 1 DAGs
[2026-07-22T05:36:47.932+0000] {logging_mixin.py:188} INFO - [2026-07-22T05:36:47.931+0000] {dag.py:3947} INFO - Setting next_dagrun for minio_to_snowflake_banking to 2026-07-22 05:36:00+00:00, run_after=2026-07-22 05:37:00+00:00
[2026-07-22T05:36:47.969+0000] {processor.py:183} INFO - Processing /opt/airflow/dags/minio_to_snowflake_dags.py took 1.711 seconds
[2026-07-22T05:37:18.465+0000] {processor.py:161} INFO - Started process (PID=2677) to work on /opt/airflow/dags/minio_to_snowflake_dags.py
[2026-07-22T05:37:18.470+0000] {processor.py:830} INFO - Processing file /opt/airflow/dags/minio_to_snowflake_dags.py for tasks to queue
[2026-07-22T05:37:18.474+0000] {logging_mixin.py:188} INFO - [2026-07-22T05:37:18.472+0000] {dagbag.py:545} INFO - Filling up the DagBag from /opt/airflow/dags/minio_to_snowflake_dags.py
[2026-07-22T05:37:22.579+0000] {processor.py:840} INFO - DAG(s) 'minio_to_snowflake_banking' retrieved from /opt/airflow/dags/minio_to_snowflake_dags.py
[2026-07-22T05:37:22.752+0000] {logging_mixin.py:188} INFO - [2026-07-22T05:37:22.751+0000] {dag.py:3089} INFO - Sync 1 DAGs
[2026-07-22T05:37:22.857+0000] {logging_mixin.py:188} INFO - [2026-07-22T05:37:22.857+0000] {dag.py:3947} INFO - Setting next_dagrun for minio_to_snowflake_banking to 2026-07-22 05:37:00+00:00, run_after=2026-07-22 05:38:00+00:00
[2026-07-22T05:37:22.930+0000] {processor.py:183} INFO - Processing /opt/airflow/dags/minio_to_snowflake_dags.py took 3.608 seconds
[2026-07-22T05:37:53.475+0000] {processor.py:161} INFO - Started process (PID=2695) to work on /opt/airflow/dags/minio_to_snowflake_dags.py
[2026-07-22T05:37:53.479+0000] {processor.py:830} INFO - Processing file /opt/airflow/dags/minio_to_snowflake_dags.py for tasks to queue
[2026-07-22T05:37:53.482+0000] {logging_mixin.py:188} INFO - [2026-07-22T05:37:53.481+0000] {dagbag.py:545} INFO - Filling up the DagBag from /opt/airflow/dags/minio_to_snowflake_dags.py
[2026-07-22T05:37:55.349+0000] {processor.py:840} INFO - DAG(s) 'minio_to_snowflake_banking' retrieved from /opt/airflow/dags/minio_to_snowflake_dags.py
[2026-07-22T05:37:55.412+0000] {logging_mixin.py:188} INFO - [2026-07-22T05:37:55.411+0000] {dag.py:3089} INFO - Sync 1 DAGs
[2026-07-22T05:37:55.485+0000] {logging_mixin.py:188} INFO - [2026-07-22T05:37:55.485+0000] {dag.py:3947} INFO - Setting next_dagrun for minio_to_snowflake_banking to 2026-07-22 05:37:00+00:00, run_after=2026-07-22 05:38:00+00:00
[2026-07-22T05:37:55.526+0000] {processor.py:183} INFO - Processing /opt/airflow/dags/minio_to_snowflake_dags.py took 2.083 seconds
[2026-07-22T05:38:26.439+0000] {processor.py:161} INFO - Started process (PID=2761) to work on /opt/airflow/dags/minio_to_snowflake_dags.py
[2026-07-22T05:38:26.441+0000] {processor.py:830} INFO - Processing file /opt/airflow/dags/minio_to_snowflake_dags.py for tasks to queue
[2026-07-22T05:38:26.444+0000] {logging_mixin.py:188} INFO - [2026-07-22T05:38:26.443+0000] {dagbag.py:545} INFO - Filling up the DagBag from /opt/airflow/dags/minio_to_snowflake_dags.py
[2026-07-22T05:38:27.947+0000] {processor.py:840} INFO - DAG(s) 'minio_to_snowflake_banking' retrieved from /opt/airflow/dags/minio_to_snowflake_dags.py
[2026-07-22T05:38:28.010+0000] {logging_mixin.py:188} INFO - [2026-07-22T05:38:28.008+0000] {dag.py:3089} INFO - Sync 1 DAGs
[2026-07-22T05:38:28.067+0000] {logging_mixin.py:188} INFO - [2026-07-22T05:38:28.066+0000] {dag.py:3947} INFO - Setting next_dagrun for minio_to_snowflake_banking to 2026-07-22 05:38:00+00:00, run_after=2026-07-22 05:39:00+00:00
[2026-07-22T05:38:28.110+0000] {processor.py:183} INFO - Processing /opt/airflow/dags/minio_to_snowflake_dags.py took 1.685 seconds
[2026-07-22T05:38:58.426+0000] {processor.py:161} INFO - Started process (PID=2765) to work on /opt/airflow/dags/minio_to_snowflake_dags.py
[2026-07-22T05:38:58.429+0000] {processor.py:830} INFO - Processing file /opt/airflow/dags/minio_to_snowflake_dags.py for tasks to queue
[2026-07-22T05:38:58.432+0000] {logging_mixin.py:188} INFO - [2026-07-22T05:38:58.431+0000] {dagbag.py:545} INFO - Filling up the DagBag from /opt/airflow/dags/minio_to_snowflake_dags.py
[2026-07-22T05:39:00.243+0000] {processor.py:840} INFO - DAG(s) 'minio_to_snowflake_banking' retrieved from /opt/airflow/dags/minio_to_snowflake_dags.py
[2026-07-22T05:39:00.308+0000] {logging_mixin.py:188} INFO - [2026-07-22T05:39:00.307+0000] {dag.py:3089} INFO - Sync 1 DAGs
[2026-07-22T05:39:00.366+0000] {logging_mixin.py:188} INFO - [2026-07-22T05:39:00.365+0000] {dag.py:3947} INFO - Setting next_dagrun for minio_to_snowflake_banking to 2026-07-22 05:39:00+00:00, run_after=2026-07-22 05:40:00+00:00
[2026-07-22T05:39:00.409+0000] {processor.py:183} INFO - Processing /opt/airflow/dags/minio_to_snowflake_dags.py took 2.001 seconds
[2026-07-22T05:39:30.610+0000] {processor.py:161} INFO - Started process (PID=2831) to work on /opt/airflow/dags/minio_to_snowflake_dags.py
[2026-07-22T05:39:30.613+0000] {processor.py:830} INFO - Processing file /opt/airflow/dags/minio_to_snowflake_dags.py for tasks to queue
[2026-07-22T05:39:30.616+0000] {logging_mixin.py:188} INFO - [2026-07-22T05:39:30.615+0000] {dagbag.py:545} INFO - Filling up the DagBag from /opt/airflow/dags/minio_to_snowflake_dags.py
[2026-07-22T05:39:32.292+0000] {processor.py:840} INFO - DAG(s) 'minio_to_snowflake_banking' retrieved from /opt/airflow/dags/minio_to_snowflake_dags.py
[2026-07-22T05:39:32.352+0000] {logging_mixin.py:188} INFO - [2026-07-22T05:39:32.351+0000] {dag.py:3089} INFO - Sync 1 DAGs
[2026-07-22T05:39:32.398+0000] {logging_mixin.py:188} INFO - [2026-07-22T05:39:32.398+0000] {dag.py:3947} INFO - Setting next_dagrun for minio_to_snowflake_banking to 2026-07-22 05:39:00+00:00, run_after=2026-07-22 05:40:00+00:00
[2026-07-22T05:39:32.438+0000] {processor.py:183} INFO - Processing /opt/airflow/dags/minio_to_snowflake_dags.py took 1.843 seconds
[2026-07-22T05:40:03.546+0000] {processor.py:161} INFO - Started process (PID=2836) to work on /opt/airflow/dags/minio_to_snowflake_dags.py
[2026-07-22T05:40:03.549+0000] {processor.py:830} INFO - Processing file /opt/airflow/dags/minio_to_snowflake_dags.py for tasks to queue
[2026-07-22T05:40:03.552+0000] {logging_mixin.py:188} INFO - [2026-07-22T05:40:03.551+0000] {dagbag.py:545} INFO - Filling up the DagBag from /opt/airflow/dags/minio_to_snowflake_dags.py
[2026-07-22T05:40:05.308+0000] {processor.py:840} INFO - DAG(s) 'minio_to_snowflake_banking' retrieved from /opt/airflow/dags/minio_to_snowflake_dags.py
[2026-07-22T05:40:05.358+0000] {logging_mixin.py:188} INFO - [2026-07-22T05:40:05.357+0000] {dag.py:3089} INFO - Sync 1 DAGs
[2026-07-22T05:40:05.400+0000] {logging_mixin.py:188} INFO - [2026-07-22T05:40:05.400+0000] {dag.py:3947} INFO - Setting next_dagrun for minio_to_snowflake_banking to 2026-07-22 05:40:00+00:00, run_after=2026-07-22 05:41:00+00:00
[2026-07-22T05:40:05.438+0000] {processor.py:183} INFO - Processing /opt/airflow/dags/minio_to_snowflake_dags.py took 1.914 seconds
[2026-07-22T05:40:36.412+0000] {processor.py:161} INFO - Started process (PID=2901) to work on /opt/airflow/dags/minio_to_snowflake_dags.py
[2026-07-22T05:40:36.415+0000] {processor.py:830} INFO - Processing file /opt/airflow/dags/minio_to_snowflake_dags.py for tasks to queue
[2026-07-22T05:40:36.418+0000] {logging_mixin.py:188} INFO - [2026-07-22T05:40:36.417+0000] {dagbag.py:545} INFO - Filling up the DagBag from /opt/airflow/dags/minio_to_snowflake_dags.py
[2026-07-22T05:40:38.172+0000] {processor.py:840} INFO - DAG(s) 'minio_to_snowflake_banking' retrieved from /opt/airflow/dags/minio_to_snowflake_dags.py
[2026-07-22T05:40:38.236+0000] {logging_mixin.py:188} INFO - [2026-07-22T05:40:38.235+0000] {dag.py:3089} INFO - Sync 1 DAGs
[2026-07-22T05:40:38.286+0000] {logging_mixin.py:188} INFO - [2026-07-22T05:40:38.286+0000] {dag.py:3947} INFO - Setting next_dagrun for minio_to_snowflake_banking to 2026-07-22 05:40:00+00:00, run_after=2026-07-22 05:41:00+00:00
[2026-07-22T05:40:38.334+0000] {processor.py:183} INFO - Processing /opt/airflow/dags/minio_to_snowflake_dags.py took 1.939 seconds
[2026-07-22T05:41:09.422+0000] {processor.py:161} INFO - Started process (PID=2921) to work on /opt/airflow/dags/minio_to_snowflake_dags.py
[2026-07-22T05:41:09.425+0000] {processor.py:830} INFO - Processing file /opt/airflow/dags/minio_to_snowflake_dags.py for tasks to queue
[2026-07-22T05:41:09.429+0000] {logging_mixin.py:188} INFO - [2026-07-22T05:41:09.427+0000] {dagbag.py:545} INFO - Filling up the DagBag from /opt/airflow/dags/minio_to_snowflake_dags.py
[2026-07-22T05:41:11.101+0000] {processor.py:840} INFO - DAG(s) 'minio_to_snowflake_banking' retrieved from /opt/airflow/dags/minio_to_snowflake_dags.py
[2026-07-22T05:41:11.149+0000] {logging_mixin.py:188} INFO - [2026-07-22T05:41:11.148+0000] {dag.py:3089} INFO - Sync 1 DAGs
[2026-07-22T05:41:11.192+0000] {logging_mixin.py:188} INFO - [2026-07-22T05:41:11.191+0000] {dag.py:3947} INFO - Setting next_dagrun for minio_to_snowflake_banking to 2026-07-22 05:41:00+00:00, run_after=2026-07-22 05:42:00+00:00
[2026-07-22T05:41:11.227+0000] {processor.py:183} INFO - Processing /opt/airflow/dags/minio_to_snowflake_dags.py took 1.825 seconds
[2026-07-22T05:41:41.397+0000] {processor.py:161} INFO - Started process (PID=2971) to work on /opt/airflow/dags/minio_to_snowflake_dags.py
[2026-07-22T05:41:41.400+0000] {processor.py:830} INFO - Processing file /opt/airflow/dags/minio_to_snowflake_dags.py for tasks to queue
[2026-07-22T05:41:41.404+0000] {logging_mixin.py:188} INFO - [2026-07-22T05:41:41.403+0000] {dagbag.py:545} INFO - Filling up the DagBag from /opt/airflow/dags/minio_to_snowflake_dags.py
[2026-07-22T05:41:43.269+0000] {processor.py:840} INFO - DAG(s) 'minio_to_snowflake_banking' retrieved from /opt/airflow/dags/minio_to_snowflake_dags.py
[2026-07-22T05:41:43.389+0000] {logging_mixin.py:188} INFO - [2026-07-22T05:41:43.387+0000] {dag.py:3089} INFO - Sync 1 DAGs
[2026-07-22T05:41:43.501+0000] {logging_mixin.py:188} INFO - [2026-07-22T05:41:43.501+0000] {dag.py:3947} INFO - Setting next_dagrun for minio_to_snowflake_banking to 2026-07-22 05:41:00+00:00, run_after=2026-07-22 05:42:00+00:00
[2026-07-22T05:41:43.565+0000] {processor.py:183} INFO - Processing /opt/airflow/dags/minio_to_snowflake_dags.py took 2.188 seconds
[2026-07-22T05:42:14.416+0000] {processor.py:161} INFO - Started process (PID=3008) to work on /opt/airflow/dags/minio_to_snowflake_dags.py
[2026-07-22T05:42:14.421+0000] {processor.py:830} INFO - Processing file /opt/airflow/dags/minio_to_snowflake_dags.py for tasks to queue
[2026-07-22T05:42:14.425+0000] {logging_mixin.py:188} INFO - [2026-07-22T05:42:14.423+0000] {dagbag.py:545} INFO - Filling up the DagBag from /opt/airflow/dags/minio_to_snowflake_dags.py
[2026-07-22T05:42:16.756+0000] {processor.py:840} INFO - DAG(s) 'minio_to_snowflake_banking' retrieved from /opt/airflow/dags/minio_to_snowflake_dags.py
[2026-07-22T05:42:16.815+0000] {logging_mixin.py:188} INFO - [2026-07-22T05:42:16.815+0000] {dag.py:3089} INFO - Sync 1 DAGs
[2026-07-22T05:42:16.862+0000] {logging_mixin.py:188} INFO - [2026-07-22T05:42:16.862+0000] {dag.py:3947} INFO - Setting next_dagrun for minio_to_snowflake_banking to 2026-07-22 05:42:00+00:00, run_after=2026-07-22 05:43:00+00:00
[2026-07-22T05:42:16.903+0000] {processor.py:183} INFO - Processing /opt/airflow/dags/minio_to_snowflake_dags.py took 2.515 seconds
[2026-07-22T05:42:47.467+0000] {processor.py:161} INFO - Started process (PID=3041) to work on /opt/airflow/dags/minio_to_snowflake_dags.py
[2026-07-22T05:42:47.469+0000] {processor.py:830} INFO - Processing file /opt/airflow/dags/minio_to_snowflake_dags.py for tasks to queue
[2026-07-22T05:42:47.472+0000] {logging_mixin.py:188} INFO - [2026-07-22T05:42:47.471+0000] {dagbag.py:545} INFO - Filling up the DagBag from /opt/airflow/dags/minio_to_snowflake_dags.py
[2026-07-22T05:42:49.387+0000] {processor.py:840} INFO - DAG(s) 'minio_to_snowflake_banking' retrieved from /opt/airflow/dags/minio_to_snowflake_dags.py
[2026-07-22T05:42:49.448+0000] {logging_mixin.py:188} INFO - [2026-07-22T05:42:49.447+0000] {dag.py:3089} INFO - Sync 1 DAGs
[2026-07-22T05:42:49.499+0000] {logging_mixin.py:188} INFO - [2026-07-22T05:42:49.499+0000] {dag.py:3947} INFO - Setting next_dagrun for minio_to_snowflake_banking to 2026-07-22 05:42:00+00:00, run_after=2026-07-22 05:43:00+00:00
[2026-07-22T05:42:49.542+0000] {processor.py:183} INFO - Processing /opt/airflow/dags/minio_to_snowflake_dags.py took 2.095 seconds
[2026-07-22T05:43:19.914+0000] {processor.py:161} INFO - Started process (PID=3092) to work on /opt/airflow/dags/minio_to_snowflake_dags.py
[2026-07-22T05:43:19.919+0000] {processor.py:830} INFO - Processing file /opt/airflow/dags/minio_to_snowflake_dags.py for tasks to queue
[2026-07-22T05:43:19.923+0000] {logging_mixin.py:188} INFO - [2026-07-22T05:43:19.921+0000] {dagbag.py:545} INFO - Filling up the DagBag from /opt/airflow/dags/minio_to_snowflake_dags.py
[2026-07-22T05:43:22.535+0000] {processor.py:840} INFO - DAG(s) 'minio_to_snowflake_banking' retrieved from /opt/airflow/dags/minio_to_snowflake_dags.py
[2026-07-22T05:43:22.741+0000] {logging_mixin.py:188} INFO - [2026-07-22T05:43:22.739+0000] {dag.py:3089} INFO - Sync 1 DAGs
[2026-07-22T05:43:22.875+0000] {logging_mixin.py:188} INFO - [2026-07-22T05:43:22.875+0000] {dag.py:3947} INFO - Setting next_dagrun for minio_to_snowflake_banking to 2026-07-22 05:43:00+00:00, run_after=2026-07-22 05:44:00+00:00
[2026-07-22T05:43:22.957+0000] {processor.py:183} INFO - Processing /opt/airflow/dags/minio_to_snowflake_dags.py took 3.074 seconds
[2026-07-22T05:43:53.157+0000] {processor.py:161} INFO - Started process (PID=3111) to work on /opt/airflow/dags/minio_to_snowflake_dags.py
[2026-07-22T05:43:53.162+0000] {processor.py:830} INFO - Processing file /opt/airflow/dags/minio_to_snowflake_dags.py for tasks to queue
[2026-07-22T05:43:53.166+0000] {logging_mixin.py:188} INFO - [2026-07-22T05:43:53.165+0000] {dagbag.py:545} INFO - Filling up the DagBag from /opt/airflow/dags/minio_to_snowflake_dags.py
[2026-07-22T05:43:55.486+0000] {processor.py:840} INFO - DAG(s) 'minio_to_snowflake_banking' retrieved from /opt/airflow/dags/minio_to_snowflake_dags.py
[2026-07-22T05:43:55.560+0000] {logging_mixin.py:188} INFO - [2026-07-22T05:43:55.559+0000] {dag.py:3089} INFO - Sync 1 DAGs
[2026-07-22T05:43:55.627+0000] {logging_mixin.py:188} INFO - [2026-07-22T05:43:55.626+0000] {dag.py:3947} INFO - Setting next_dagrun for minio_to_snowflake_banking to 2026-07-22 05:43:00+00:00, run_after=2026-07-22 05:44:00+00:00
[2026-07-22T05:43:55.677+0000] {processor.py:183} INFO - Processing /opt/airflow/dags/minio_to_snowflake_dags.py took 2.548 seconds
[2026-07-22T05:44:26.198+0000] {processor.py:161} INFO - Started process (PID=3169) to work on /opt/airflow/dags/minio_to_snowflake_dags.py
[2026-07-22T05:44:26.203+0000] {processor.py:830} INFO - Processing file /opt/airflow/dags/minio_to_snowflake_dags.py for tasks to queue
[2026-07-22T05:44:26.207+0000] {logging_mixin.py:188} INFO - [2026-07-22T05:44:26.206+0000] {dagbag.py:545} INFO - Filling up the DagBag from /opt/airflow/dags/minio_to_snowflake_dags.py
[2026-07-22T05:44:28.675+0000] {processor.py:840} INFO - DAG(s) 'minio_to_snowflake_banking' retrieved from /opt/airflow/dags/minio_to_snowflake_dags.py
[2026-07-22T05:44:28.837+0000] {logging_mixin.py:188} INFO - [2026-07-22T05:44:28.836+0000] {dag.py:3089} INFO - Sync 1 DAGs
[2026-07-22T05:44:28.984+0000] {logging_mixin.py:188} INFO - [2026-07-22T05:44:28.984+0000] {dag.py:3947} INFO - Setting next_dagrun for minio_to_snowflake_banking to 2026-07-22 05:44:00+00:00, run_after=2026-07-22 05:45:00+00:00
[2026-07-22T05:44:29.025+0000] {processor.py:183} INFO - Processing /opt/airflow/dags/minio_to_snowflake_dags.py took 2.853 seconds
[2026-07-22T05:44:59.610+0000] {processor.py:161} INFO - Started process (PID=3180) to work on /opt/airflow/dags/minio_to_snowflake_dags.py
[2026-07-22T05:44:59.613+0000] {processor.py:830} INFO - Processing file /opt/airflow/dags/minio_to_snowflake_dags.py for tasks to queue
[2026-07-22T05:44:59.616+0000] {logging_mixin.py:188} INFO - [2026-07-22T05:44:59.615+0000] {dagbag.py:545} INFO - Filling up the DagBag from /opt/airflow/dags/minio_to_snowflake_dags.py
[2026-07-22T05:45:01.693+0000] {processor.py:840} INFO - DAG(s) 'minio_to_snowflake_banking' retrieved from /opt/airflow/dags/minio_to_snowflake_dags.py
[2026-07-22T05:45:01.767+0000] {logging_mixin.py:188} INFO - [2026-07-22T05:45:01.765+0000] {dag.py:3089} INFO - Sync 1 DAGs
[2026-07-22T05:45:01.840+0000] {logging_mixin.py:188} INFO - [2026-07-22T05:45:01.839+0000] {dag.py:3947} INFO - Setting next_dagrun for minio_to_snowflake_banking to 2026-07-22 05:45:00+00:00, run_after=2026-07-22 05:46:00+00:00
[2026-07-22T05:45:01.891+0000] {processor.py:183} INFO - Processing /opt/airflow/dags/minio_to_snowflake_dags.py took 2.317 seconds
[2026-07-22T05:45:32.835+0000] {processor.py:161} INFO - Started process (PID=3245) to work on /opt/airflow/dags/minio_to_snowflake_dags.py
[2026-07-22T05:45:32.838+0000] {processor.py:830} INFO - Processing file /opt/airflow/dags/minio_to_snowflake_dags.py for tasks to queue
[2026-07-22T05:45:32.841+0000] {logging_mixin.py:188} INFO - [2026-07-22T05:45:32.840+0000] {dagbag.py:545} INFO - Filling up the DagBag from /opt/airflow/dags/minio_to_snowflake_dags.py
[2026-07-22T05:45:34.373+0000] {processor.py:840} INFO - DAG(s) 'minio_to_snowflake_banking' retrieved from /opt/airflow/dags/minio_to_snowflake_dags.py
[2026-07-22T05:45:34.435+0000] {logging_mixin.py:188} INFO - [2026-07-22T05:45:34.434+0000] {dag.py:3089} INFO - Sync 1 DAGs
[2026-07-22T05:45:34.516+0000] {logging_mixin.py:188} INFO - [2026-07-22T05:45:34.515+0000] {dag.py:3947} INFO - Setting next_dagrun for minio_to_snowflake_banking to 2026-07-22 05:45:00+00:00, run_after=2026-07-22 05:46:00+00:00
[2026-07-22T05:45:34.568+0000] {processor.py:183} INFO - Processing /opt/airflow/dags/minio_to_snowflake_dags.py took 1.749 seconds
[2026-07-22T05:46:04.963+0000] {processor.py:161} INFO - Started process (PID=3250) to work on /opt/airflow/dags/minio_to_snowflake_dags.py
[2026-07-22T05:46:04.966+0000] {processor.py:830} INFO - Processing file /opt/airflow/dags/minio_to_snowflake_dags.py for tasks to queue
[2026-07-22T05:46:04.969+0000] {logging_mixin.py:188} INFO - [2026-07-22T05:46:04.968+0000] {dagbag.py:545} INFO - Filling up the DagBag from /opt/airflow/dags/minio_to_snowflake_dags.py
[2026-07-22T05:46:06.843+0000] {processor.py:840} INFO - DAG(s) 'minio_to_snowflake_banking' retrieved from /opt/airflow/dags/minio_to_snowflake_dags.py
[2026-07-22T05:46:06.897+0000] {logging_mixin.py:188} INFO - [2026-07-22T05:46:06.896+0000] {dag.py:3089} INFO - Sync 1 DAGs
[2026-07-22T05:46:06.944+0000] {logging_mixin.py:188} INFO - [2026-07-22T05:46:06.943+0000] {dag.py:3947} INFO - Setting next_dagrun for minio_to_snowflake_banking to 2026-07-22 05:46:00+00:00, run_after=2026-07-22 05:47:00+00:00
[2026-07-22T05:46:06.981+0000] {processor.py:183} INFO - Processing /opt/airflow/dags/minio_to_snowflake_dags.py took 2.034 seconds
[2026-07-22T05:46:37.902+0000] {processor.py:161} INFO - Started process (PID=3314) to work on /opt/airflow/dags/minio_to_snowflake_dags.py
[2026-07-22T05:46:37.905+0000] {processor.py:830} INFO - Processing file /opt/airflow/dags/minio_to_snowflake_dags.py for tasks to queue
[2026-07-22T05:46:37.907+0000] {logging_mixin.py:188} INFO - [2026-07-22T05:46:37.907+0000] {dagbag.py:545} INFO - Filling up the DagBag from /opt/airflow/dags/minio_to_snowflake_dags.py
[2026-07-22T05:46:39.541+0000] {processor.py:840} INFO - DAG(s) 'minio_to_snowflake_banking' retrieved from /opt/airflow/dags/minio_to_snowflake_dags.py
[2026-07-22T05:46:39.597+0000] {logging_mixin.py:188} INFO - [2026-07-22T05:46:39.596+0000] {dag.py:3089} INFO - Sync 1 DAGs
[2026-07-22T05:46:39.641+0000] {logging_mixin.py:188} INFO - [2026-07-22T05:46:39.641+0000] {dag.py:3947} INFO - Setting next_dagrun for minio_to_snowflake_banking to 2026-07-22 05:46:00+00:00, run_after=2026-07-22 05:47:00+00:00
[2026-07-22T05:46:39.685+0000] {processor.py:183} INFO - Processing /opt/airflow/dags/minio_to_snowflake_dags.py took 1.799 seconds
[2026-07-22T05:47:10.257+0000] {processor.py:161} INFO - Started process (PID=3351) to work on /opt/airflow/dags/minio_to_snowflake_dags.py
[2026-07-22T05:47:10.259+0000] {processor.py:830} INFO - Processing file /opt/airflow/dags/minio_to_snowflake_dags.py for tasks to queue
[2026-07-22T05:47:10.262+0000] {logging_mixin.py:188} INFO - [2026-07-22T05:47:10.261+0000] {dagbag.py:545} INFO - Filling up the DagBag from /opt/airflow/dags/minio_to_snowflake_dags.py
[2026-07-22T05:47:11.697+0000] {processor.py:840} INFO - DAG(s) 'minio_to_snowflake_banking' retrieved from /opt/airflow/dags/minio_to_snowflake_dags.py
[2026-07-22T05:47:11.745+0000] {logging_mixin.py:188} INFO - [2026-07-22T05:47:11.744+0000] {dag.py:3089} INFO - Sync 1 DAGs
[2026-07-22T05:47:11.793+0000] {logging_mixin.py:188} INFO - [2026-07-22T05:47:11.793+0000] {dag.py:3947} INFO - Setting next_dagrun for minio_to_snowflake_banking to 2026-07-22 05:47:00+00:00, run_after=2026-07-22 05:48:00+00:00
[2026-07-22T05:47:11.828+0000] {processor.py:183} INFO - Processing /opt/airflow/dags/minio_to_snowflake_dags.py took 1.589 seconds
[2026-07-22T05:47:42.206+0000] {processor.py:161} INFO - Started process (PID=3384) to work on /opt/airflow/dags/minio_to_snowflake_dags.py
[2026-07-22T05:47:42.208+0000] {processor.py:830} INFO - Processing file /opt/airflow/dags/minio_to_snowflake_dags.py for tasks to queue
[2026-07-22T05:47:42.211+0000] {logging_mixin.py:188} INFO - [2026-07-22T05:47:42.210+0000] {dagbag.py:545} INFO - Filling up the DagBag from /opt/airflow/dags/minio_to_snowflake_dags.py
[2026-07-22T05:47:43.847+0000] {processor.py:840} INFO - DAG(s) 'minio_to_snowflake_banking' retrieved from /opt/airflow/dags/minio_to_snowflake_dags.py
[2026-07-22T05:47:43.909+0000] {logging_mixin.py:188} INFO - [2026-07-22T05:47:43.909+0000] {dag.py:3089} INFO - Sync 1 DAGs
[2026-07-22T05:47:43.954+0000] {logging_mixin.py:188} INFO - [2026-07-22T05:47:43.954+0000] {dag.py:3947} INFO - Setting next_dagrun for minio_to_snowflake_banking to 2026-07-22 05:47:00+00:00, run_after=2026-07-22 05:48:00+00:00
[2026-07-22T05:47:43.995+0000] {processor.py:183} INFO - Processing /opt/airflow/dags/minio_to_snowflake_dags.py took 1.805 seconds
[2026-07-22T05:48:14.195+0000] {processor.py:161} INFO - Started process (PID=3421) to work on /opt/airflow/dags/minio_to_snowflake_dags.py
[2026-07-22T05:48:14.199+0000] {processor.py:830} INFO - Processing file /opt/airflow/dags/minio_to_snowflake_dags.py for tasks to queue
[2026-07-22T05:48:14.203+0000] {logging_mixin.py:188} INFO - [2026-07-22T05:48:14.202+0000] {dagbag.py:545} INFO - Filling up the DagBag from /opt/airflow/dags/minio_to_snowflake_dags.py
[2026-07-22T05:48:16.040+0000] {processor.py:840} INFO - DAG(s) 'minio_to_snowflake_banking' retrieved from /opt/airflow/dags/minio_to_snowflake_dags.py
[2026-07-22T05:48:16.092+0000] {logging_mixin.py:188} INFO - [2026-07-22T05:48:16.092+0000] {dag.py:3089} INFO - Sync 1 DAGs
[2026-07-22T05:48:16.140+0000] {logging_mixin.py:188} INFO - [2026-07-22T05:48:16.139+0000] {dag.py:3947} INFO - Setting next_dagrun for minio_to_snowflake_banking to 2026-07-22 05:48:00+00:00, run_after=2026-07-22 05:49:00+00:00
[2026-07-22T05:48:16.177+0000] {processor.py:183} INFO - Processing /opt/airflow/dags/minio_to_snowflake_dags.py took 2.005 seconds
[2026-07-22T05:48:47.162+0000] {processor.py:161} INFO - Started process (PID=3453) to work on /opt/airflow/dags/minio_to_snowflake_dags.py
[2026-07-22T05:48:47.165+0000] {processor.py:830} INFO - Processing file /opt/airflow/dags/minio_to_snowflake_dags.py for tasks to queue
[2026-07-22T05:48:47.167+0000] {logging_mixin.py:188} INFO - [2026-07-22T05:48:47.166+0000] {dagbag.py:545} INFO - Filling up the DagBag from /opt/airflow/dags/minio_to_snowflake_dags.py
[2026-07-22T05:48:48.789+0000] {processor.py:840} INFO - DAG(s) 'minio_to_snowflake_banking' retrieved from /opt/airflow/dags/minio_to_snowflake_dags.py
[2026-07-22T05:48:48.850+0000] {logging_mixin.py:188} INFO - [2026-07-22T05:48:48.849+0000] {dag.py:3089} INFO - Sync 1 DAGs
[2026-07-22T05:48:48.900+0000] {logging_mixin.py:188} INFO - [2026-07-22T05:48:48.900+0000] {dag.py:3947} INFO - Setting next_dagrun for minio_to_snowflake_banking to 2026-07-22 05:48:00+00:00, run_after=2026-07-22 05:49:00+00:00
[2026-07-22T05:48:48.943+0000] {processor.py:183} INFO - Processing /opt/airflow/dags/minio_to_snowflake_dags.py took 1.798 seconds
[2026-07-22T05:49:19.255+0000] {processor.py:161} INFO - Started process (PID=3504) to work on /opt/airflow/dags/minio_to_snowflake_dags.py
[2026-07-22T05:49:19.259+0000] {processor.py:830} INFO - Processing file /opt/airflow/dags/minio_to_snowflake_dags.py for tasks to queue
[2026-07-22T05:49:19.263+0000] {logging_mixin.py:188} INFO - [2026-07-22T05:49:19.262+0000] {dagbag.py:545} INFO - Filling up the DagBag from /opt/airflow/dags/minio_to_snowflake_dags.py
[2026-07-22T05:49:23.311+0000] {processor.py:840} INFO - DAG(s) 'minio_to_snowflake_banking' retrieved from /opt/airflow/dags/minio_to_snowflake_dags.py
[2026-07-22T05:49:23.453+0000] {logging_mixin.py:188} INFO - [2026-07-22T05:49:23.452+0000] {dag.py:3089} INFO - Sync 1 DAGs
[2026-07-22T05:49:23.535+0000] {logging_mixin.py:188} INFO - [2026-07-22T05:49:23.535+0000] {dag.py:3947} INFO - Setting next_dagrun for minio_to_snowflake_banking to 2026-07-22 05:49:00+00:00, run_after=2026-07-22 05:50:00+00:00
[2026-07-22T05:49:23.588+0000] {processor.py:183} INFO - Processing /opt/airflow/dags/minio_to_snowflake_dags.py took 3.376 seconds
[2026-07-22T05:49:54.439+0000] {processor.py:161} INFO - Started process (PID=3523) to work on /opt/airflow/dags/minio_to_snowflake_dags.py
[2026-07-22T05:49:54.443+0000] {processor.py:830} INFO - Processing file /opt/airflow/dags/minio_to_snowflake_dags.py for tasks to queue
[2026-07-22T05:49:54.446+0000] {logging_mixin.py:188} INFO - [2026-07-22T05:49:54.445+0000] {dagbag.py:545} INFO - Filling up the DagBag from /opt/airflow/dags/minio_to_snowflake_dags.py
[2026-07-22T05:49:57.369+0000] {processor.py:840} INFO - DAG(s) 'minio_to_snowflake_banking' retrieved from /opt/airflow/dags/minio_to_snowflake_dags.py
[2026-07-22T05:49:57.436+0000] {logging_mixin.py:188} INFO - [2026-07-22T05:49:57.435+0000] {dag.py:3089} INFO - Sync 1 DAGs
[2026-07-22T05:49:57.499+0000] {logging_mixin.py:188} INFO - [2026-07-22T05:49:57.498+0000] {dag.py:3947} INFO - Setting next_dagrun for minio_to_snowflake_banking to 2026-07-22 05:49:00+00:00, run_after=2026-07-22 05:50:00+00:00
[2026-07-22T05:49:57.567+0000] {processor.py:183} INFO - Processing /opt/airflow/dags/minio_to_snowflake_dags.py took 3.176 seconds
[2026-07-22T05:50:28.616+0000] {processor.py:161} INFO - Started process (PID=3586) to work on /opt/airflow/dags/minio_to_snowflake_dags.py
[2026-07-22T05:50:28.623+0000] {processor.py:830} INFO - Processing file /opt/airflow/dags/minio_to_snowflake_dags.py for tasks to queue
[2026-07-22T05:50:28.639+0000] {logging_mixin.py:188} INFO - [2026-07-22T05:50:28.634+0000] {dagbag.py:545} INFO - Filling up the DagBag from /opt/airflow/dags/minio_to_snowflake_dags.py
[2026-07-22T05:50:31.921+0000] {processor.py:840} INFO - DAG(s) 'minio_to_snowflake_banking' retrieved from /opt/airflow/dags/minio_to_snowflake_dags.py
[2026-07-22T05:50:31.988+0000] {logging_mixin.py:188} INFO - [2026-07-22T05:50:31.987+0000] {dag.py:3089} INFO - Sync 1 DAGs
[2026-07-22T05:50:32.040+0000] {logging_mixin.py:188} INFO - [2026-07-22T05:50:32.040+0000] {dag.py:3947} INFO - Setting next_dagrun for minio_to_snowflake_banking to 2026-07-22 05:50:00+00:00, run_after=2026-07-22 05:51:00+00:00
[2026-07-22T05:50:32.085+0000] {processor.py:183} INFO - Processing /opt/airflow/dags/minio_to_snowflake_dags.py took 3.545 seconds
[2026-07-22T05:51:02.642+0000] {processor.py:161} INFO - Started process (PID=3594) to work on /opt/airflow/dags/minio_to_snowflake_dags.py
[2026-07-22T05:51:02.647+0000] {processor.py:830} INFO - Processing file /opt/airflow/dags/minio_to_snowflake_dags.py for tasks to queue
[2026-07-22T05:51:02.650+0000] {logging_mixin.py:188} INFO - [2026-07-22T05:51:02.649+0000] {dagbag.py:545} INFO - Filling up the DagBag from /opt/airflow/dags/minio_to_snowflake_dags.py
[2026-07-22T05:51:04.865+0000] {processor.py:840} INFO - DAG(s) 'minio_to_snowflake_banking' retrieved from /opt/airflow/dags/minio_to_snowflake_dags.py
[2026-07-22T05:51:04.928+0000] {logging_mixin.py:188} INFO - [2026-07-22T05:51:04.927+0000] {dag.py:3089} INFO - Sync 1 DAGs
[2026-07-22T05:51:04.994+0000] {logging_mixin.py:188} INFO - [2026-07-22T05:51:04.994+0000] {dag.py:3947} INFO - Setting next_dagrun for minio_to_snowflake_banking to 2026-07-22 05:51:00+00:00, run_after=2026-07-22 05:52:00+00:00
[2026-07-22T05:51:05.051+0000] {processor.py:183} INFO - Processing /opt/airflow/dags/minio_to_snowflake_dags.py took 2.432 seconds
[2026-07-22T05:51:35.368+0000] {processor.py:161} INFO - Started process (PID=3658) to work on /opt/airflow/dags/minio_to_snowflake_dags.py
[2026-07-22T05:51:35.372+0000] {processor.py:830} INFO - Processing file /opt/airflow/dags/minio_to_snowflake_dags.py for tasks to queue
[2026-07-22T05:51:35.375+0000] {logging_mixin.py:188} INFO - [2026-07-22T05:51:35.374+0000] {dagbag.py:545} INFO - Filling up the DagBag from /opt/airflow/dags/minio_to_snowflake_dags.py
[2026-07-22T05:51:37.334+0000] {processor.py:840} INFO - DAG(s) 'minio_to_snowflake_banking' retrieved from /opt/airflow/dags/minio_to_snowflake_dags.py
[2026-07-22T05:51:37.400+0000] {logging_mixin.py:188} INFO - [2026-07-22T05:51:37.399+0000] {dag.py:3089} INFO - Sync 1 DAGs
[2026-07-22T05:51:37.452+0000] {logging_mixin.py:188} INFO - [2026-07-22T05:51:37.451+0000] {dag.py:3947} INFO - Setting next_dagrun for minio_to_snowflake_banking to 2026-07-22 05:51:00+00:00, run_after=2026-07-22 05:52:00+00:00
[2026-07-22T05:51:37.507+0000] {processor.py:183} INFO - Processing /opt/airflow/dags/minio_to_snowflake_dags.py took 2.158 seconds
[2026-07-22T05:52:08.424+0000] {processor.py:161} INFO - Started process (PID=3677) to work on /opt/airflow/dags/minio_to_snowflake_dags.py
[2026-07-22T05:52:08.429+0000] {processor.py:830} INFO - Processing file /opt/airflow/dags/minio_to_snowflake_dags.py for tasks to queue
[2026-07-22T05:52:08.432+0000] {logging_mixin.py:188} INFO - [2026-07-22T05:52:08.431+0000] {dagbag.py:545} INFO - Filling up the DagBag from /opt/airflow/dags/minio_to_snowflake_dags.py
[2026-07-22T05:52:11.561+0000] {processor.py:840} INFO - DAG(s) 'minio_to_snowflake_banking' retrieved from /opt/airflow/dags/minio_to_snowflake_dags.py
[2026-07-22T05:52:11.616+0000] {logging_mixin.py:188} INFO - [2026-07-22T05:52:11.615+0000] {dag.py:3089} INFO - Sync 1 DAGs
[2026-07-22T05:52:11.665+0000] {logging_mixin.py:188} INFO - [2026-07-22T05:52:11.664+0000] {dag.py:3947} INFO - Setting next_dagrun for minio_to_snowflake_banking to 2026-07-22 05:52:00+00:00, run_after=2026-07-22 05:53:00+00:00
[2026-07-22T05:52:11.705+0000] {processor.py:183} INFO - Processing /opt/airflow/dags/minio_to_snowflake_dags.py took 3.304 seconds
[2026-07-22T05:52:42.473+0000] {processor.py:161} INFO - Started process (PID=3728) to work on /opt/airflow/dags/minio_to_snowflake_dags.py
[2026-07-22T05:52:42.476+0000] {processor.py:830} INFO - Processing file /opt/airflow/dags/minio_to_snowflake_dags.py for tasks to queue
[2026-07-22T05:52:42.480+0000] {logging_mixin.py:188} INFO - [2026-07-22T05:52:42.479+0000] {dagbag.py:545} INFO - Filling up the DagBag from /opt/airflow/dags/minio_to_snowflake_dags.py
[2026-07-22T05:52:44.628+0000] {processor.py:840} INFO - DAG(s) 'minio_to_snowflake_banking' retrieved from /opt/airflow/dags/minio_to_snowflake_dags.py
[2026-07-22T05:52:44.698+0000] {logging_mixin.py:188} INFO - [2026-07-22T05:52:44.697+0000] {dag.py:3089} INFO - Sync 1 DAGs
[2026-07-22T05:52:44.755+0000] {logging_mixin.py:188} INFO - [2026-07-22T05:52:44.755+0000] {dag.py:3947} INFO - Setting next_dagrun for minio_to_snowflake_banking to 2026-07-22 05:52:00+00:00, run_after=2026-07-22 05:53:00+00:00
[2026-07-22T05:52:44.798+0000] {processor.py:183} INFO - Processing /opt/airflow/dags/minio_to_snowflake_dags.py took 2.344 seconds
[2026-07-22T05:53:15.274+0000] {processor.py:161} INFO - Started process (PID=3765) to work on /opt/airflow/dags/minio_to_snowflake_dags.py
[2026-07-22T05:53:15.278+0000] {processor.py:830} INFO - Processing file /opt/airflow/dags/minio_to_snowflake_dags.py for tasks to queue
[2026-07-22T05:53:15.282+0000] {logging_mixin.py:188} INFO - [2026-07-22T05:53:15.281+0000] {dagbag.py:545} INFO - Filling up the DagBag from /opt/airflow/dags/minio_to_snowflake_dags.py
[2026-07-22T05:53:17.484+0000] {processor.py:840} INFO - DAG(s) 'minio_to_snowflake_banking' retrieved from /opt/airflow/dags/minio_to_snowflake_dags.py
[2026-07-22T05:53:17.541+0000] {logging_mixin.py:188} INFO - [2026-07-22T05:53:17.540+0000] {dag.py:3089} INFO - Sync 1 DAGs
[2026-07-22T05:53:17.590+0000] {logging_mixin.py:188} INFO - [2026-07-22T05:53:17.589+0000] {dag.py:3947} INFO - Setting next_dagrun for minio_to_snowflake_banking to 2026-07-22 05:53:00+00:00, run_after=2026-07-22 05:54:00+00:00
[2026-07-22T05:53:17.633+0000] {processor.py:183} INFO - Processing /opt/airflow/dags/minio_to_snowflake_dags.py took 2.381 seconds
[2026-07-22T05:53:48.015+0000] {processor.py:161} INFO - Started process (PID=3798) to work on /opt/airflow/dags/minio_to_snowflake_dags.py
[2026-07-22T05:53:48.019+0000] {processor.py:830} INFO - Processing file /opt/airflow/dags/minio_to_snowflake_dags.py for tasks to queue
[2026-07-22T05:53:48.022+0000] {logging_mixin.py:188} INFO - [2026-07-22T05:53:48.021+0000] {dagbag.py:545} INFO - Filling up the DagBag from /opt/airflow/dags/minio_to_snowflake_dags.py
[2026-07-22T05:53:49.892+0000] {processor.py:840} INFO - DAG(s) 'minio_to_snowflake_banking' retrieved from /opt/airflow/dags/minio_to_snowflake_dags.py
[2026-07-22T05:53:49.958+0000] {logging_mixin.py:188} INFO - [2026-07-22T05:53:49.958+0000] {dag.py:3089} INFO - Sync 1 DAGs
[2026-07-22T05:53:50.009+0000] {logging_mixin.py:188} INFO - [2026-07-22T05:53:50.008+0000] {dag.py:3947} INFO - Setting next_dagrun for minio_to_snowflake_banking to 2026-07-22 05:53:00+00:00, run_after=2026-07-22 05:54:00+00:00
[2026-07-22T05:53:50.050+0000] {processor.py:183} INFO - Processing /opt/airflow/dags/minio_to_snowflake_dags.py took 2.056 seconds
[2026-07-22T05:54:20.226+0000] {processor.py:161} INFO - Started process (PID=3849) to work on /opt/airflow/dags/minio_to_snowflake_dags.py
[2026-07-22T05:54:20.229+0000] {processor.py:830} INFO - Processing file /opt/airflow/dags/minio_to_snowflake_dags.py for tasks to queue
[2026-07-22T05:54:20.232+0000] {logging_mixin.py:188} INFO - [2026-07-22T05:54:20.231+0000] {dagbag.py:545} INFO - Filling up the DagBag from /opt/airflow/dags/minio_to_snowflake_dags.py
[2026-07-22T05:54:22.415+0000] {processor.py:840} INFO - DAG(s) 'minio_to_snowflake_banking' retrieved from /opt/airflow/dags/minio_to_snowflake_dags.py
[2026-07-22T05:54:22.574+0000] {logging_mixin.py:188} INFO - [2026-07-22T05:54:22.573+0000] {dag.py:3089} INFO - Sync 1 DAGs
[2026-07-22T05:54:22.693+0000] {logging_mixin.py:188} INFO - [2026-07-22T05:54:22.692+0000] {dag.py:3947} INFO - Setting next_dagrun for minio_to_snowflake_banking to 2026-07-22 05:54:00+00:00, run_after=2026-07-22 05:55:00+00:00
[2026-07-22T05:54:22.769+0000] {processor.py:183} INFO - Processing /opt/airflow/dags/minio_to_snowflake_dags.py took 2.564 seconds
[2026-07-22T05:54:53.110+0000] {processor.py:161} INFO - Started process (PID=3868) to work on /opt/airflow/dags/minio_to_snowflake_dags.py
[2026-07-22T05:54:53.113+0000] {processor.py:830} INFO - Processing file /opt/airflow/dags/minio_to_snowflake_dags.py for tasks to queue
[2026-07-22T05:54:53.117+0000] {logging_mixin.py:188} INFO - [2026-07-22T05:54:53.116+0000] {dagbag.py:545} INFO - Filling up the DagBag from /opt/airflow/dags/minio_to_snowflake_dags.py
[2026-07-22T05:54:54.914+0000] {processor.py:840} INFO - DAG(s) 'minio_to_snowflake_banking' retrieved from /opt/airflow/dags/minio_to_snowflake_dags.py
[2026-07-22T05:54:54.972+0000] {logging_mixin.py:188} INFO - [2026-07-22T05:54:54.971+0000] {dag.py:3089} INFO - Sync 1 DAGs
[2026-07-22T05:54:55.028+0000] {logging_mixin.py:188} INFO - [2026-07-22T05:54:55.027+0000] {dag.py:3947} INFO - Setting next_dagrun for minio_to_snowflake_banking to 2026-07-22 05:54:00+00:00, run_after=2026-07-22 05:55:00+00:00
[2026-07-22T05:54:55.083+0000] {processor.py:183} INFO - Processing /opt/airflow/dags/minio_to_snowflake_dags.py took 1.992 seconds
[2026-07-22T05:55:26.149+0000] {processor.py:161} INFO - Started process (PID=3926) to work on /opt/airflow/dags/minio_to_snowflake_dags.py
[2026-07-22T05:55:26.152+0000] {processor.py:830} INFO - Processing file /opt/airflow/dags/minio_to_snowflake_dags.py for tasks to queue
[2026-07-22T05:55:26.156+0000] {logging_mixin.py:188} INFO - [2026-07-22T05:55:26.155+0000] {dagbag.py:545} INFO - Filling up the DagBag from /opt/airflow/dags/minio_to_snowflake_dags.py
[2026-07-22T05:55:29.107+0000] {processor.py:840} INFO - DAG(s) 'minio_to_snowflake_banking' retrieved from /opt/airflow/dags/minio_to_snowflake_dags.py
[2026-07-22T05:55:29.164+0000] {logging_mixin.py:188} INFO - [2026-07-22T05:55:29.163+0000] {dag.py:3089} INFO - Sync 1 DAGs
[2026-07-22T05:55:29.223+0000] {logging_mixin.py:188} INFO - [2026-07-22T05:55:29.223+0000] {dag.py:3947} INFO - Setting next_dagrun for minio_to_snowflake_banking to 2026-07-22 05:55:00+00:00, run_after=2026-07-22 05:56:00+00:00
[2026-07-22T05:55:29.264+0000] {processor.py:183} INFO - Processing /opt/airflow/dags/minio_to_snowflake_dags.py took 3.138 seconds
[2026-07-22T05:55:59.456+0000] {processor.py:161} INFO - Started process (PID=3937) to work on /opt/airflow/dags/minio_to_snowflake_dags.py
[2026-07-22T05:55:59.459+0000] {processor.py:830} INFO - Processing file /opt/airflow/dags/minio_to_snowflake_dags.py for tasks to queue
[2026-07-22T05:55:59.462+0000] {logging_mixin.py:188} INFO - [2026-07-22T05:55:59.461+0000] {dagbag.py:545} INFO - Filling up the DagBag from /opt/airflow/dags/minio_to_snowflake_dags.py
[2026-07-22T05:56:01.182+0000] {processor.py:840} INFO - DAG(s) 'minio_to_snowflake_banking' retrieved from /opt/airflow/dags/minio_to_snowflake_dags.py
[2026-07-22T05:56:01.242+0000] {logging_mixin.py:188} INFO - [2026-07-22T05:56:01.241+0000] {dag.py:3089} INFO - Sync 1 DAGs
[2026-07-22T05:56:01.292+0000] {logging_mixin.py:188} INFO - [2026-07-22T05:56:01.291+0000] {dag.py:3947} INFO - Setting next_dagrun for minio_to_snowflake_banking to 2026-07-22 05:56:00+00:00, run_after=2026-07-22 05:57:00+00:00
[2026-07-22T05:56:01.331+0000] {processor.py:183} INFO - Processing /opt/airflow/dags/minio_to_snowflake_dags.py took 1.898 seconds
[2026-07-22T05:56:31.559+0000] {processor.py:161} INFO - Started process (PID=4002) to work on /opt/airflow/dags/minio_to_snowflake_dags.py
[2026-07-22T05:56:31.563+0000] {processor.py:830} INFO - Processing file /opt/airflow/dags/minio_to_snowflake_dags.py for tasks to queue
[2026-07-22T05:56:31.567+0000] {logging_mixin.py:188} INFO - [2026-07-22T05:56:31.566+0000] {dagbag.py:545} INFO - Filling up the DagBag from /opt/airflow/dags/minio_to_snowflake_dags.py
[2026-07-22T05:56:33.167+0000] {processor.py:840} INFO - DAG(s) 'minio_to_snowflake_banking' retrieved from /opt/airflow/dags/minio_to_snowflake_dags.py
[2026-07-22T05:56:33.219+0000] {logging_mixin.py:188} INFO - [2026-07-22T05:56:33.218+0000] {dag.py:3089} INFO - Sync 1 DAGs
[2026-07-22T05:56:33.267+0000] {logging_mixin.py:188} INFO - [2026-07-22T05:56:33.266+0000] {dag.py:3947} INFO - Setting next_dagrun for minio_to_snowflake_banking to 2026-07-22 05:56:00+00:00, run_after=2026-07-22 05:57:00+00:00
[2026-07-22T05:56:33.307+0000] {processor.py:183} INFO - Processing /opt/airflow/dags/minio_to_snowflake_dags.py took 1.773 seconds
[2026-07-22T05:57:03.520+0000] {processor.py:161} INFO - Started process (PID=4007) to work on /opt/airflow/dags/minio_to_snowflake_dags.py
[2026-07-22T05:57:03.527+0000] {processor.py:830} INFO - Processing file /opt/airflow/dags/minio_to_snowflake_dags.py for tasks to queue
[2026-07-22T05:57:03.531+0000] {logging_mixin.py:188} INFO - [2026-07-22T05:57:03.530+0000] {dagbag.py:545} INFO - Filling up the DagBag from /opt/airflow/dags/minio_to_snowflake_dags.py
[2026-07-22T05:57:05.479+0000] {processor.py:840} INFO - DAG(s) 'minio_to_snowflake_banking' retrieved from /opt/airflow/dags/minio_to_snowflake_dags.py
[2026-07-22T05:57:05.538+0000] {logging_mixin.py:188} INFO - [2026-07-22T05:57:05.537+0000] {dag.py:3089} INFO - Sync 1 DAGs
[2026-07-22T05:57:05.582+0000] {logging_mixin.py:188} INFO - [2026-07-22T05:57:05.581+0000] {dag.py:3947} INFO - Setting next_dagrun for minio_to_snowflake_banking to 2026-07-22 05:57:00+00:00, run_after=2026-07-22 05:58:00+00:00
[2026-07-22T05:57:05.622+0000] {processor.py:183} INFO - Processing /opt/airflow/dags/minio_to_snowflake_dags.py took 2.145 seconds
[2026-07-22T05:57:35.899+0000] {processor.py:161} INFO - Started process (PID=4072) to work on /opt/airflow/dags/minio_to_snowflake_dags.py
[2026-07-22T05:57:35.902+0000] {processor.py:830} INFO - Processing file /opt/airflow/dags/minio_to_snowflake_dags.py for tasks to queue
[2026-07-22T05:57:35.905+0000] {logging_mixin.py:188} INFO - [2026-07-22T05:57:35.904+0000] {dagbag.py:545} INFO - Filling up the DagBag from /opt/airflow/dags/minio_to_snowflake_dags.py
[2026-07-22T05:57:37.491+0000] {processor.py:840} INFO - DAG(s) 'minio_to_snowflake_banking' retrieved from /opt/airflow/dags/minio_to_snowflake_dags.py
[2026-07-22T05:57:37.548+0000] {logging_mixin.py:188} INFO - [2026-07-22T05:57:37.547+0000] {dag.py:3089} INFO - Sync 1 DAGs
[2026-07-22T05:57:37.597+0000] {logging_mixin.py:188} INFO - [2026-07-22T05:57:37.596+0000] {dag.py:3947} INFO - Setting next_dagrun for minio_to_snowflake_banking to 2026-07-22 05:57:00+00:00, run_after=2026-07-22 05:58:00+00:00
[2026-07-22T05:57:37.638+0000] {processor.py:183} INFO - Processing /opt/airflow/dags/minio_to_snowflake_dags.py took 1.755 seconds
[2026-07-22T05:58:08.144+0000] {processor.py:161} INFO - Started process (PID=4091) to work on /opt/airflow/dags/minio_to_snowflake_dags.py
[2026-07-22T05:58:08.147+0000] {processor.py:830} INFO - Processing file /opt/airflow/dags/minio_to_snowflake_dags.py for tasks to queue
[2026-07-22T05:58:08.151+0000] {logging_mixin.py:188} INFO - [2026-07-22T05:58:08.150+0000] {dagbag.py:545} INFO - Filling up the DagBag from /opt/airflow/dags/minio_to_snowflake_dags.py
[2026-07-22T05:58:10.296+0000] {processor.py:840} INFO - DAG(s) 'minio_to_snowflake_banking' retrieved from /opt/airflow/dags/minio_to_snowflake_dags.py
[2026-07-22T05:58:10.359+0000] {logging_mixin.py:188} INFO - [2026-07-22T05:58:10.358+0000] {dag.py:3089} INFO - Sync 1 DAGs
[2026-07-22T05:58:10.418+0000] {logging_mixin.py:188} INFO - [2026-07-22T05:58:10.417+0000] {dag.py:3947} INFO - Setting next_dagrun for minio_to_snowflake_banking to 2026-07-22 05:58:00+00:00, run_after=2026-07-22 05:59:00+00:00
[2026-07-22T05:58:10.475+0000] {processor.py:183} INFO - Processing /opt/airflow/dags/minio_to_snowflake_dags.py took 2.353 seconds
[2026-07-22T05:58:40.674+0000] {processor.py:161} INFO - Started process (PID=4141) to work on /opt/airflow/dags/minio_to_snowflake_dags.py
[2026-07-22T05:58:40.676+0000] {processor.py:830} INFO - Processing file /opt/airflow/dags/minio_to_snowflake_dags.py for tasks to queue
[2026-07-22T05:58:40.679+0000] {logging_mixin.py:188} INFO - [2026-07-22T05:58:40.678+0000] {dagbag.py:545} INFO - Filling up the DagBag from /opt/airflow/dags/minio_to_snowflake_dags.py
[2026-07-22T05:58:42.205+0000] {processor.py:840} INFO - DAG(s) 'minio_to_snowflake_banking' retrieved from /opt/airflow/dags/minio_to_snowflake_dags.py
[2026-07-22T05:58:42.265+0000] {logging_mixin.py:188} INFO - [2026-07-22T05:58:42.264+0000] {dag.py:3089} INFO - Sync 1 DAGs
[2026-07-22T05:58:42.312+0000] {logging_mixin.py:188} INFO - [2026-07-22T05:58:42.312+0000] {dag.py:3947} INFO - Setting next_dagrun for minio_to_snowflake_banking to 2026-07-22 05:58:00+00:00, run_after=2026-07-22 05:59:00+00:00
[2026-07-22T05:58:42.352+0000] {processor.py:183} INFO - Processing /opt/airflow/dags/minio_to_snowflake_dags.py took 1.696 seconds
[2026-07-22T05:59:13.016+0000] {processor.py:161} INFO - Started process (PID=4178) to work on /opt/airflow/dags/minio_to_snowflake_dags.py
[2026-07-22T05:59:13.018+0000] {processor.py:830} INFO - Processing file /opt/airflow/dags/minio_to_snowflake_dags.py for tasks to queue
[2026-07-22T05:59:13.021+0000] {logging_mixin.py:188} INFO - [2026-07-22T05:59:13.020+0000] {dagbag.py:545} INFO - Filling up the DagBag from /opt/airflow/dags/minio_to_snowflake_dags.py
[2026-07-22T05:59:16.236+0000] {processor.py:840} INFO - DAG(s) 'minio_to_snowflake_banking' retrieved from /opt/airflow/dags/minio_to_snowflake_dags.py
[2026-07-22T05:59:16.294+0000] {logging_mixin.py:188} INFO - [2026-07-22T05:59:16.293+0000] {dag.py:3089} INFO - Sync 1 DAGs
[2026-07-22T05:59:16.346+0000] {logging_mixin.py:188} INFO - [2026-07-22T05:59:16.346+0000] {dag.py:3947} INFO - Setting next_dagrun for minio_to_snowflake_banking to 2026-07-22 05:59:00+00:00, run_after=2026-07-22 06:00:00+00:00
[2026-07-22T05:59:16.387+0000] {processor.py:183} INFO - Processing /opt/airflow/dags/minio_to_snowflake_dags.py took 2.300 seconds
[2026-07-22T05:59:46.587+0000] {processor.py:161} INFO - Started process (PID=4211) to work on /opt/airflow/dags/minio_to_snowflake_dags.py
[2026-07-22T05:59:46.593+0000] {processor.py:830} INFO - Processing file /opt/airflow/dags/minio_to_snowflake_dags.py for tasks to queue
[2026-07-22T05:59:46.598+0000] {logging_mixin.py:188} INFO - [2026-07-22T05:59:46.597+0000] {dagbag.py:545} INFO - Filling up the DagBag from /opt/airflow/dags/minio_to_snowflake_dags.py
[2026-07-22T05:59:48.370+0000] {processor.py:840} INFO - DAG(s) 'minio_to_snowflake_banking' retrieved from /opt/airflow/dags/minio_to_snowflake_dags.py
[2026-07-22T05:59:48.428+0000] {logging_mixin.py:188} INFO - [2026-07-22T05:59:48.427+0000] {dag.py:3089} INFO - Sync 1 DAGs
[2026-07-22T05:59:48.477+0000] {logging_mixin.py:188} INFO - [2026-07-22T05:59:48.477+0000] {dag.py:3947} INFO - Setting next_dagrun for minio_to_snowflake_banking to 2026-07-22 05:59:00+00:00, run_after=2026-07-22 06:00:00+00:00
[2026-07-22T05:59:48.518+0000] {processor.py:183} INFO - Processing /opt/airflow/dags/minio_to_snowflake_dags.py took 1.958 seconds
[2026-07-22T06:00:19.617+0000] {processor.py:161} INFO - Started process (PID=4262) to work on /opt/airflow/dags/minio_to_snowflake_dags.py
[2026-07-22T06:00:19.620+0000] {processor.py:830} INFO - Processing file /opt/airflow/dags/minio_to_snowflake_dags.py for tasks to queue
[2026-07-22T06:00:19.623+0000] {logging_mixin.py:188} INFO - [2026-07-22T06:00:19.622+0000] {dagbag.py:545} INFO - Filling up the DagBag from /opt/airflow/dags/minio_to_snowflake_dags.py
[2026-07-22T06:00:22.034+0000] {processor.py:840} INFO - DAG(s) 'minio_to_snowflake_banking' retrieved from /opt/airflow/dags/minio_to_snowflake_dags.py
[2026-07-22T06:00:22.224+0000] {logging_mixin.py:188} INFO - [2026-07-22T06:00:22.220+0000] {dag.py:3089} INFO - Sync 1 DAGs
[2026-07-22T06:00:22.342+0000] {logging_mixin.py:188} INFO - [2026-07-22T06:00:22.341+0000] {dag.py:3947} INFO - Setting next_dagrun for minio_to_snowflake_banking to 2026-07-22 06:00:00+00:00, run_after=2026-07-22 06:01:00+00:00
[2026-07-22T06:00:22.447+0000] {processor.py:183} INFO - Processing /opt/airflow/dags/minio_to_snowflake_dags.py took 2.847 seconds
[2026-07-22T06:00:52.644+0000] {processor.py:161} INFO - Started process (PID=4280) to work on /opt/airflow/dags/minio_to_snowflake_dags.py
[2026-07-22T06:00:52.647+0000] {processor.py:830} INFO - Processing file /opt/airflow/dags/minio_to_snowflake_dags.py for tasks to queue
[2026-07-22T06:00:52.650+0000] {logging_mixin.py:188} INFO - [2026-07-22T06:00:52.649+0000] {dagbag.py:545} INFO - Filling up the DagBag from /opt/airflow/dags/minio_to_snowflake_dags.py
[2026-07-22T06:00:54.397+0000] {processor.py:840} INFO - DAG(s) 'minio_to_snowflake_banking' retrieved from /opt/airflow/dags/minio_to_snowflake_dags.py
[2026-07-22T06:00:54.450+0000] {logging_mixin.py:188} INFO - [2026-07-22T06:00:54.450+0000] {dag.py:3089} INFO - Sync 1 DAGs
[2026-07-22T06:00:54.496+0000] {logging_mixin.py:188} INFO - [2026-07-22T06:00:54.495+0000] {dag.py:3947} INFO - Setting next_dagrun for minio_to_snowflake_banking to 2026-07-22 06:00:00+00:00, run_after=2026-07-22 06:01:00+00:00
[2026-07-22T06:00:54.534+0000] {processor.py:183} INFO - Processing /opt/airflow/dags/minio_to_snowflake_dags.py took 1.906 seconds
[2026-07-22T06:01:25.529+0000] {processor.py:161} INFO - Started process (PID=4338) to work on /opt/airflow/dags/minio_to_snowflake_dags.py
[2026-07-22T06:01:25.532+0000] {processor.py:830} INFO - Processing file /opt/airflow/dags/minio_to_snowflake_dags.py for tasks to queue
[2026-07-22T06:01:25.535+0000] {logging_mixin.py:188} INFO - [2026-07-22T06:01:25.534+0000] {dagbag.py:545} INFO - Filling up the DagBag from /opt/airflow/dags/minio_to_snowflake_dags.py
[2026-07-22T06:01:27.411+0000] {processor.py:840} INFO - DAG(s) 'minio_to_snowflake_banking' retrieved from /opt/airflow/dags/minio_to_snowflake_dags.py
[2026-07-22T06:01:27.553+0000] {logging_mixin.py:188} INFO - [2026-07-22T06:01:27.551+0000] {dag.py:3089} INFO - Sync 1 DAGs
[2026-07-22T06:01:27.666+0000] {logging_mixin.py:188} INFO - [2026-07-22T06:01:27.665+0000] {dag.py:3947} INFO - Setting next_dagrun for minio_to_snowflake_banking to 2026-07-22 06:01:00+00:00, run_after=2026-07-22 06:02:00+00:00
[2026-07-22T06:01:27.743+0000] {processor.py:183} INFO - Processing /opt/airflow/dags/minio_to_snowflake_dags.py took 2.235 seconds
[2026-07-22T06:01:58.069+0000] {processor.py:161} INFO - Started process (PID=4349) to work on /opt/airflow/dags/minio_to_snowflake_dags.py
[2026-07-22T06:01:58.072+0000] {processor.py:830} INFO - Processing file /opt/airflow/dags/minio_to_snowflake_dags.py for tasks to queue
[2026-07-22T06:01:58.076+0000] {logging_mixin.py:188} INFO - [2026-07-22T06:01:58.075+0000] {dagbag.py:545} INFO - Filling up the DagBag from /opt/airflow/dags/minio_to_snowflake_dags.py
[2026-07-22T06:01:59.827+0000] {processor.py:840} INFO - DAG(s) 'minio_to_snowflake_banking' retrieved from /opt/airflow/dags/minio_to_snowflake_dags.py
[2026-07-22T06:01:59.885+0000] {logging_mixin.py:188} INFO - [2026-07-22T06:01:59.884+0000] {dag.py:3089} INFO - Sync 1 DAGs
[2026-07-22T06:01:59.933+0000] {logging_mixin.py:188} INFO - [2026-07-22T06:01:59.933+0000] {dag.py:3947} INFO - Setting next_dagrun for minio_to_snowflake_banking to 2026-07-22 06:01:00+00:00, run_after=2026-07-22 06:02:00+00:00
[2026-07-22T06:01:59.975+0000] {processor.py:183} INFO - Processing /opt/airflow/dags/minio_to_snowflake_dags.py took 1.928 seconds
[2026-07-22T06:02:31.088+0000] {processor.py:161} INFO - Started process (PID=4414) to work on /opt/airflow/dags/minio_to_snowflake_dags.py
[2026-07-22T06:02:31.091+0000] {processor.py:830} INFO - Processing file /opt/airflow/dags/minio_to_snowflake_dags.py for tasks to queue
[2026-07-22T06:02:31.094+0000] {logging_mixin.py:188} INFO - [2026-07-22T06:02:31.093+0000] {dagbag.py:545} INFO - Filling up the DagBag from /opt/airflow/dags/minio_to_snowflake_dags.py
[2026-07-22T06:02:33.064+0000] {processor.py:840} INFO - DAG(s) 'minio_to_snowflake_banking' retrieved from /opt/airflow/dags/minio_to_snowflake_dags.py
[2026-07-22T06:02:33.143+0000] {logging_mixin.py:188} INFO - [2026-07-22T06:02:33.142+0000] {dag.py:3089} INFO - Sync 1 DAGs
[2026-07-22T06:02:33.197+0000] {logging_mixin.py:188} INFO - [2026-07-22T06:02:33.197+0000] {dag.py:3947} INFO - Setting next_dagrun for minio_to_snowflake_banking to 2026-07-22 06:02:00+00:00, run_after=2026-07-22 06:03:00+00:00
[2026-07-22T06:02:33.245+0000] {processor.py:183} INFO - Processing /opt/airflow/dags/minio_to_snowflake_dags.py took 2.175 seconds
[2026-07-22T06:03:03.943+0000] {processor.py:161} INFO - Started process (PID=4419) to work on /opt/airflow/dags/minio_to_snowflake_dags.py
[2026-07-22T06:03:03.947+0000] {processor.py:830} INFO - Processing file /opt/airflow/dags/minio_to_snowflake_dags.py for tasks to queue
[2026-07-22T06:03:03.950+0000] {logging_mixin.py:188} INFO - [2026-07-22T06:03:03.949+0000] {dagbag.py:545} INFO - Filling up the DagBag from /opt/airflow/dags/minio_to_snowflake_dags.py
[2026-07-22T06:03:05.916+0000] {processor.py:840} INFO - DAG(s) 'minio_to_snowflake_banking' retrieved from /opt/airflow/dags/minio_to_snowflake_dags.py
[2026-07-22T06:03:05.986+0000] {logging_mixin.py:188} INFO - [2026-07-22T06:03:05.985+0000] {dag.py:3089} INFO - Sync 1 DAGs
[2026-07-22T06:03:06.038+0000] {logging_mixin.py:188} INFO - [2026-07-22T06:03:06.038+0000] {dag.py:3947} INFO - Setting next_dagrun for minio_to_snowflake_banking to 2026-07-22 06:03:00+00:00, run_after=2026-07-22 06:04:00+00:00
[2026-07-22T06:03:06.083+0000] {processor.py:183} INFO - Processing /opt/airflow/dags/minio_to_snowflake_dags.py took 2.162 seconds
[2026-07-22T06:03:36.938+0000] {processor.py:161} INFO - Started process (PID=4484) to work on /opt/airflow/dags/minio_to_snowflake_dags.py
[2026-07-22T06:03:36.940+0000] {processor.py:830} INFO - Processing file /opt/airflow/dags/minio_to_snowflake_dags.py for tasks to queue
[2026-07-22T06:03:36.943+0000] {logging_mixin.py:188} INFO - [2026-07-22T06:03:36.942+0000] {dagbag.py:545} INFO - Filling up the DagBag from /opt/airflow/dags/minio_to_snowflake_dags.py
[2026-07-22T06:03:38.624+0000] {processor.py:840} INFO - DAG(s) 'minio_to_snowflake_banking' retrieved from /opt/airflow/dags/minio_to_snowflake_dags.py
[2026-07-22T06:03:38.680+0000] {logging_mixin.py:188} INFO - [2026-07-22T06:03:38.679+0000] {dag.py:3089} INFO - Sync 1 DAGs
[2026-07-22T06:03:38.726+0000] {logging_mixin.py:188} INFO - [2026-07-22T06:03:38.725+0000] {dag.py:3947} INFO - Setting next_dagrun for minio_to_snowflake_banking to 2026-07-22 06:03:00+00:00, run_after=2026-07-22 06:04:00+00:00
[2026-07-22T06:03:38.767+0000] {processor.py:183} INFO - Processing /opt/airflow/dags/minio_to_snowflake_dags.py took 1.846 seconds
[2026-07-22T06:04:09.087+0000] {processor.py:161} INFO - Started process (PID=4520) to work on /opt/airflow/dags/minio_to_snowflake_dags.py
[2026-07-22T06:04:09.090+0000] {processor.py:830} INFO - Processing file /opt/airflow/dags/minio_to_snowflake_dags.py for tasks to queue
[2026-07-22T06:04:09.093+0000] {logging_mixin.py:188} INFO - [2026-07-22T06:04:09.092+0000] {dagbag.py:545} INFO - Filling up the DagBag from /opt/airflow/dags/minio_to_snowflake_dags.py
[2026-07-22T06:04:10.700+0000] {processor.py:840} INFO - DAG(s) 'minio_to_snowflake_banking' retrieved from /opt/airflow/dags/minio_to_snowflake_dags.py
[2026-07-22T06:04:10.753+0000] {logging_mixin.py:188} INFO - [2026-07-22T06:04:10.752+0000] {dag.py:3089} INFO - Sync 1 DAGs
[2026-07-22T06:04:10.797+0000] {logging_mixin.py:188} INFO - [2026-07-22T06:04:10.797+0000] {dag.py:3947} INFO - Setting next_dagrun for minio_to_snowflake_banking to 2026-07-22 06:04:00+00:00, run_after=2026-07-22 06:05:00+00:00
[2026-07-22T06:04:10.833+0000] {processor.py:183} INFO - Processing /opt/airflow/dags/minio_to_snowflake_dags.py took 1.766 seconds
[2026-07-22T06:04:41.849+0000] {processor.py:161} INFO - Started process (PID=4553) to work on /opt/airflow/dags/minio_to_snowflake_dags.py
[2026-07-22T06:04:41.853+0000] {processor.py:830} INFO - Processing file /opt/airflow/dags/minio_to_snowflake_dags.py for tasks to queue
[2026-07-22T06:04:41.858+0000] {logging_mixin.py:188} INFO - [2026-07-22T06:04:41.856+0000] {dagbag.py:545} INFO - Filling up the DagBag from /opt/airflow/dags/minio_to_snowflake_dags.py
[2026-07-22T06:04:43.720+0000] {processor.py:840} INFO - DAG(s) 'minio_to_snowflake_banking' retrieved from /opt/airflow/dags/minio_to_snowflake_dags.py
[2026-07-22T06:04:43.789+0000] {logging_mixin.py:188} INFO - [2026-07-22T06:04:43.787+0000] {dag.py:3089} INFO - Sync 1 DAGs
[2026-07-22T06:04:43.845+0000] {logging_mixin.py:188} INFO - [2026-07-22T06:04:43.844+0000] {dag.py:3947} INFO - Setting next_dagrun for minio_to_snowflake_banking to 2026-07-22 06:04:00+00:00, run_after=2026-07-22 06:05:00+00:00
[2026-07-22T06:04:43.886+0000] {processor.py:183} INFO - Processing /opt/airflow/dags/minio_to_snowflake_dags.py took 2.056 seconds
[2026-07-22T06:05:14.763+0000] {processor.py:161} INFO - Started process (PID=4590) to work on /opt/airflow/dags/minio_to_snowflake_dags.py
[2026-07-22T06:05:14.766+0000] {processor.py:830} INFO - Processing file /opt/airflow/dags/minio_to_snowflake_dags.py for tasks to queue
[2026-07-22T06:05:14.769+0000] {logging_mixin.py:188} INFO - [2026-07-22T06:05:14.768+0000] {dagbag.py:545} INFO - Filling up the DagBag from /opt/airflow/dags/minio_to_snowflake_dags.py
[2026-07-22T06:05:16.537+0000] {processor.py:840} INFO - DAG(s) 'minio_to_snowflake_banking' retrieved from /opt/airflow/dags/minio_to_snowflake_dags.py
[2026-07-22T06:05:16.600+0000] {logging_mixin.py:188} INFO - [2026-07-22T06:05:16.599+0000] {dag.py:3089} INFO - Sync 1 DAGs
[2026-07-22T06:05:16.648+0000] {logging_mixin.py:188} INFO - [2026-07-22T06:05:16.648+0000] {dag.py:3947} INFO - Setting next_dagrun for minio_to_snowflake_banking to 2026-07-22 06:05:00+00:00, run_after=2026-07-22 06:06:00+00:00
[2026-07-22T06:05:16.687+0000] {processor.py:183} INFO - Processing /opt/airflow/dags/minio_to_snowflake_dags.py took 1.942 seconds
[2026-07-22T06:05:47.160+0000] {processor.py:161} INFO - Started process (PID=4622) to work on /opt/airflow/dags/minio_to_snowflake_dags.py
[2026-07-22T06:05:47.164+0000] {processor.py:830} INFO - Processing file /opt/airflow/dags/minio_to_snowflake_dags.py for tasks to queue
[2026-07-22T06:05:47.167+0000] {logging_mixin.py:188} INFO - [2026-07-22T06:05:47.166+0000] {dagbag.py:545} INFO - Filling up the DagBag from /opt/airflow/dags/minio_to_snowflake_dags.py
[2026-07-22T06:05:49.488+0000] {processor.py:840} INFO - DAG(s) 'minio_to_snowflake_banking' retrieved from /opt/airflow/dags/minio_to_snowflake_dags.py
[2026-07-22T06:05:49.583+0000] {logging_mixin.py:188} INFO - [2026-07-22T06:05:49.582+0000] {dag.py:3089} INFO - Sync 1 DAGs
[2026-07-22T06:05:49.639+0000] {logging_mixin.py:188} INFO - [2026-07-22T06:05:49.639+0000] {dag.py:3947} INFO - Setting next_dagrun for minio_to_snowflake_banking to 2026-07-22 06:05:00+00:00, run_after=2026-07-22 06:06:00+00:00
[2026-07-22T06:05:49.702+0000] {processor.py:183} INFO - Processing /opt/airflow/dags/minio_to_snowflake_dags.py took 2.561 seconds
[2026-07-22T06:06:20.050+0000] {processor.py:161} INFO - Started process (PID=4673) to work on /opt/airflow/dags/minio_to_snowflake_dags.py
[2026-07-22T06:06:20.053+0000] {processor.py:830} INFO - Processing file /opt/airflow/dags/minio_to_snowflake_dags.py for tasks to queue
[2026-07-22T06:06:20.057+0000] {logging_mixin.py:188} INFO - [2026-07-22T06:06:20.055+0000] {dagbag.py:545} INFO - Filling up the DagBag from /opt/airflow/dags/minio_to_snowflake_dags.py
[2026-07-22T06:06:22.966+0000] {processor.py:840} INFO - DAG(s) 'minio_to_snowflake_banking' retrieved from /opt/airflow/dags/minio_to_snowflake_dags.py
[2026-07-22T06:06:23.104+0000] {logging_mixin.py:188} INFO - [2026-07-22T06:06:23.102+0000] {dag.py:3089} INFO - Sync 1 DAGs
[2026-07-22T06:06:23.233+0000] {logging_mixin.py:188} INFO - [2026-07-22T06:06:23.232+0000] {dag.py:3947} INFO - Setting next_dagrun for minio_to_snowflake_banking to 2026-07-22 06:06:00+00:00, run_after=2026-07-22 06:07:00+00:00
[2026-07-22T06:06:23.325+0000] {processor.py:183} INFO - Processing /opt/airflow/dags/minio_to_snowflake_dags.py took 3.301 seconds
[2026-07-22T06:06:54.344+0000] {processor.py:161} INFO - Started process (PID=4692) to work on /opt/airflow/dags/minio_to_snowflake_dags.py
[2026-07-22T06:06:54.348+0000] {processor.py:830} INFO - Processing file /opt/airflow/dags/minio_to_snowflake_dags.py for tasks to queue
[2026-07-22T06:06:54.352+0000] {logging_mixin.py:188} INFO - [2026-07-22T06:06:54.351+0000] {dagbag.py:545} INFO - Filling up the DagBag from /opt/airflow/dags/minio_to_snowflake_dags.py
[2026-07-22T06:06:56.255+0000] {processor.py:840} INFO - DAG(s) 'minio_to_snowflake_banking' retrieved from /opt/airflow/dags/minio_to_snowflake_dags.py
[2026-07-22T06:06:56.310+0000] {logging_mixin.py:188} INFO - [2026-07-22T06:06:56.309+0000] {dag.py:3089} INFO - Sync 1 DAGs
[2026-07-22T06:06:56.358+0000] {logging_mixin.py:188} INFO - [2026-07-22T06:06:56.357+0000] {dag.py:3947} INFO - Setting next_dagrun for minio_to_snowflake_banking to 2026-07-22 06:06:00+00:00, run_after=2026-07-22 06:07:00+00:00
[2026-07-22T06:06:56.398+0000] {processor.py:183} INFO - Processing /opt/airflow/dags/minio_to_snowflake_dags.py took 2.077 seconds
[2026-07-22T06:07:27.423+0000] {processor.py:161} INFO - Started process (PID=4757) to work on /opt/airflow/dags/minio_to_snowflake_dags.py
[2026-07-22T06:07:27.427+0000] {processor.py:830} INFO - Processing file /opt/airflow/dags/minio_to_snowflake_dags.py for tasks to queue
[2026-07-22T06:07:27.431+0000] {logging_mixin.py:188} INFO - [2026-07-22T06:07:27.430+0000] {dagbag.py:545} INFO - Filling up the DagBag from /opt/airflow/dags/minio_to_snowflake_dags.py
[2026-07-22T06:07:29.624+0000] {processor.py:840} INFO - DAG(s) 'minio_to_snowflake_banking' retrieved from /opt/airflow/dags/minio_to_snowflake_dags.py
[2026-07-22T06:07:29.721+0000] {logging_mixin.py:188} INFO - [2026-07-22T06:07:29.720+0000] {dag.py:3089} INFO - Sync 1 DAGs
[2026-07-22T06:07:29.808+0000] {logging_mixin.py:188} INFO - [2026-07-22T06:07:29.804+0000] {dag.py:3947} INFO - Setting next_dagrun for minio_to_snowflake_banking to 2026-07-22 06:07:00+00:00, run_after=2026-07-22 06:08:00+00:00
[2026-07-22T06:07:29.870+0000] {processor.py:183} INFO - Processing /opt/airflow/dags/minio_to_snowflake_dags.py took 2.472 seconds
[2026-07-22T06:08:00.548+0000] {processor.py:161} INFO - Started process (PID=4761) to work on /opt/airflow/dags/minio_to_snowflake_dags.py
[2026-07-22T06:08:00.550+0000] {processor.py:830} INFO - Processing file /opt/airflow/dags/minio_to_snowflake_dags.py for tasks to queue
[2026-07-22T06:08:00.553+0000] {logging_mixin.py:188} INFO - [2026-07-22T06:08:00.552+0000] {dagbag.py:545} INFO - Filling up the DagBag from /opt/airflow/dags/minio_to_snowflake_dags.py
[2026-07-22T06:08:02.277+0000] {processor.py:840} INFO - DAG(s) 'minio_to_snowflake_banking' retrieved from /opt/airflow/dags/minio_to_snowflake_dags.py
[2026-07-22T06:08:02.337+0000] {logging_mixin.py:188} INFO - [2026-07-22T06:08:02.336+0000] {dag.py:3089} INFO - Sync 1 DAGs
[2026-07-22T06:08:02.390+0000] {logging_mixin.py:188} INFO - [2026-07-22T06:08:02.389+0000] {dag.py:3947} INFO - Setting next_dagrun for minio_to_snowflake_banking to 2026-07-22 06:08:00+00:00, run_after=2026-07-22 06:09:00+00:00
[2026-07-22T06:08:02.432+0000] {processor.py:183} INFO - Processing /opt/airflow/dags/minio_to_snowflake_dags.py took 1.901 seconds
[2026-07-22T06:08:32.939+0000] {processor.py:161} INFO - Started process (PID=4827) to work on /opt/airflow/dags/minio_to_snowflake_dags.py
[2026-07-22T06:08:32.942+0000] {processor.py:830} INFO - Processing file /opt/airflow/dags/minio_to_snowflake_dags.py for tasks to queue
[2026-07-22T06:08:32.945+0000] {logging_mixin.py:188} INFO - [2026-07-22T06:08:32.944+0000] {dagbag.py:545} INFO - Filling up the DagBag from /opt/airflow/dags/minio_to_snowflake_dags.py
[2026-07-22T06:08:34.586+0000] {processor.py:840} INFO - DAG(s) 'minio_to_snowflake_banking' retrieved from /opt/airflow/dags/minio_to_snowflake_dags.py
[2026-07-22T06:08:34.662+0000] {logging_mixin.py:188} INFO - [2026-07-22T06:08:34.661+0000] {dag.py:3089} INFO - Sync 1 DAGs
[2026-07-22T06:08:34.741+0000] {logging_mixin.py:188} INFO - [2026-07-22T06:08:34.740+0000] {dag.py:3947} INFO - Setting next_dagrun for minio_to_snowflake_banking to 2026-07-22 06:08:00+00:00, run_after=2026-07-22 06:09:00+00:00
[2026-07-22T06:08:34.812+0000] {processor.py:183} INFO - Processing /opt/airflow/dags/minio_to_snowflake_dags.py took 1.890 seconds
[2026-07-22T06:09:05.496+0000] {processor.py:161} INFO - Started process (PID=4832) to work on /opt/airflow/dags/minio_to_snowflake_dags.py
[2026-07-22T06:09:05.500+0000] {processor.py:830} INFO - Processing file /opt/airflow/dags/minio_to_snowflake_dags.py for tasks to queue
[2026-07-22T06:09:05.503+0000] {logging_mixin.py:188} INFO - [2026-07-22T06:09:05.501+0000] {dagbag.py:545} INFO - Filling up the DagBag from /opt/airflow/dags/minio_to_snowflake_dags.py
[2026-07-22T06:09:07.874+0000] {processor.py:840} INFO - DAG(s) 'minio_to_snowflake_banking' retrieved from /opt/airflow/dags/minio_to_snowflake_dags.py
[2026-07-22T06:09:08.004+0000] {logging_mixin.py:188} INFO - [2026-07-22T06:09:08.003+0000] {dag.py:3089} INFO - Sync 1 DAGs
[2026-07-22T06:09:08.109+0000] {logging_mixin.py:188} INFO - [2026-07-22T06:09:08.109+0000] {dag.py:3947} INFO - Setting next_dagrun for minio_to_snowflake_banking to 2026-07-22 06:09:00+00:00, run_after=2026-07-22 06:10:00+00:00
[2026-07-22T06:09:08.165+0000] {processor.py:183} INFO - Processing /opt/airflow/dags/minio_to_snowflake_dags.py took 2.692 seconds
[2026-07-22T06:09:38.738+0000] {processor.py:161} INFO - Started process (PID=4897) to work on /opt/airflow/dags/minio_to_snowflake_dags.py
[2026-07-22T06:09:38.741+0000] {processor.py:830} INFO - Processing file /opt/airflow/dags/minio_to_snowflake_dags.py for tasks to queue
[2026-07-22T06:09:38.745+0000] {logging_mixin.py:188} INFO - [2026-07-22T06:09:38.743+0000] {dagbag.py:545} INFO - Filling up the DagBag from /opt/airflow/dags/minio_to_snowflake_dags.py
[2026-07-22T06:09:40.402+0000] {processor.py:840} INFO - DAG(s) 'minio_to_snowflake_banking' retrieved from /opt/airflow/dags/minio_to_snowflake_dags.py
[2026-07-22T06:09:40.459+0000] {logging_mixin.py:188} INFO - [2026-07-22T06:09:40.458+0000] {dag.py:3089} INFO - Sync 1 DAGs
[2026-07-22T06:09:40.504+0000] {logging_mixin.py:188} INFO - [2026-07-22T06:09:40.504+0000] {dag.py:3947} INFO - Setting next_dagrun for minio_to_snowflake_banking to 2026-07-22 06:09:00+00:00, run_after=2026-07-22 06:10:00+00:00
[2026-07-22T06:09:40.545+0000] {processor.py:183} INFO - Processing /opt/airflow/dags/minio_to_snowflake_dags.py took 1.833 seconds
[2026-07-22T06:10:10.950+0000] {processor.py:161} INFO - Started process (PID=4934) to work on /opt/airflow/dags/minio_to_snowflake_dags.py
[2026-07-22T06:10:10.953+0000] {processor.py:830} INFO - Processing file /opt/airflow/dags/minio_to_snowflake_dags.py for tasks to queue
[2026-07-22T06:10:10.956+0000] {logging_mixin.py:188} INFO - [2026-07-22T06:10:10.955+0000] {dagbag.py:545} INFO - Filling up the DagBag from /opt/airflow/dags/minio_to_snowflake_dags.py
[2026-07-22T06:10:12.526+0000] {processor.py:840} INFO - DAG(s) 'minio_to_snowflake_banking' retrieved from /opt/airflow/dags/minio_to_snowflake_dags.py
[2026-07-22T06:10:12.582+0000] {logging_mixin.py:188} INFO - [2026-07-22T06:10:12.581+0000] {dag.py:3089} INFO - Sync 1 DAGs
[2026-07-22T06:10:12.642+0000] {logging_mixin.py:188} INFO - [2026-07-22T06:10:12.642+0000] {dag.py:3947} INFO - Setting next_dagrun for minio_to_snowflake_banking to 2026-07-22 06:10:00+00:00, run_after=2026-07-22 06:11:00+00:00
[2026-07-22T06:10:12.710+0000] {processor.py:183} INFO - Processing /opt/airflow/dags/minio_to_snowflake_dags.py took 1.776 seconds
[2026-07-22T06:10:42.955+0000] {processor.py:161} INFO - Started process (PID=4967) to work on /opt/airflow/dags/minio_to_snowflake_dags.py
[2026-07-22T06:10:42.958+0000] {processor.py:830} INFO - Processing file /opt/airflow/dags/minio_to_snowflake_dags.py for tasks to queue
[2026-07-22T06:10:42.960+0000] {logging_mixin.py:188} INFO - [2026-07-22T06:10:42.959+0000] {dagbag.py:545} INFO - Filling up the DagBag from /opt/airflow/dags/minio_to_snowflake_dags.py
[2026-07-22T06:10:44.776+0000] {processor.py:840} INFO - DAG(s) 'minio_to_snowflake_banking' retrieved from /opt/airflow/dags/minio_to_snowflake_dags.py
[2026-07-22T06:10:44.840+0000] {logging_mixin.py:188} INFO - [2026-07-22T06:10:44.840+0000] {dag.py:3089} INFO - Sync 1 DAGs
[2026-07-22T06:10:44.895+0000] {logging_mixin.py:188} INFO - [2026-07-22T06:10:44.894+0000] {dag.py:3947} INFO - Setting next_dagrun for minio_to_snowflake_banking to 2026-07-22 06:10:00+00:00, run_after=2026-07-22 06:11:00+00:00
[2026-07-22T06:10:44.937+0000] {processor.py:183} INFO - Processing /opt/airflow/dags/minio_to_snowflake_dags.py took 1.997 seconds
[2026-07-22T06:11:15.982+0000] {processor.py:161} INFO - Started process (PID=5004) to work on /opt/airflow/dags/minio_to_snowflake_dags.py
[2026-07-22T06:11:15.986+0000] {processor.py:830} INFO - Processing file /opt/airflow/dags/minio_to_snowflake_dags.py for tasks to queue
[2026-07-22T06:11:15.989+0000] {logging_mixin.py:188} INFO - [2026-07-22T06:11:15.988+0000] {dagbag.py:545} INFO - Filling up the DagBag from /opt/airflow/dags/minio_to_snowflake_dags.py
[2026-07-22T06:11:18.189+0000] {processor.py:840} INFO - DAG(s) 'minio_to_snowflake_banking' retrieved from /opt/airflow/dags/minio_to_snowflake_dags.py
[2026-07-22T06:11:18.260+0000] {logging_mixin.py:188} INFO - [2026-07-22T06:11:18.259+0000] {dag.py:3089} INFO - Sync 1 DAGs
[2026-07-22T06:11:18.329+0000] {logging_mixin.py:188} INFO - [2026-07-22T06:11:18.328+0000] {dag.py:3947} INFO - Setting next_dagrun for minio_to_snowflake_banking to 2026-07-22 06:11:00+00:00, run_after=2026-07-22 06:12:00+00:00
[2026-07-22T06:11:18.390+0000] {processor.py:183} INFO - Processing /opt/airflow/dags/minio_to_snowflake_dags.py took 2.433 seconds
[2026-07-22T06:11:48.830+0000] {processor.py:161} INFO - Started process (PID=5030) to work on /opt/airflow/dags/minio_to_snowflake_dags.py
[2026-07-22T06:11:48.833+0000] {processor.py:830} INFO - Processing file /opt/airflow/dags/minio_to_snowflake_dags.py for tasks to queue
[2026-07-22T06:11:48.837+0000] {logging_mixin.py:188} INFO - [2026-07-22T06:11:48.836+0000] {dagbag.py:545} INFO - Filling up the DagBag from /opt/airflow/dags/minio_to_snowflake_dags.py
[2026-07-22T06:11:53.439+0000] {processor.py:840} INFO - DAG(s) 'minio_to_snowflake_banking' retrieved from /opt/airflow/dags/minio_to_snowflake_dags.py
[2026-07-22T06:11:53.649+0000] {logging_mixin.py:188} INFO - [2026-07-22T06:11:53.647+0000] {dag.py:3089} INFO - Sync 1 DAGs
[2026-07-22T06:11:53.774+0000] {logging_mixin.py:188} INFO - [2026-07-22T06:11:53.773+0000] {dag.py:3947} INFO - Setting next_dagrun for minio_to_snowflake_banking to 2026-07-22 06:11:00+00:00, run_after=2026-07-22 06:12:00+00:00
[2026-07-22T06:11:53.846+0000] {processor.py:183} INFO - Processing /opt/airflow/dags/minio_to_snowflake_dags.py took 4.038 seconds
[2026-07-22T06:12:24.148+0000] {processor.py:161} INFO - Started process (PID=5096) to work on /opt/airflow/dags/minio_to_snowflake_dags.py
[2026-07-22T06:12:24.163+0000] {processor.py:830} INFO - Processing file /opt/airflow/dags/minio_to_snowflake_dags.py for tasks to queue
[2026-07-22T06:12:24.169+0000] {logging_mixin.py:188} INFO - [2026-07-22T06:12:24.167+0000] {dagbag.py:545} INFO - Filling up the DagBag from /opt/airflow/dags/minio_to_snowflake_dags.py
[2026-07-22T06:12:28.129+0000] {processor.py:840} INFO - DAG(s) 'minio_to_snowflake_banking' retrieved from /opt/airflow/dags/minio_to_snowflake_dags.py
[2026-07-22T06:12:28.330+0000] {logging_mixin.py:188} INFO - [2026-07-22T06:12:28.328+0000] {dag.py:3089} INFO - Sync 1 DAGs
[2026-07-22T06:12:28.446+0000] {logging_mixin.py:188} INFO - [2026-07-22T06:12:28.445+0000] {dag.py:3947} INFO - Setting next_dagrun for minio_to_snowflake_banking to 2026-07-22 06:12:00+00:00, run_after=2026-07-22 06:13:00+00:00
[2026-07-22T06:12:28.512+0000] {processor.py:183} INFO - Processing /opt/airflow/dags/minio_to_snowflake_dags.py took 4.422 seconds
[2026-07-22T06:12:59.058+0000] {processor.py:161} INFO - Started process (PID=5107) to work on /opt/airflow/dags/minio_to_snowflake_dags.py
[2026-07-22T06:12:59.060+0000] {processor.py:830} INFO - Processing file /opt/airflow/dags/minio_to_snowflake_dags.py for tasks to queue
[2026-07-22T06:12:59.063+0000] {logging_mixin.py:188} INFO - [2026-07-22T06:12:59.062+0000] {dagbag.py:545} INFO - Filling up the DagBag from /opt/airflow/dags/minio_to_snowflake_dags.py
[2026-07-22T06:13:01.023+0000] {processor.py:840} INFO - DAG(s) 'minio_to_snowflake_banking' retrieved from /opt/airflow/dags/minio_to_snowflake_dags.py
[2026-07-22T06:13:01.089+0000] {logging_mixin.py:188} INFO - [2026-07-22T06:13:01.088+0000] {dag.py:3089} INFO - Sync 1 DAGs
[2026-07-22T06:13:01.172+0000] {logging_mixin.py:188} INFO - [2026-07-22T06:13:01.171+0000] {dag.py:3947} INFO - Setting next_dagrun for minio_to_snowflake_banking to 2026-07-22 06:13:00+00:00, run_after=2026-07-22 06:14:00+00:00
[2026-07-22T06:13:01.220+0000] {processor.py:183} INFO - Processing /opt/airflow/dags/minio_to_snowflake_dags.py took 2.192 seconds
[2026-07-22T06:13:31.420+0000] {processor.py:161} INFO - Started process (PID=5166) to work on /opt/airflow/dags/minio_to_snowflake_dags.py
[2026-07-22T06:13:31.424+0000] {processor.py:830} INFO - Processing file /opt/airflow/dags/minio_to_snowflake_dags.py for tasks to queue
[2026-07-22T06:13:31.428+0000] {logging_mixin.py:188} INFO - [2026-07-22T06:13:31.426+0000] {dagbag.py:545} INFO - Filling up the DagBag from /opt/airflow/dags/minio_to_snowflake_dags.py
[2026-07-22T06:13:33.718+0000] {processor.py:840} INFO - DAG(s) 'minio_to_snowflake_banking' retrieved from /opt/airflow/dags/minio_to_snowflake_dags.py
[2026-07-22T06:13:33.779+0000] {logging_mixin.py:188} INFO - [2026-07-22T06:13:33.778+0000] {dag.py:3089} INFO - Sync 1 DAGs
[2026-07-22T06:13:33.830+0000] {logging_mixin.py:188} INFO - [2026-07-22T06:13:33.830+0000] {dag.py:3947} INFO - Setting next_dagrun for minio_to_snowflake_banking to 2026-07-22 06:13:00+00:00, run_after=2026-07-22 06:14:00+00:00
[2026-07-22T06:13:33.877+0000] {processor.py:183} INFO - Processing /opt/airflow/dags/minio_to_snowflake_dags.py took 2.483 seconds
[2026-07-22T06:14:11.394+0000] {processor.py:161} INFO - Started process (PID=5177) to work on /opt/airflow/dags/minio_to_snowflake_dags.py
[2026-07-22T06:14:11.398+0000] {processor.py:830} INFO - Processing file /opt/airflow/dags/minio_to_snowflake_dags.py for tasks to queue
[2026-07-22T06:14:11.402+0000] {logging_mixin.py:188} INFO - [2026-07-22T06:14:11.401+0000] {dagbag.py:545} INFO - Filling up the DagBag from /opt/airflow/dags/minio_to_snowflake_dags.py
[2026-07-22T06:14:13.628+0000] {processor.py:840} INFO - DAG(s) 'minio_to_snowflake_banking' retrieved from /opt/airflow/dags/minio_to_snowflake_dags.py
[2026-07-22T06:14:13.690+0000] {logging_mixin.py:188} INFO - [2026-07-22T06:14:13.690+0000] {dag.py:3089} INFO - Sync 1 DAGs
[2026-07-22T06:14:13.753+0000] {logging_mixin.py:188} INFO - [2026-07-22T06:14:13.753+0000] {dag.py:3947} INFO - Setting next_dagrun for minio_to_snowflake_banking to 2026-07-22 06:14:00+00:00, run_after=2026-07-22 06:15:00+00:00
[2026-07-22T06:14:13.803+0000] {processor.py:183} INFO - Processing /opt/airflow/dags/minio_to_snowflake_dags.py took 2.433 seconds
[2026-07-22T06:14:44.085+0000] {processor.py:161} INFO - Started process (PID=5243) to work on /opt/airflow/dags/minio_to_snowflake_dags.py
[2026-07-22T06:14:44.089+0000] {processor.py:830} INFO - Processing file /opt/airflow/dags/minio_to_snowflake_dags.py for tasks to queue
[2026-07-22T06:14:44.092+0000] {logging_mixin.py:188} INFO - [2026-07-22T06:14:44.091+0000] {dagbag.py:545} INFO - Filling up the DagBag from /opt/airflow/dags/minio_to_snowflake_dags.py
[2026-07-22T06:14:46.203+0000] {processor.py:840} INFO - DAG(s) 'minio_to_snowflake_banking' retrieved from /opt/airflow/dags/minio_to_snowflake_dags.py
[2026-07-22T06:14:46.270+0000] {logging_mixin.py:188} INFO - [2026-07-22T06:14:46.269+0000] {dag.py:3089} INFO - Sync 1 DAGs
[2026-07-22T06:14:46.333+0000] {logging_mixin.py:188} INFO - [2026-07-22T06:14:46.332+0000] {dag.py:3947} INFO - Setting next_dagrun for minio_to_snowflake_banking to 2026-07-22 06:14:00+00:00, run_after=2026-07-22 06:15:00+00:00
[2026-07-22T06:14:46.377+0000] {processor.py:183} INFO - Processing /opt/airflow/dags/minio_to_snowflake_dags.py took 2.311 seconds
[2026-07-22T06:15:17.307+0000] {processor.py:161} INFO - Started process (PID=5291) to work on /opt/airflow/dags/minio_to_snowflake_dags.py
[2026-07-22T06:15:17.310+0000] {processor.py:830} INFO - Processing file /opt/airflow/dags/minio_to_snowflake_dags.py for tasks to queue
[2026-07-22T06:15:17.313+0000] {logging_mixin.py:188} INFO - [2026-07-22T06:15:17.312+0000] {dagbag.py:545} INFO - Filling up the DagBag from /opt/airflow/dags/minio_to_snowflake_dags.py
[2026-07-22T06:15:19.264+0000] {processor.py:840} INFO - DAG(s) 'minio_to_snowflake_banking' retrieved from /opt/airflow/dags/minio_to_snowflake_dags.py
[2026-07-22T06:15:19.342+0000] {logging_mixin.py:188} INFO - [2026-07-22T06:15:19.341+0000] {dag.py:3089} INFO - Sync 1 DAGs
[2026-07-22T06:15:19.403+0000] {logging_mixin.py:188} INFO - [2026-07-22T06:15:19.403+0000] {dag.py:3947} INFO - Setting next_dagrun for minio_to_snowflake_banking to 2026-07-22 06:15:00+00:00, run_after=2026-07-22 06:16:00+00:00
[2026-07-22T06:15:19.444+0000] {processor.py:183} INFO - Processing /opt/airflow/dags/minio_to_snowflake_dags.py took 2.158 seconds
[2026-07-22T06:15:49.817+0000] {processor.py:161} INFO - Started process (PID=5312) to work on /opt/airflow/dags/minio_to_snowflake_dags.py
[2026-07-22T06:15:49.820+0000] {processor.py:830} INFO - Processing file /opt/airflow/dags/minio_to_snowflake_dags.py for tasks to queue
[2026-07-22T06:15:49.822+0000] {logging_mixin.py:188} INFO - [2026-07-22T06:15:49.821+0000] {dagbag.py:545} INFO - Filling up the DagBag from /opt/airflow/dags/minio_to_snowflake_dags.py
[2026-07-22T06:15:51.556+0000] {processor.py:840} INFO - DAG(s) 'minio_to_snowflake_banking' retrieved from /opt/airflow/dags/minio_to_snowflake_dags.py
[2026-07-22T06:15:51.634+0000] {logging_mixin.py:188} INFO - [2026-07-22T06:15:51.633+0000] {dag.py:3089} INFO - Sync 1 DAGs
[2026-07-22T06:15:51.680+0000] {logging_mixin.py:188} INFO - [2026-07-22T06:15:51.680+0000] {dag.py:3947} INFO - Setting next_dagrun for minio_to_snowflake_banking to 2026-07-22 06:15:00+00:00, run_after=2026-07-22 06:16:00+00:00
[2026-07-22T06:15:51.722+0000] {processor.py:183} INFO - Processing /opt/airflow/dags/minio_to_snowflake_dags.py took 1.922 seconds
[2026-07-22T06:16:22.209+0000] {processor.py:161} INFO - Started process (PID=5370) to work on /opt/airflow/dags/minio_to_snowflake_dags.py
[2026-07-22T06:16:22.213+0000] {processor.py:830} INFO - Processing file /opt/airflow/dags/minio_to_snowflake_dags.py for tasks to queue
[2026-07-22T06:16:22.218+0000] {logging_mixin.py:188} INFO - [2026-07-22T06:16:22.216+0000] {dagbag.py:545} INFO - Filling up the DagBag from /opt/airflow/dags/minio_to_snowflake_dags.py
[2026-07-22T06:16:24.674+0000] {processor.py:840} INFO - DAG(s) 'minio_to_snowflake_banking' retrieved from /opt/airflow/dags/minio_to_snowflake_dags.py
[2026-07-22T06:16:24.800+0000] {logging_mixin.py:188} INFO - [2026-07-22T06:16:24.799+0000] {dag.py:3089} INFO - Sync 1 DAGs
[2026-07-22T06:16:24.897+0000] {logging_mixin.py:188} INFO - [2026-07-22T06:16:24.897+0000] {dag.py:3947} INFO - Setting next_dagrun for minio_to_snowflake_banking to 2026-07-22 06:16:00+00:00, run_after=2026-07-22 06:17:00+00:00
[2026-07-22T06:16:24.950+0000] {processor.py:183} INFO - Processing /opt/airflow/dags/minio_to_snowflake_dags.py took 2.775 seconds
[2026-07-22T06:16:55.397+0000] {processor.py:161} INFO - Started process (PID=5382) to work on /opt/airflow/dags/minio_to_snowflake_dags.py
[2026-07-22T06:16:55.412+0000] {processor.py:830} INFO - Processing file /opt/airflow/dags/minio_to_snowflake_dags.py for tasks to queue
[2026-07-22T06:16:55.418+0000] {logging_mixin.py:188} INFO - [2026-07-22T06:16:55.416+0000] {dagbag.py:545} INFO - Filling up the DagBag from /opt/airflow/dags/minio_to_snowflake_dags.py
[2026-07-22T06:16:57.337+0000] {processor.py:840} INFO - DAG(s) 'minio_to_snowflake_banking' retrieved from /opt/airflow/dags/minio_to_snowflake_dags.py
[2026-07-22T06:16:57.434+0000] {logging_mixin.py:188} INFO - [2026-07-22T06:16:57.433+0000] {dag.py:3089} INFO - Sync 1 DAGs
[2026-07-22T06:16:57.482+0000] {logging_mixin.py:188} INFO - [2026-07-22T06:16:57.482+0000] {dag.py:3947} INFO - Setting next_dagrun for minio_to_snowflake_banking to 2026-07-22 06:16:00+00:00, run_after=2026-07-22 06:17:00+00:00
[2026-07-22T06:16:57.521+0000] {processor.py:183} INFO - Processing /opt/airflow/dags/minio_to_snowflake_dags.py took 2.169 seconds
[2026-07-22T06:17:28.262+0000] {processor.py:161} INFO - Started process (PID=5448) to work on /opt/airflow/dags/minio_to_snowflake_dags.py
[2026-07-22T06:17:28.266+0000] {processor.py:830} INFO - Processing file /opt/airflow/dags/minio_to_snowflake_dags.py for tasks to queue
[2026-07-22T06:17:28.269+0000] {logging_mixin.py:188} INFO - [2026-07-22T06:17:28.268+0000] {dagbag.py:545} INFO - Filling up the DagBag from /opt/airflow/dags/minio_to_snowflake_dags.py
[2026-07-22T06:17:29.893+0000] {processor.py:840} INFO - DAG(s) 'minio_to_snowflake_banking' retrieved from /opt/airflow/dags/minio_to_snowflake_dags.py
[2026-07-22T06:17:29.940+0000] {logging_mixin.py:188} INFO - [2026-07-22T06:17:29.939+0000] {dag.py:3089} INFO - Sync 1 DAGs
[2026-07-22T06:17:29.981+0000] {logging_mixin.py:188} INFO - [2026-07-22T06:17:29.980+0000] {dag.py:3947} INFO - Setting next_dagrun for minio_to_snowflake_banking to 2026-07-22 06:17:00+00:00, run_after=2026-07-22 06:18:00+00:00
[2026-07-22T06:17:30.019+0000] {processor.py:183} INFO - Processing /opt/airflow/dags/minio_to_snowflake_dags.py took 1.774 seconds
[2026-07-22T06:18:00.522+0000] {processor.py:161} INFO - Started process (PID=5453) to work on /opt/airflow/dags/minio_to_snowflake_dags.py
[2026-07-22T06:18:00.525+0000] {processor.py:830} INFO - Processing file /opt/airflow/dags/minio_to_snowflake_dags.py for tasks to queue
[2026-07-22T06:18:00.527+0000] {logging_mixin.py:188} INFO - [2026-07-22T06:18:00.527+0000] {dagbag.py:545} INFO - Filling up the DagBag from /opt/airflow/dags/minio_to_snowflake_dags.py
[2026-07-22T06:18:02.094+0000] {processor.py:840} INFO - DAG(s) 'minio_to_snowflake_banking' retrieved from /opt/airflow/dags/minio_to_snowflake_dags.py
[2026-07-22T06:18:02.156+0000] {logging_mixin.py:188} INFO - [2026-07-22T06:18:02.155+0000] {dag.py:3089} INFO - Sync 1 DAGs
[2026-07-22T06:18:02.213+0000] {logging_mixin.py:188} INFO - [2026-07-22T06:18:02.212+0000] {dag.py:3947} INFO - Setting next_dagrun for minio_to_snowflake_banking to 2026-07-22 06:18:00+00:00, run_after=2026-07-22 06:19:00+00:00
[2026-07-22T06:18:02.266+0000] {processor.py:183} INFO - Processing /opt/airflow/dags/minio_to_snowflake_dags.py took 1.760 seconds
[2026-07-22T06:18:32.773+0000] {processor.py:161} INFO - Started process (PID=5517) to work on /opt/airflow/dags/minio_to_snowflake_dags.py
[2026-07-22T06:18:32.777+0000] {processor.py:830} INFO - Processing file /opt/airflow/dags/minio_to_snowflake_dags.py for tasks to queue
[2026-07-22T06:18:32.782+0000] {logging_mixin.py:188} INFO - [2026-07-22T06:18:32.780+0000] {dagbag.py:545} INFO - Filling up the DagBag from /opt/airflow/dags/minio_to_snowflake_dags.py
[2026-07-22T06:18:35.843+0000] {processor.py:840} INFO - DAG(s) 'minio_to_snowflake_banking' retrieved from /opt/airflow/dags/minio_to_snowflake_dags.py
[2026-07-22T06:18:35.899+0000] {logging_mixin.py:188} INFO - [2026-07-22T06:18:35.898+0000] {dag.py:3089} INFO - Sync 1 DAGs
[2026-07-22T06:18:35.945+0000] {logging_mixin.py:188} INFO - [2026-07-22T06:18:35.945+0000] {dag.py:3947} INFO - Setting next_dagrun for minio_to_snowflake_banking to 2026-07-22 06:18:00+00:00, run_after=2026-07-22 06:19:00+00:00
[2026-07-22T06:18:35.984+0000] {processor.py:183} INFO - Processing /opt/airflow/dags/minio_to_snowflake_dags.py took 2.474 seconds
[2026-07-22T06:19:08.047+0000] {processor.py:161} INFO - Started process (PID=5522) to work on /opt/airflow/dags/minio_to_snowflake_dags.py
[2026-07-22T06:19:08.051+0000] {processor.py:830} INFO - Processing file /opt/airflow/dags/minio_to_snowflake_dags.py for tasks to queue
[2026-07-22T06:19:08.055+0000] {logging_mixin.py:188} INFO - [2026-07-22T06:19:08.054+0000] {dagbag.py:545} INFO - Filling up the DagBag from /opt/airflow/dags/minio_to_snowflake_dags.py
[2026-07-22T06:19:10.232+0000] {processor.py:840} INFO - DAG(s) 'minio_to_snowflake_banking' retrieved from /opt/airflow/dags/minio_to_snowflake_dags.py
[2026-07-22T06:19:10.310+0000] {logging_mixin.py:188} INFO - [2026-07-22T06:19:10.309+0000] {dag.py:3089} INFO - Sync 1 DAGs
[2026-07-22T06:19:10.360+0000] {logging_mixin.py:188} INFO - [2026-07-22T06:19:10.360+0000] {dag.py:3947} INFO - Setting next_dagrun for minio_to_snowflake_banking to 2026-07-22 06:19:00+00:00, run_after=2026-07-22 06:20:00+00:00
[2026-07-22T06:19:10.402+0000] {processor.py:183} INFO - Processing /opt/airflow/dags/minio_to_snowflake_dags.py took 2.379 seconds
[2026-07-22T06:19:41.038+0000] {processor.py:161} INFO - Started process (PID=5586) to work on /opt/airflow/dags/minio_to_snowflake_dags.py
[2026-07-22T06:19:41.041+0000] {processor.py:830} INFO - Processing file /opt/airflow/dags/minio_to_snowflake_dags.py for tasks to queue
[2026-07-22T06:19:41.043+0000] {logging_mixin.py:188} INFO - [2026-07-22T06:19:41.042+0000] {dagbag.py:545} INFO - Filling up the DagBag from /opt/airflow/dags/minio_to_snowflake_dags.py
[2026-07-22T06:19:42.788+0000] {processor.py:840} INFO - DAG(s) 'minio_to_snowflake_banking' retrieved from /opt/airflow/dags/minio_to_snowflake_dags.py
[2026-07-22T06:19:42.850+0000] {logging_mixin.py:188} INFO - [2026-07-22T06:19:42.849+0000] {dag.py:3089} INFO - Sync 1 DAGs
[2026-07-22T06:19:42.899+0000] {logging_mixin.py:188} INFO - [2026-07-22T06:19:42.898+0000] {dag.py:3947} INFO - Setting next_dagrun for minio_to_snowflake_banking to 2026-07-22 06:19:00+00:00, run_after=2026-07-22 06:20:00+00:00
[2026-07-22T06:19:42.940+0000] {processor.py:183} INFO - Processing /opt/airflow/dags/minio_to_snowflake_dags.py took 1.919 seconds
[2026-07-22T06:20:13.450+0000] {processor.py:161} INFO - Started process (PID=5623) to work on /opt/airflow/dags/minio_to_snowflake_dags.py
[2026-07-22T06:20:13.453+0000] {processor.py:830} INFO - Processing file /opt/airflow/dags/minio_to_snowflake_dags.py for tasks to queue
[2026-07-22T06:20:13.457+0000] {logging_mixin.py:188} INFO - [2026-07-22T06:20:13.456+0000] {dagbag.py:545} INFO - Filling up the DagBag from /opt/airflow/dags/minio_to_snowflake_dags.py
[2026-07-22T06:20:15.267+0000] {processor.py:840} INFO - DAG(s) 'minio_to_snowflake_banking' retrieved from /opt/airflow/dags/minio_to_snowflake_dags.py
[2026-07-22T06:20:15.356+0000] {logging_mixin.py:188} INFO - [2026-07-22T06:20:15.355+0000] {dag.py:3089} INFO - Sync 1 DAGs
[2026-07-22T06:20:15.434+0000] {logging_mixin.py:188} INFO - [2026-07-22T06:20:15.433+0000] {dag.py:3947} INFO - Setting next_dagrun for minio_to_snowflake_banking to 2026-07-22 06:20:00+00:00, run_after=2026-07-22 06:21:00+00:00
[2026-07-22T06:20:15.490+0000] {processor.py:183} INFO - Processing /opt/airflow/dags/minio_to_snowflake_dags.py took 2.059 seconds
[2026-07-22T06:20:46.486+0000] {processor.py:161} INFO - Started process (PID=5656) to work on /opt/airflow/dags/minio_to_snowflake_dags.py
[2026-07-22T06:20:46.490+0000] {processor.py:830} INFO - Processing file /opt/airflow/dags/minio_to_snowflake_dags.py for tasks to queue
[2026-07-22T06:20:46.493+0000] {logging_mixin.py:188} INFO - [2026-07-22T06:20:46.492+0000] {dagbag.py:545} INFO - Filling up the DagBag from /opt/airflow/dags/minio_to_snowflake_dags.py
[2026-07-22T06:20:48.415+0000] {processor.py:840} INFO - DAG(s) 'minio_to_snowflake_banking' retrieved from /opt/airflow/dags/minio_to_snowflake_dags.py
[2026-07-22T06:20:48.478+0000] {logging_mixin.py:188} INFO - [2026-07-22T06:20:48.477+0000] {dag.py:3089} INFO - Sync 1 DAGs
[2026-07-22T06:20:48.535+0000] {logging_mixin.py:188} INFO - [2026-07-22T06:20:48.534+0000] {dag.py:3947} INFO - Setting next_dagrun for minio_to_snowflake_banking to 2026-07-22 06:20:00+00:00, run_after=2026-07-22 06:21:00+00:00
[2026-07-22T06:20:48.581+0000] {processor.py:183} INFO - Processing /opt/airflow/dags/minio_to_snowflake_dags.py took 2.113 seconds
[2026-07-22T06:21:19.583+0000] {processor.py:161} INFO - Started process (PID=5705) to work on /opt/airflow/dags/minio_to_snowflake_dags.py
[2026-07-22T06:21:19.591+0000] {processor.py:830} INFO - Processing file /opt/airflow/dags/minio_to_snowflake_dags.py for tasks to queue
[2026-07-22T06:21:19.596+0000] {logging_mixin.py:188} INFO - [2026-07-22T06:21:19.594+0000] {dagbag.py:545} INFO - Filling up the DagBag from /opt/airflow/dags/minio_to_snowflake_dags.py
[2026-07-22T06:21:33.223+0000] {processor.py:840} INFO - DAG(s) 'minio_to_snowflake_banking' retrieved from /opt/airflow/dags/minio_to_snowflake_dags.py
[2026-07-22T06:21:33.774+0000] {logging_mixin.py:188} INFO - [2026-07-22T06:21:33.764+0000] {dag.py:3089} INFO - Sync 1 DAGs
[2026-07-22T06:21:33.990+0000] {logging_mixin.py:188} INFO - [2026-07-22T06:21:33.989+0000] {dag.py:3947} INFO - Setting next_dagrun for minio_to_snowflake_banking to 2026-07-22 06:21:00+00:00, run_after=2026-07-22 06:22:00+00:00
[2026-07-22T06:21:34.125+0000] {processor.py:183} INFO - Processing /opt/airflow/dags/minio_to_snowflake_dags.py took 14.594 seconds
[2026-07-22T06:22:05.887+0000] {processor.py:161} INFO - Started process (PID=5727) to work on /opt/airflow/dags/minio_to_snowflake_dags.py
[2026-07-22T06:22:05.908+0000] {processor.py:830} INFO - Processing file /opt/airflow/dags/minio_to_snowflake_dags.py for tasks to queue
[2026-07-22T06:22:05.945+0000] {logging_mixin.py:188} INFO - [2026-07-22T06:22:05.932+0000] {dagbag.py:545} INFO - Filling up the DagBag from /opt/airflow/dags/minio_to_snowflake_dags.py
[2026-07-22T06:22:18.583+0000] {processor.py:840} INFO - DAG(s) 'minio_to_snowflake_banking' retrieved from /opt/airflow/dags/minio_to_snowflake_dags.py
[2026-07-22T06:22:18.675+0000] {logging_mixin.py:188} INFO - [2026-07-22T06:22:18.674+0000] {dag.py:3089} INFO - Sync 1 DAGs
[2026-07-22T06:22:18.750+0000] {logging_mixin.py:188} INFO - [2026-07-22T06:22:18.749+0000] {dag.py:3947} INFO - Setting next_dagrun for minio_to_snowflake_banking to 2026-07-22 06:22:00+00:00, run_after=2026-07-22 06:23:00+00:00
[2026-07-22T06:22:18.804+0000] {processor.py:183} INFO - Processing /opt/airflow/dags/minio_to_snowflake_dags.py took 12.358 seconds
[2026-07-22T06:22:50.351+0000] {processor.py:161} INFO - Started process (PID=5776) to work on /opt/airflow/dags/minio_to_snowflake_dags.py
[2026-07-22T06:22:50.366+0000] {processor.py:830} INFO - Processing file /opt/airflow/dags/minio_to_snowflake_dags.py for tasks to queue
[2026-07-22T06:22:50.393+0000] {logging_mixin.py:188} INFO - [2026-07-22T06:22:50.382+0000] {dagbag.py:545} INFO - Filling up the DagBag from /opt/airflow/dags/minio_to_snowflake_dags.py
[2026-07-22T06:23:03.665+0000] {processor.py:840} INFO - DAG(s) 'minio_to_snowflake_banking' retrieved from /opt/airflow/dags/minio_to_snowflake_dags.py
[2026-07-22T06:23:04.090+0000] {logging_mixin.py:188} INFO - [2026-07-22T06:23:04.084+0000] {dag.py:3089} INFO - Sync 1 DAGs
[2026-07-22T06:23:04.385+0000] {logging_mixin.py:188} INFO - [2026-07-22T06:23:04.384+0000] {dag.py:3947} INFO - Setting next_dagrun for minio_to_snowflake_banking to 2026-07-22 06:22:00+00:00, run_after=2026-07-22 06:23:00+00:00
[2026-07-22T06:23:04.560+0000] {processor.py:183} INFO - Processing /opt/airflow/dags/minio_to_snowflake_dags.py took 14.378 seconds
[2026-07-22T06:23:35.559+0000] {processor.py:161} INFO - Started process (PID=5829) to work on /opt/airflow/dags/minio_to_snowflake_dags.py
[2026-07-22T06:23:35.563+0000] {processor.py:830} INFO - Processing file /opt/airflow/dags/minio_to_snowflake_dags.py for tasks to queue
[2026-07-22T06:23:35.567+0000] {logging_mixin.py:188} INFO - [2026-07-22T06:23:35.565+0000] {dagbag.py:545} INFO - Filling up the DagBag from /opt/airflow/dags/minio_to_snowflake_dags.py
[2026-07-22T06:23:37.940+0000] {processor.py:840} INFO - DAG(s) 'minio_to_snowflake_banking' retrieved from /opt/airflow/dags/minio_to_snowflake_dags.py
[2026-07-22T06:23:38.052+0000] {logging_mixin.py:188} INFO - [2026-07-22T06:23:38.050+0000] {dag.py:3089} INFO - Sync 1 DAGs
[2026-07-22T06:23:38.170+0000] {logging_mixin.py:188} INFO - [2026-07-22T06:23:38.169+0000] {dag.py:3947} INFO - Setting next_dagrun for minio_to_snowflake_banking to 2026-07-22 06:23:00+00:00, run_after=2026-07-22 06:24:00+00:00
[2026-07-22T06:23:38.214+0000] {processor.py:183} INFO - Processing /opt/airflow/dags/minio_to_snowflake_dags.py took 2.684 seconds
[2026-07-22T06:24:08.773+0000] {processor.py:161} INFO - Started process (PID=5876) to work on /opt/airflow/dags/minio_to_snowflake_dags.py
[2026-07-22T06:24:08.776+0000] {processor.py:830} INFO - Processing file /opt/airflow/dags/minio_to_snowflake_dags.py for tasks to queue
[2026-07-22T06:24:08.782+0000] {logging_mixin.py:188} INFO - [2026-07-22T06:24:08.780+0000] {dagbag.py:545} INFO - Filling up the DagBag from /opt/airflow/dags/minio_to_snowflake_dags.py
[2026-07-22T06:24:13.986+0000] {processor.py:840} INFO - DAG(s) 'minio_to_snowflake_banking' retrieved from /opt/airflow/dags/minio_to_snowflake_dags.py
[2026-07-22T06:24:14.067+0000] {logging_mixin.py:188} INFO - [2026-07-22T06:24:14.066+0000] {dag.py:3089} INFO - Sync 1 DAGs
[2026-07-22T06:24:14.180+0000] {logging_mixin.py:188} INFO - [2026-07-22T06:24:14.180+0000] {dag.py:3947} INFO - Setting next_dagrun for minio_to_snowflake_banking to 2026-07-22 06:24:00+00:00, run_after=2026-07-22 06:25:00+00:00
[2026-07-22T06:24:14.236+0000] {processor.py:183} INFO - Processing /opt/airflow/dags/minio_to_snowflake_dags.py took 5.493 seconds
[2026-07-22T06:24:44.567+0000] {processor.py:161} INFO - Started process (PID=5927) to work on /opt/airflow/dags/minio_to_snowflake_dags.py
[2026-07-22T06:24:44.571+0000] {processor.py:830} INFO - Processing file /opt/airflow/dags/minio_to_snowflake_dags.py for tasks to queue
[2026-07-22T06:24:44.574+0000] {logging_mixin.py:188} INFO - [2026-07-22T06:24:44.573+0000] {dagbag.py:545} INFO - Filling up the DagBag from /opt/airflow/dags/minio_to_snowflake_dags.py
[2026-07-22T06:24:46.242+0000] {processor.py:840} INFO - DAG(s) 'minio_to_snowflake_banking' retrieved from /opt/airflow/dags/minio_to_snowflake_dags.py
[2026-07-22T06:24:46.297+0000] {logging_mixin.py:188} INFO - [2026-07-22T06:24:46.296+0000] {dag.py:3089} INFO - Sync 1 DAGs
[2026-07-22T06:24:46.344+0000] {logging_mixin.py:188} INFO - [2026-07-22T06:24:46.344+0000] {dag.py:3947} INFO - Setting next_dagrun for minio_to_snowflake_banking to 2026-07-22 06:24:00+00:00, run_after=2026-07-22 06:25:00+00:00
[2026-07-22T06:24:46.382+0000] {processor.py:183} INFO - Processing /opt/airflow/dags/minio_to_snowflake_dags.py took 1.831 seconds
[2026-07-22T06:25:16.558+0000] {processor.py:161} INFO - Started process (PID=5964) to work on /opt/airflow/dags/minio_to_snowflake_dags.py
[2026-07-22T06:25:16.561+0000] {processor.py:830} INFO - Processing file /opt/airflow/dags/minio_to_snowflake_dags.py for tasks to queue
[2026-07-22T06:25:16.563+0000] {logging_mixin.py:188} INFO - [2026-07-22T06:25:16.563+0000] {dagbag.py:545} INFO - Filling up the DagBag from /opt/airflow/dags/minio_to_snowflake_dags.py
[2026-07-22T06:25:18.481+0000] {processor.py:840} INFO - DAG(s) 'minio_to_snowflake_banking' retrieved from /opt/airflow/dags/minio_to_snowflake_dags.py
[2026-07-22T06:25:18.533+0000] {logging_mixin.py:188} INFO - [2026-07-22T06:25:18.532+0000] {dag.py:3089} INFO - Sync 1 DAGs
[2026-07-22T06:25:18.577+0000] {logging_mixin.py:188} INFO - [2026-07-22T06:25:18.577+0000] {dag.py:3947} INFO - Setting next_dagrun for minio_to_snowflake_banking to 2026-07-22 06:25:00+00:00, run_after=2026-07-22 06:26:00+00:00
[2026-07-22T06:25:18.626+0000] {processor.py:183} INFO - Processing /opt/airflow/dags/minio_to_snowflake_dags.py took 2.084 seconds
[2026-07-22T06:25:49.503+0000] {processor.py:161} INFO - Started process (PID=5997) to work on /opt/airflow/dags/minio_to_snowflake_dags.py
[2026-07-22T06:25:49.551+0000] {processor.py:830} INFO - Processing file /opt/airflow/dags/minio_to_snowflake_dags.py for tasks to queue
[2026-07-22T06:25:49.554+0000] {logging_mixin.py:188} INFO - [2026-07-22T06:25:49.553+0000] {dagbag.py:545} INFO - Filling up the DagBag from /opt/airflow/dags/minio_to_snowflake_dags.py
[2026-07-22T06:25:57.045+0000] {processor.py:840} INFO - DAG(s) 'minio_to_snowflake_banking' retrieved from /opt/airflow/dags/minio_to_snowflake_dags.py
[2026-07-22T06:25:57.657+0000] {logging_mixin.py:188} INFO - [2026-07-22T06:25:57.650+0000] {dag.py:3089} INFO - Sync 1 DAGs
[2026-07-22T06:25:57.923+0000] {logging_mixin.py:188} INFO - [2026-07-22T06:25:57.921+0000] {dag.py:3947} INFO - Setting next_dagrun for minio_to_snowflake_banking to 2026-07-22 06:25:00+00:00, run_after=2026-07-22 06:26:00+00:00
[2026-07-22T06:25:58.073+0000] {processor.py:183} INFO - Processing /opt/airflow/dags/minio_to_snowflake_dags.py took 7.484 seconds
[2026-07-22T06:26:30.828+0000] {processor.py:161} INFO - Started process (PID=6034) to work on /opt/airflow/dags/minio_to_snowflake_dags.py
[2026-07-22T06:26:30.841+0000] {processor.py:830} INFO - Processing file /opt/airflow/dags/minio_to_snowflake_dags.py for tasks to queue
[2026-07-22T06:26:30.865+0000] {logging_mixin.py:188} INFO - [2026-07-22T06:26:30.856+0000] {dagbag.py:545} INFO - Filling up the DagBag from /opt/airflow/dags/minio_to_snowflake_dags.py
[2026-07-22T06:26:53.396+0000] {processor.py:840} INFO - DAG(s) 'minio_to_snowflake_banking' retrieved from /opt/airflow/dags/minio_to_snowflake_dags.py
[2026-07-22T06:26:53.732+0000] {logging_mixin.py:188} INFO - [2026-07-22T06:26:53.731+0000] {dag.py:3089} INFO - Sync 1 DAGs
[2026-07-22T06:26:53.832+0000] {logging_mixin.py:188} INFO - [2026-07-22T06:26:53.831+0000] {dag.py:3947} INFO - Setting next_dagrun for minio_to_snowflake_banking to 2026-07-22 06:26:00+00:00, run_after=2026-07-22 06:27:00+00:00
[2026-07-22T06:26:53.906+0000] {processor.py:183} INFO - Processing /opt/airflow/dags/minio_to_snowflake_dags.py took 23.299 seconds
[2026-07-22T06:27:24.861+0000] {processor.py:161} INFO - Started process (PID=6100) to work on /opt/airflow/dags/minio_to_snowflake_dags.py
[2026-07-22T06:27:24.874+0000] {processor.py:830} INFO - Processing file /opt/airflow/dags/minio_to_snowflake_dags.py for tasks to queue
[2026-07-22T06:27:24.903+0000] {logging_mixin.py:188} INFO - [2026-07-22T06:27:24.889+0000] {dagbag.py:545} INFO - Filling up the DagBag from /opt/airflow/dags/minio_to_snowflake_dags.py
[2026-07-22T06:27:37.131+0000] {processor.py:840} INFO - DAG(s) 'minio_to_snowflake_banking' retrieved from /opt/airflow/dags/minio_to_snowflake_dags.py
[2026-07-22T06:27:37.332+0000] {logging_mixin.py:188} INFO - [2026-07-22T06:27:37.331+0000] {dag.py:3089} INFO - Sync 1 DAGs
[2026-07-22T06:27:37.435+0000] {logging_mixin.py:188} INFO - [2026-07-22T06:27:37.435+0000] {dag.py:3947} INFO - Setting next_dagrun for minio_to_snowflake_banking to 2026-07-22 06:27:00+00:00, run_after=2026-07-22 06:28:00+00:00
[2026-07-22T06:27:38.578+0000] {processor.py:183} INFO - Processing /opt/airflow/dags/minio_to_snowflake_dags.py took 11.226 seconds
[2026-07-22T06:28:09.199+0000] {processor.py:161} INFO - Started process (PID=6146) to work on /opt/airflow/dags/minio_to_snowflake_dags.py
[2026-07-22T06:28:09.207+0000] {processor.py:830} INFO - Processing file /opt/airflow/dags/minio_to_snowflake_dags.py for tasks to queue
[2026-07-22T06:28:09.213+0000] {logging_mixin.py:188} INFO - [2026-07-22T06:28:09.211+0000] {dagbag.py:545} INFO - Filling up the DagBag from /opt/airflow/dags/minio_to_snowflake_dags.py
[2026-07-22T06:28:13.741+0000] {processor.py:840} INFO - DAG(s) 'minio_to_snowflake_banking' retrieved from /opt/airflow/dags/minio_to_snowflake_dags.py
[2026-07-22T06:28:13.839+0000] {logging_mixin.py:188} INFO - [2026-07-22T06:28:13.838+0000] {dag.py:3089} INFO - Sync 1 DAGs
[2026-07-22T06:28:13.924+0000] {logging_mixin.py:188} INFO - [2026-07-22T06:28:13.924+0000] {dag.py:3947} INFO - Setting next_dagrun for minio_to_snowflake_banking to 2026-07-22 06:28:00+00:00, run_after=2026-07-22 06:29:00+00:00
[2026-07-22T06:28:13.993+0000] {processor.py:183} INFO - Processing /opt/airflow/dags/minio_to_snowflake_dags.py took 4.825 seconds
[2026-07-22T06:28:44.363+0000] {processor.py:161} INFO - Started process (PID=6198) to work on /opt/airflow/dags/minio_to_snowflake_dags.py
[2026-07-22T06:28:44.367+0000] {processor.py:830} INFO - Processing file /opt/airflow/dags/minio_to_snowflake_dags.py for tasks to queue
[2026-07-22T06:28:44.370+0000] {logging_mixin.py:188} INFO - [2026-07-22T06:28:44.369+0000] {dagbag.py:545} INFO - Filling up the DagBag from /opt/airflow/dags/minio_to_snowflake_dags.py
[2026-07-22T06:28:46.494+0000] {processor.py:840} INFO - DAG(s) 'minio_to_snowflake_banking' retrieved from /opt/airflow/dags/minio_to_snowflake_dags.py
[2026-07-22T06:28:46.586+0000] {logging_mixin.py:188} INFO - [2026-07-22T06:28:46.585+0000] {dag.py:3089} INFO - Sync 1 DAGs
[2026-07-22T06:28:46.654+0000] {logging_mixin.py:188} INFO - [2026-07-22T06:28:46.654+0000] {dag.py:3947} INFO - Setting next_dagrun for minio_to_snowflake_banking to 2026-07-22 06:28:00+00:00, run_after=2026-07-22 06:29:00+00:00
[2026-07-22T06:28:46.719+0000] {processor.py:183} INFO - Processing /opt/airflow/dags/minio_to_snowflake_dags.py took 2.380 seconds
[2026-07-22T06:29:17.757+0000] {processor.py:161} INFO - Started process (PID=6235) to work on /opt/airflow/dags/minio_to_snowflake_dags.py
[2026-07-22T06:29:17.761+0000] {processor.py:830} INFO - Processing file /opt/airflow/dags/minio_to_snowflake_dags.py for tasks to queue
[2026-07-22T06:29:17.764+0000] {logging_mixin.py:188} INFO - [2026-07-22T06:29:17.763+0000] {dagbag.py:545} INFO - Filling up the DagBag from /opt/airflow/dags/minio_to_snowflake_dags.py
[2026-07-22T06:29:19.604+0000] {processor.py:840} INFO - DAG(s) 'minio_to_snowflake_banking' retrieved from /opt/airflow/dags/minio_to_snowflake_dags.py
[2026-07-22T06:29:19.661+0000] {logging_mixin.py:188} INFO - [2026-07-22T06:29:19.660+0000] {dag.py:3089} INFO - Sync 1 DAGs
[2026-07-22T06:29:19.708+0000] {logging_mixin.py:188} INFO - [2026-07-22T06:29:19.708+0000] {dag.py:3947} INFO - Setting next_dagrun for minio_to_snowflake_banking to 2026-07-22 06:29:00+00:00, run_after=2026-07-22 06:30:00+00:00
[2026-07-22T06:29:19.749+0000] {processor.py:183} INFO - Processing /opt/airflow/dags/minio_to_snowflake_dags.py took 2.009 seconds
[2026-07-22T06:29:50.838+0000] {processor.py:161} INFO - Started process (PID=6268) to work on /opt/airflow/dags/minio_to_snowflake_dags.py
[2026-07-22T06:29:50.841+0000] {processor.py:830} INFO - Processing file /opt/airflow/dags/minio_to_snowflake_dags.py for tasks to queue
[2026-07-22T06:29:50.844+0000] {logging_mixin.py:188} INFO - [2026-07-22T06:29:50.843+0000] {dagbag.py:545} INFO - Filling up the DagBag from /opt/airflow/dags/minio_to_snowflake_dags.py
[2026-07-22T06:29:52.613+0000] {processor.py:840} INFO - DAG(s) 'minio_to_snowflake_banking' retrieved from /opt/airflow/dags/minio_to_snowflake_dags.py
[2026-07-22T06:29:52.679+0000] {logging_mixin.py:188} INFO - [2026-07-22T06:29:52.678+0000] {dag.py:3089} INFO - Sync 1 DAGs
[2026-07-22T06:29:52.730+0000] {logging_mixin.py:188} INFO - [2026-07-22T06:29:52.730+0000] {dag.py:3947} INFO - Setting next_dagrun for minio_to_snowflake_banking to 2026-07-22 06:29:00+00:00, run_after=2026-07-22 06:30:00+00:00
[2026-07-22T06:29:52.773+0000] {processor.py:183} INFO - Processing /opt/airflow/dags/minio_to_snowflake_dags.py took 1.953 seconds
[2026-07-22T06:30:23.787+0000] {processor.py:161} INFO - Started process (PID=6304) to work on /opt/airflow/dags/minio_to_snowflake_dags.py
[2026-07-22T06:30:23.795+0000] {processor.py:830} INFO - Processing file /opt/airflow/dags/minio_to_snowflake_dags.py for tasks to queue
[2026-07-22T06:30:23.806+0000] {logging_mixin.py:188} INFO - [2026-07-22T06:30:23.802+0000] {dagbag.py:545} INFO - Filling up the DagBag from /opt/airflow/dags/minio_to_snowflake_dags.py
[2026-07-22T06:30:30.841+0000] {processor.py:840} INFO - DAG(s) 'minio_to_snowflake_banking' retrieved from /opt/airflow/dags/minio_to_snowflake_dags.py
[2026-07-22T06:30:30.946+0000] {logging_mixin.py:188} INFO - [2026-07-22T06:30:30.944+0000] {dag.py:3089} INFO - Sync 1 DAGs
[2026-07-22T06:30:31.014+0000] {logging_mixin.py:188} INFO - [2026-07-22T06:30:31.013+0000] {dag.py:3947} INFO - Setting next_dagrun for minio_to_snowflake_banking to 2026-07-22 06:30:00+00:00, run_after=2026-07-22 06:31:00+00:00
[2026-07-22T06:30:31.066+0000] {processor.py:183} INFO - Processing /opt/airflow/dags/minio_to_snowflake_dags.py took 7.369 seconds
[2026-07-22T06:31:01.477+0000] {processor.py:161} INFO - Started process (PID=6339) to work on /opt/airflow/dags/minio_to_snowflake_dags.py
[2026-07-22T06:31:01.481+0000] {processor.py:830} INFO - Processing file /opt/airflow/dags/minio_to_snowflake_dags.py for tasks to queue
[2026-07-22T06:31:01.485+0000] {logging_mixin.py:188} INFO - [2026-07-22T06:31:01.484+0000] {dagbag.py:545} INFO - Filling up the DagBag from /opt/airflow/dags/minio_to_snowflake_dags.py
[2026-07-22T06:31:04.324+0000] {processor.py:840} INFO - DAG(s) 'minio_to_snowflake_banking' retrieved from /opt/airflow/dags/minio_to_snowflake_dags.py
[2026-07-22T06:31:04.437+0000] {logging_mixin.py:188} INFO - [2026-07-22T06:31:04.435+0000] {dag.py:3089} INFO - Sync 1 DAGs
[2026-07-22T06:31:04.536+0000] {logging_mixin.py:188} INFO - [2026-07-22T06:31:04.535+0000] {dag.py:3947} INFO - Setting next_dagrun for minio_to_snowflake_banking to 2026-07-22 06:31:00+00:00, run_after=2026-07-22 06:32:00+00:00
[2026-07-22T06:31:04.614+0000] {processor.py:183} INFO - Processing /opt/airflow/dags/minio_to_snowflake_dags.py took 3.194 seconds
[2026-07-22T06:31:35.153+0000] {processor.py:161} INFO - Started process (PID=6395) to work on /opt/airflow/dags/minio_to_snowflake_dags.py
[2026-07-22T06:31:35.163+0000] {processor.py:830} INFO - Processing file /opt/airflow/dags/minio_to_snowflake_dags.py for tasks to queue
[2026-07-22T06:31:35.179+0000] {logging_mixin.py:188} INFO - [2026-07-22T06:31:35.171+0000] {dagbag.py:545} INFO - Filling up the DagBag from /opt/airflow/dags/minio_to_snowflake_dags.py
[2026-07-22T06:31:43.640+0000] {processor.py:840} INFO - DAG(s) 'minio_to_snowflake_banking' retrieved from /opt/airflow/dags/minio_to_snowflake_dags.py
[2026-07-22T06:31:43.742+0000] {logging_mixin.py:188} INFO - [2026-07-22T06:31:43.741+0000] {dag.py:3089} INFO - Sync 1 DAGs
[2026-07-22T06:31:43.816+0000] {logging_mixin.py:188} INFO - [2026-07-22T06:31:43.815+0000] {dag.py:3947} INFO - Setting next_dagrun for minio_to_snowflake_banking to 2026-07-22 06:31:00+00:00, run_after=2026-07-22 06:32:00+00:00
[2026-07-22T06:31:43.881+0000] {processor.py:183} INFO - Processing /opt/airflow/dags/minio_to_snowflake_dags.py took 8.333 seconds
[2026-07-22T06:32:14.450+0000] {processor.py:161} INFO - Started process (PID=6440) to work on /opt/airflow/dags/minio_to_snowflake_dags.py
[2026-07-22T06:32:14.453+0000] {processor.py:830} INFO - Processing file /opt/airflow/dags/minio_to_snowflake_dags.py for tasks to queue
[2026-07-22T06:32:14.458+0000] {logging_mixin.py:188} INFO - [2026-07-22T06:32:14.457+0000] {dagbag.py:545} INFO - Filling up the DagBag from /opt/airflow/dags/minio_to_snowflake_dags.py
[2026-07-22T06:32:16.673+0000] {processor.py:840} INFO - DAG(s) 'minio_to_snowflake_banking' retrieved from /opt/airflow/dags/minio_to_snowflake_dags.py
[2026-07-22T06:32:16.743+0000] {logging_mixin.py:188} INFO - [2026-07-22T06:32:16.742+0000] {dag.py:3089} INFO - Sync 1 DAGs
[2026-07-22T06:32:16.795+0000] {logging_mixin.py:188} INFO - [2026-07-22T06:32:16.795+0000] {dag.py:3947} INFO - Setting next_dagrun for minio_to_snowflake_banking to 2026-07-22 06:32:00+00:00, run_after=2026-07-22 06:33:00+00:00
[2026-07-22T06:32:16.847+0000] {processor.py:183} INFO - Processing /opt/airflow/dags/minio_to_snowflake_dags.py took 2.420 seconds
[2026-07-22T06:32:47.470+0000] {processor.py:161} INFO - Started process (PID=6472) to work on /opt/airflow/dags/minio_to_snowflake_dags.py
[2026-07-22T06:32:47.472+0000] {processor.py:830} INFO - Processing file /opt/airflow/dags/minio_to_snowflake_dags.py for tasks to queue
[2026-07-22T06:32:47.475+0000] {logging_mixin.py:188} INFO - [2026-07-22T06:32:47.474+0000] {dagbag.py:545} INFO - Filling up the DagBag from /opt/airflow/dags/minio_to_snowflake_dags.py
[2026-07-22T06:32:49.368+0000] {processor.py:840} INFO - DAG(s) 'minio_to_snowflake_banking' retrieved from /opt/airflow/dags/minio_to_snowflake_dags.py
[2026-07-22T06:32:49.442+0000] {logging_mixin.py:188} INFO - [2026-07-22T06:32:49.440+0000] {dag.py:3089} INFO - Sync 1 DAGs
[2026-07-22T06:32:49.498+0000] {logging_mixin.py:188} INFO - [2026-07-22T06:32:49.497+0000] {dag.py:3947} INFO - Setting next_dagrun for minio_to_snowflake_banking to 2026-07-22 06:32:00+00:00, run_after=2026-07-22 06:33:00+00:00
[2026-07-22T06:32:49.537+0000] {processor.py:183} INFO - Processing /opt/airflow/dags/minio_to_snowflake_dags.py took 2.085 seconds
[2026-07-22T06:33:20.637+0000] {processor.py:161} INFO - Started process (PID=6520) to work on /opt/airflow/dags/minio_to_snowflake_dags.py
[2026-07-22T06:33:20.640+0000] {processor.py:830} INFO - Processing file /opt/airflow/dags/minio_to_snowflake_dags.py for tasks to queue
[2026-07-22T06:33:20.643+0000] {logging_mixin.py:188} INFO - [2026-07-22T06:33:20.642+0000] {dagbag.py:545} INFO - Filling up the DagBag from /opt/airflow/dags/minio_to_snowflake_dags.py
[2026-07-22T06:33:22.719+0000] {processor.py:840} INFO - DAG(s) 'minio_to_snowflake_banking' retrieved from /opt/airflow/dags/minio_to_snowflake_dags.py
[2026-07-22T06:33:22.779+0000] {logging_mixin.py:188} INFO - [2026-07-22T06:33:22.778+0000] {dag.py:3089} INFO - Sync 1 DAGs
[2026-07-22T06:33:22.823+0000] {logging_mixin.py:188} INFO - [2026-07-22T06:33:22.823+0000] {dag.py:3947} INFO - Setting next_dagrun for minio_to_snowflake_banking to 2026-07-22 06:33:00+00:00, run_after=2026-07-22 06:34:00+00:00
[2026-07-22T06:33:22.862+0000] {processor.py:183} INFO - Processing /opt/airflow/dags/minio_to_snowflake_dags.py took 2.246 seconds
[2026-07-22T06:33:53.675+0000] {processor.py:161} INFO - Started process (PID=6542) to work on /opt/airflow/dags/minio_to_snowflake_dags.py
[2026-07-22T06:33:53.679+0000] {processor.py:830} INFO - Processing file /opt/airflow/dags/minio_to_snowflake_dags.py for tasks to queue
[2026-07-22T06:33:53.682+0000] {logging_mixin.py:188} INFO - [2026-07-22T06:33:53.681+0000] {dagbag.py:545} INFO - Filling up the DagBag from /opt/airflow/dags/minio_to_snowflake_dags.py
[2026-07-22T06:33:55.809+0000] {processor.py:840} INFO - DAG(s) 'minio_to_snowflake_banking' retrieved from /opt/airflow/dags/minio_to_snowflake_dags.py
[2026-07-22T06:33:55.878+0000] {logging_mixin.py:188} INFO - [2026-07-22T06:33:55.877+0000] {dag.py:3089} INFO - Sync 1 DAGs
[2026-07-22T06:33:55.935+0000] {logging_mixin.py:188} INFO - [2026-07-22T06:33:55.935+0000] {dag.py:3947} INFO - Setting next_dagrun for minio_to_snowflake_banking to 2026-07-22 06:33:00+00:00, run_after=2026-07-22 06:34:00+00:00
[2026-07-22T06:33:55.980+0000] {processor.py:183} INFO - Processing /opt/airflow/dags/minio_to_snowflake_dags.py took 2.326 seconds
[2026-07-22T06:34:26.357+0000] {processor.py:161} INFO - Started process (PID=6600) to work on /opt/airflow/dags/minio_to_snowflake_dags.py
[2026-07-22T06:34:26.363+0000] {processor.py:830} INFO - Processing file /opt/airflow/dags/minio_to_snowflake_dags.py for tasks to queue
[2026-07-22T06:34:26.371+0000] {logging_mixin.py:188} INFO - [2026-07-22T06:34:26.368+0000] {dagbag.py:545} INFO - Filling up the DagBag from /opt/airflow/dags/minio_to_snowflake_dags.py
[2026-07-22T06:34:30.821+0000] {processor.py:840} INFO - DAG(s) 'minio_to_snowflake_banking' retrieved from /opt/airflow/dags/minio_to_snowflake_dags.py
[2026-07-22T06:34:30.939+0000] {logging_mixin.py:188} INFO - [2026-07-22T06:34:30.937+0000] {dag.py:3089} INFO - Sync 1 DAGs
[2026-07-22T06:34:31.054+0000] {logging_mixin.py:188} INFO - [2026-07-22T06:34:31.053+0000] {dag.py:3947} INFO - Setting next_dagrun for minio_to_snowflake_banking to 2026-07-22 06:34:00+00:00, run_after=2026-07-22 06:35:00+00:00
[2026-07-22T06:34:31.119+0000] {processor.py:183} INFO - Processing /opt/airflow/dags/minio_to_snowflake_dags.py took 4.838 seconds
[2026-07-22T06:35:01.400+0000] {processor.py:161} INFO - Started process (PID=6613) to work on /opt/airflow/dags/minio_to_snowflake_dags.py
[2026-07-22T06:35:01.404+0000] {processor.py:830} INFO - Processing file /opt/airflow/dags/minio_to_snowflake_dags.py for tasks to queue
[2026-07-22T06:35:01.407+0000] {logging_mixin.py:188} INFO - [2026-07-22T06:35:01.406+0000] {dagbag.py:545} INFO - Filling up the DagBag from /opt/airflow/dags/minio_to_snowflake_dags.py
[2026-07-22T06:35:03.572+0000] {processor.py:840} INFO - DAG(s) 'minio_to_snowflake_banking' retrieved from /opt/airflow/dags/minio_to_snowflake_dags.py
[2026-07-22T06:35:03.636+0000] {logging_mixin.py:188} INFO - [2026-07-22T06:35:03.635+0000] {dag.py:3089} INFO - Sync 1 DAGs
[2026-07-22T06:35:03.696+0000] {logging_mixin.py:188} INFO - [2026-07-22T06:35:03.696+0000] {dag.py:3947} INFO - Setting next_dagrun for minio_to_snowflake_banking to 2026-07-22 06:35:00+00:00, run_after=2026-07-22 06:36:00+00:00
[2026-07-22T06:35:03.739+0000] {processor.py:183} INFO - Processing /opt/airflow/dags/minio_to_snowflake_dags.py took 2.362 seconds
[2026-07-22T06:35:34.531+0000] {processor.py:161} INFO - Started process (PID=6678) to work on /opt/airflow/dags/minio_to_snowflake_dags.py
[2026-07-22T06:35:34.534+0000] {processor.py:830} INFO - Processing file /opt/airflow/dags/minio_to_snowflake_dags.py for tasks to queue
[2026-07-22T06:35:34.538+0000] {logging_mixin.py:188} INFO - [2026-07-22T06:35:34.536+0000] {dagbag.py:545} INFO - Filling up the DagBag from /opt/airflow/dags/minio_to_snowflake_dags.py
[2026-07-22T06:35:36.378+0000] {processor.py:840} INFO - DAG(s) 'minio_to_snowflake_banking' retrieved from /opt/airflow/dags/minio_to_snowflake_dags.py
[2026-07-22T06:35:36.441+0000] {logging_mixin.py:188} INFO - [2026-07-22T06:35:36.440+0000] {dag.py:3089} INFO - Sync 1 DAGs
[2026-07-22T06:35:36.494+0000] {logging_mixin.py:188} INFO - [2026-07-22T06:35:36.493+0000] {dag.py:3947} INFO - Setting next_dagrun for minio_to_snowflake_banking to 2026-07-22 06:35:00+00:00, run_after=2026-07-22 06:36:00+00:00
[2026-07-22T06:35:36.537+0000] {processor.py:183} INFO - Processing /opt/airflow/dags/minio_to_snowflake_dags.py took 2.024 seconds
[2026-07-22T06:36:07.025+0000] {processor.py:161} INFO - Started process (PID=6694) to work on /opt/airflow/dags/minio_to_snowflake_dags.py
[2026-07-22T06:36:07.027+0000] {processor.py:830} INFO - Processing file /opt/airflow/dags/minio_to_snowflake_dags.py for tasks to queue
[2026-07-22T06:36:07.030+0000] {logging_mixin.py:188} INFO - [2026-07-22T06:36:07.030+0000] {dagbag.py:545} INFO - Filling up the DagBag from /opt/airflow/dags/minio_to_snowflake_dags.py
[2026-07-22T06:36:08.921+0000] {processor.py:840} INFO - DAG(s) 'minio_to_snowflake_banking' retrieved from /opt/airflow/dags/minio_to_snowflake_dags.py
[2026-07-22T06:36:08.985+0000] {logging_mixin.py:188} INFO - [2026-07-22T06:36:08.984+0000] {dag.py:3089} INFO - Sync 1 DAGs
[2026-07-22T06:36:09.034+0000] {logging_mixin.py:188} INFO - [2026-07-22T06:36:09.034+0000] {dag.py:3947} INFO - Setting next_dagrun for minio_to_snowflake_banking to 2026-07-22 06:36:00+00:00, run_after=2026-07-22 06:37:00+00:00
[2026-07-22T06:36:09.074+0000] {processor.py:183} INFO - Processing /opt/airflow/dags/minio_to_snowflake_dags.py took 2.067 seconds
[2026-07-22T06:36:40.416+0000] {processor.py:161} INFO - Started process (PID=6748) to work on /opt/airflow/dags/minio_to_snowflake_dags.py
[2026-07-22T06:36:40.428+0000] {processor.py:830} INFO - Processing file /opt/airflow/dags/minio_to_snowflake_dags.py for tasks to queue
[2026-07-22T06:36:40.442+0000] {logging_mixin.py:188} INFO - [2026-07-22T06:36:40.437+0000] {dagbag.py:545} INFO - Filling up the DagBag from /opt/airflow/dags/minio_to_snowflake_dags.py
[2026-07-22T06:36:49.477+0000] {processor.py:840} INFO - DAG(s) 'minio_to_snowflake_banking' retrieved from /opt/airflow/dags/minio_to_snowflake_dags.py
[2026-07-22T06:36:49.573+0000] {logging_mixin.py:188} INFO - [2026-07-22T06:36:49.571+0000] {dag.py:3089} INFO - Sync 1 DAGs
[2026-07-22T06:36:49.641+0000] {logging_mixin.py:188} INFO - [2026-07-22T06:36:49.641+0000] {dag.py:3947} INFO - Setting next_dagrun for minio_to_snowflake_banking to 2026-07-22 06:36:00+00:00, run_after=2026-07-22 06:37:00+00:00
[2026-07-22T06:36:49.734+0000] {processor.py:183} INFO - Processing /opt/airflow/dags/minio_to_snowflake_dags.py took 9.465 seconds
[2026-07-22T06:37:20.205+0000] {processor.py:161} INFO - Started process (PID=6784) to work on /opt/airflow/dags/minio_to_snowflake_dags.py
[2026-07-22T06:37:20.227+0000] {processor.py:830} INFO - Processing file /opt/airflow/dags/minio_to_snowflake_dags.py for tasks to queue
[2026-07-22T06:37:20.233+0000] {logging_mixin.py:188} INFO - [2026-07-22T06:37:20.231+0000] {dagbag.py:545} INFO - Filling up the DagBag from /opt/airflow/dags/minio_to_snowflake_dags.py
[2026-07-22T06:37:22.599+0000] {processor.py:840} INFO - DAG(s) 'minio_to_snowflake_banking' retrieved from /opt/airflow/dags/minio_to_snowflake_dags.py
[2026-07-22T06:37:22.665+0000] {logging_mixin.py:188} INFO - [2026-07-22T06:37:22.665+0000] {dag.py:3089} INFO - Sync 1 DAGs
[2026-07-22T06:37:22.716+0000] {logging_mixin.py:188} INFO - [2026-07-22T06:37:22.715+0000] {dag.py:3947} INFO - Setting next_dagrun for minio_to_snowflake_banking to 2026-07-22 06:37:00+00:00, run_after=2026-07-22 06:38:00+00:00
[2026-07-22T06:37:22.761+0000] {processor.py:183} INFO - Processing /opt/airflow/dags/minio_to_snowflake_dags.py took 2.614 seconds
[2026-07-22T06:37:53.744+0000] {processor.py:161} INFO - Started process (PID=6818) to work on /opt/airflow/dags/minio_to_snowflake_dags.py
[2026-07-22T06:37:53.747+0000] {processor.py:830} INFO - Processing file /opt/airflow/dags/minio_to_snowflake_dags.py for tasks to queue
[2026-07-22T06:37:53.750+0000] {logging_mixin.py:188} INFO - [2026-07-22T06:37:53.749+0000] {dagbag.py:545} INFO - Filling up the DagBag from /opt/airflow/dags/minio_to_snowflake_dags.py
[2026-07-22T06:37:55.582+0000] {processor.py:840} INFO - DAG(s) 'minio_to_snowflake_banking' retrieved from /opt/airflow/dags/minio_to_snowflake_dags.py
[2026-07-22T06:37:55.684+0000] {logging_mixin.py:188} INFO - [2026-07-22T06:37:55.683+0000] {dag.py:3089} INFO - Sync 1 DAGs
[2026-07-22T06:37:55.735+0000] {logging_mixin.py:188} INFO - [2026-07-22T06:37:55.735+0000] {dag.py:3947} INFO - Setting next_dagrun for minio_to_snowflake_banking to 2026-07-22 06:37:00+00:00, run_after=2026-07-22 06:38:00+00:00
[2026-07-22T06:37:55.779+0000] {processor.py:183} INFO - Processing /opt/airflow/dags/minio_to_snowflake_dags.py took 2.053 seconds
[2026-07-22T06:38:26.551+0000] {processor.py:161} INFO - Started process (PID=6884) to work on /opt/airflow/dags/minio_to_snowflake_dags.py
[2026-07-22T06:38:26.561+0000] {processor.py:830} INFO - Processing file /opt/airflow/dags/minio_to_snowflake_dags.py for tasks to queue
[2026-07-22T06:38:26.567+0000] {logging_mixin.py:188} INFO - [2026-07-22T06:38:26.564+0000] {dagbag.py:545} INFO - Filling up the DagBag from /opt/airflow/dags/minio_to_snowflake_dags.py
[2026-07-22T06:38:30.150+0000] {processor.py:840} INFO - DAG(s) 'minio_to_snowflake_banking' retrieved from /opt/airflow/dags/minio_to_snowflake_dags.py
[2026-07-22T06:38:30.227+0000] {logging_mixin.py:188} INFO - [2026-07-22T06:38:30.225+0000] {dag.py:3089} INFO - Sync 1 DAGs
[2026-07-22T06:38:30.304+0000] {logging_mixin.py:188} INFO - [2026-07-22T06:38:30.304+0000] {dag.py:3947} INFO - Setting next_dagrun for minio_to_snowflake_banking to 2026-07-22 06:38:00+00:00, run_after=2026-07-22 06:39:00+00:00
[2026-07-22T06:38:30.361+0000] {processor.py:183} INFO - Processing /opt/airflow/dags/minio_to_snowflake_dags.py took 2.925 seconds
[2026-07-22T06:39:03.154+0000] {processor.py:161} INFO - Started process (PID=6889) to work on /opt/airflow/dags/minio_to_snowflake_dags.py
[2026-07-22T06:39:03.157+0000] {processor.py:830} INFO - Processing file /opt/airflow/dags/minio_to_snowflake_dags.py for tasks to queue
[2026-07-22T06:39:03.161+0000] {logging_mixin.py:188} INFO - [2026-07-22T06:39:03.160+0000] {dagbag.py:545} INFO - Filling up the DagBag from /opt/airflow/dags/minio_to_snowflake_dags.py
[2026-07-22T06:39:05.625+0000] {processor.py:840} INFO - DAG(s) 'minio_to_snowflake_banking' retrieved from /opt/airflow/dags/minio_to_snowflake_dags.py
[2026-07-22T06:39:05.711+0000] {logging_mixin.py:188} INFO - [2026-07-22T06:39:05.710+0000] {dag.py:3089} INFO - Sync 1 DAGs
[2026-07-22T06:39:05.781+0000] {logging_mixin.py:188} INFO - [2026-07-22T06:39:05.780+0000] {dag.py:3947} INFO - Setting next_dagrun for minio_to_snowflake_banking to 2026-07-22 06:39:00+00:00, run_after=2026-07-22 06:40:00+00:00
[2026-07-22T06:39:05.834+0000] {processor.py:183} INFO - Processing /opt/airflow/dags/minio_to_snowflake_dags.py took 2.702 seconds
[2026-07-22T06:39:36.058+0000] {processor.py:161} INFO - Started process (PID=6954) to work on /opt/airflow/dags/minio_to_snowflake_dags.py
[2026-07-22T06:39:36.061+0000] {processor.py:830} INFO - Processing file /opt/airflow/dags/minio_to_snowflake_dags.py for tasks to queue
[2026-07-22T06:39:36.065+0000] {logging_mixin.py:188} INFO - [2026-07-22T06:39:36.064+0000] {dagbag.py:545} INFO - Filling up the DagBag from /opt/airflow/dags/minio_to_snowflake_dags.py
[2026-07-22T06:39:37.861+0000] {processor.py:840} INFO - DAG(s) 'minio_to_snowflake_banking' retrieved from /opt/airflow/dags/minio_to_snowflake_dags.py
[2026-07-22T06:39:37.915+0000] {logging_mixin.py:188} INFO - [2026-07-22T06:39:37.914+0000] {dag.py:3089} INFO - Sync 1 DAGs
[2026-07-22T06:39:37.966+0000] {logging_mixin.py:188} INFO - [2026-07-22T06:39:37.965+0000] {dag.py:3947} INFO - Setting next_dagrun for minio_to_snowflake_banking to 2026-07-22 06:39:00+00:00, run_after=2026-07-22 06:40:00+00:00
[2026-07-22T06:39:38.015+0000] {processor.py:183} INFO - Processing /opt/airflow/dags/minio_to_snowflake_dags.py took 1.977 seconds
[2026-07-22T06:40:08.424+0000] {processor.py:161} INFO - Started process (PID=6970) to work on /opt/airflow/dags/minio_to_snowflake_dags.py
[2026-07-22T06:40:08.427+0000] {processor.py:830} INFO - Processing file /opt/airflow/dags/minio_to_snowflake_dags.py for tasks to queue
[2026-07-22T06:40:08.431+0000] {logging_mixin.py:188} INFO - [2026-07-22T06:40:08.430+0000] {dagbag.py:545} INFO - Filling up the DagBag from /opt/airflow/dags/minio_to_snowflake_dags.py
[2026-07-22T06:40:10.523+0000] {processor.py:840} INFO - DAG(s) 'minio_to_snowflake_banking' retrieved from /opt/airflow/dags/minio_to_snowflake_dags.py
[2026-07-22T06:40:10.599+0000] {logging_mixin.py:188} INFO - [2026-07-22T06:40:10.597+0000] {dag.py:3089} INFO - Sync 1 DAGs
[2026-07-22T06:40:10.661+0000] {logging_mixin.py:188} INFO - [2026-07-22T06:40:10.660+0000] {dag.py:3947} INFO - Setting next_dagrun for minio_to_snowflake_banking to 2026-07-22 06:40:00+00:00, run_after=2026-07-22 06:41:00+00:00
[2026-07-22T06:40:10.714+0000] {processor.py:183} INFO - Processing /opt/airflow/dags/minio_to_snowflake_dags.py took 2.312 seconds
[2026-07-22T06:40:41.086+0000] {processor.py:161} INFO - Started process (PID=7023) to work on /opt/airflow/dags/minio_to_snowflake_dags.py
[2026-07-22T06:40:41.090+0000] {processor.py:830} INFO - Processing file /opt/airflow/dags/minio_to_snowflake_dags.py for tasks to queue
[2026-07-22T06:40:41.093+0000] {logging_mixin.py:188} INFO - [2026-07-22T06:40:41.092+0000] {dagbag.py:545} INFO - Filling up the DagBag from /opt/airflow/dags/minio_to_snowflake_dags.py
[2026-07-22T06:40:43.149+0000] {processor.py:840} INFO - DAG(s) 'minio_to_snowflake_banking' retrieved from /opt/airflow/dags/minio_to_snowflake_dags.py
[2026-07-22T06:40:43.214+0000] {logging_mixin.py:188} INFO - [2026-07-22T06:40:43.213+0000] {dag.py:3089} INFO - Sync 1 DAGs
[2026-07-22T06:40:43.281+0000] {logging_mixin.py:188} INFO - [2026-07-22T06:40:43.280+0000] {dag.py:3947} INFO - Setting next_dagrun for minio_to_snowflake_banking to 2026-07-22 06:40:00+00:00, run_after=2026-07-22 06:41:00+00:00
[2026-07-22T06:40:43.328+0000] {processor.py:183} INFO - Processing /opt/airflow/dags/minio_to_snowflake_dags.py took 2.265 seconds
[2026-07-22T06:41:13.514+0000] {processor.py:161} INFO - Started process (PID=7060) to work on /opt/airflow/dags/minio_to_snowflake_dags.py
[2026-07-22T06:41:13.516+0000] {processor.py:830} INFO - Processing file /opt/airflow/dags/minio_to_snowflake_dags.py for tasks to queue
[2026-07-22T06:41:13.522+0000] {logging_mixin.py:188} INFO - [2026-07-22T06:41:13.519+0000] {dagbag.py:545} INFO - Filling up the DagBag from /opt/airflow/dags/minio_to_snowflake_dags.py
[2026-07-22T06:41:15.647+0000] {processor.py:840} INFO - DAG(s) 'minio_to_snowflake_banking' retrieved from /opt/airflow/dags/minio_to_snowflake_dags.py
[2026-07-22T06:41:15.718+0000] {logging_mixin.py:188} INFO - [2026-07-22T06:41:15.717+0000] {dag.py:3089} INFO - Sync 1 DAGs
[2026-07-22T06:41:15.770+0000] {logging_mixin.py:188} INFO - [2026-07-22T06:41:15.769+0000] {dag.py:3947} INFO - Setting next_dagrun for minio_to_snowflake_banking to 2026-07-22 06:41:00+00:00, run_after=2026-07-22 06:42:00+00:00
[2026-07-22T06:41:15.815+0000] {processor.py:183} INFO - Processing /opt/airflow/dags/minio_to_snowflake_dags.py took 2.321 seconds
[2026-07-22T06:41:46.482+0000] {processor.py:161} INFO - Started process (PID=7093) to work on /opt/airflow/dags/minio_to_snowflake_dags.py
[2026-07-22T06:41:46.485+0000] {processor.py:830} INFO - Processing file /opt/airflow/dags/minio_to_snowflake_dags.py for tasks to queue
[2026-07-22T06:41:46.489+0000] {logging_mixin.py:188} INFO - [2026-07-22T06:41:46.488+0000] {dagbag.py:545} INFO - Filling up the DagBag from /opt/airflow/dags/minio_to_snowflake_dags.py
[2026-07-22T06:41:48.901+0000] {processor.py:840} INFO - DAG(s) 'minio_to_snowflake_banking' retrieved from /opt/airflow/dags/minio_to_snowflake_dags.py
[2026-07-22T06:41:48.975+0000] {logging_mixin.py:188} INFO - [2026-07-22T06:41:48.974+0000] {dag.py:3089} INFO - Sync 1 DAGs
[2026-07-22T06:41:49.044+0000] {logging_mixin.py:188} INFO - [2026-07-22T06:41:49.043+0000] {dag.py:3947} INFO - Setting next_dagrun for minio_to_snowflake_banking to 2026-07-22 06:41:00+00:00, run_after=2026-07-22 06:42:00+00:00
[2026-07-22T06:41:49.106+0000] {processor.py:183} INFO - Processing /opt/airflow/dags/minio_to_snowflake_dags.py took 2.647 seconds
[2026-07-22T06:42:19.318+0000] {processor.py:161} INFO - Started process (PID=7130) to work on /opt/airflow/dags/minio_to_snowflake_dags.py
[2026-07-22T06:42:19.322+0000] {processor.py:830} INFO - Processing file /opt/airflow/dags/minio_to_snowflake_dags.py for tasks to queue
[2026-07-22T06:42:19.325+0000] {logging_mixin.py:188} INFO - [2026-07-22T06:42:19.325+0000] {dagbag.py:545} INFO - Filling up the DagBag from /opt/airflow/dags/minio_to_snowflake_dags.py
[2026-07-22T06:42:21.300+0000] {processor.py:840} INFO - DAG(s) 'minio_to_snowflake_banking' retrieved from /opt/airflow/dags/minio_to_snowflake_dags.py
[2026-07-22T06:42:21.357+0000] {logging_mixin.py:188} INFO - [2026-07-22T06:42:21.356+0000] {dag.py:3089} INFO - Sync 1 DAGs
[2026-07-22T06:42:21.416+0000] {logging_mixin.py:188} INFO - [2026-07-22T06:42:21.416+0000] {dag.py:3947} INFO - Setting next_dagrun for minio_to_snowflake_banking to 2026-07-22 06:42:00+00:00, run_after=2026-07-22 06:43:00+00:00
[2026-07-22T06:42:21.464+0000] {processor.py:183} INFO - Processing /opt/airflow/dags/minio_to_snowflake_dags.py took 2.166 seconds
[2026-07-22T06:42:51.793+0000] {processor.py:161} INFO - Started process (PID=7163) to work on /opt/airflow/dags/minio_to_snowflake_dags.py
[2026-07-22T06:42:51.798+0000] {processor.py:830} INFO - Processing file /opt/airflow/dags/minio_to_snowflake_dags.py for tasks to queue
[2026-07-22T06:42:51.801+0000] {logging_mixin.py:188} INFO - [2026-07-22T06:42:51.800+0000] {dagbag.py:545} INFO - Filling up the DagBag from /opt/airflow/dags/minio_to_snowflake_dags.py
[2026-07-22T06:42:53.970+0000] {processor.py:840} INFO - DAG(s) 'minio_to_snowflake_banking' retrieved from /opt/airflow/dags/minio_to_snowflake_dags.py
[2026-07-22T06:42:54.032+0000] {logging_mixin.py:188} INFO - [2026-07-22T06:42:54.031+0000] {dag.py:3089} INFO - Sync 1 DAGs
[2026-07-22T06:42:54.082+0000] {logging_mixin.py:188} INFO - [2026-07-22T06:42:54.082+0000] {dag.py:3947} INFO - Setting next_dagrun for minio_to_snowflake_banking to 2026-07-22 06:42:00+00:00, run_after=2026-07-22 06:43:00+00:00
[2026-07-22T06:42:54.123+0000] {processor.py:183} INFO - Processing /opt/airflow/dags/minio_to_snowflake_dags.py took 2.356 seconds
[2026-07-22T06:43:24.723+0000] {processor.py:161} INFO - Started process (PID=7224) to work on /opt/airflow/dags/minio_to_snowflake_dags.py
[2026-07-22T06:43:24.728+0000] {processor.py:830} INFO - Processing file /opt/airflow/dags/minio_to_snowflake_dags.py for tasks to queue
[2026-07-22T06:43:24.734+0000] {logging_mixin.py:188} INFO - [2026-07-22T06:43:24.732+0000] {dagbag.py:545} INFO - Filling up the DagBag from /opt/airflow/dags/minio_to_snowflake_dags.py
[2026-07-22T06:43:27.324+0000] {processor.py:840} INFO - DAG(s) 'minio_to_snowflake_banking' retrieved from /opt/airflow/dags/minio_to_snowflake_dags.py
[2026-07-22T06:43:27.398+0000] {logging_mixin.py:188} INFO - [2026-07-22T06:43:27.396+0000] {dag.py:3089} INFO - Sync 1 DAGs
[2026-07-22T06:43:27.460+0000] {logging_mixin.py:188} INFO - [2026-07-22T06:43:27.459+0000] {dag.py:3947} INFO - Setting next_dagrun for minio_to_snowflake_banking to 2026-07-22 06:43:00+00:00, run_after=2026-07-22 06:44:00+00:00
[2026-07-22T06:43:27.499+0000] {processor.py:183} INFO - Processing /opt/airflow/dags/minio_to_snowflake_dags.py took 2.807 seconds
[2026-07-22T06:43:58.128+0000] {processor.py:161} INFO - Started process (PID=7233) to work on /opt/airflow/dags/minio_to_snowflake_dags.py
[2026-07-22T06:43:58.130+0000] {processor.py:830} INFO - Processing file /opt/airflow/dags/minio_to_snowflake_dags.py for tasks to queue
[2026-07-22T06:43:58.133+0000] {logging_mixin.py:188} INFO - [2026-07-22T06:43:58.132+0000] {dagbag.py:545} INFO - Filling up the DagBag from /opt/airflow/dags/minio_to_snowflake_dags.py
[2026-07-22T06:43:59.731+0000] {processor.py:840} INFO - DAG(s) 'minio_to_snowflake_banking' retrieved from /opt/airflow/dags/minio_to_snowflake_dags.py
[2026-07-22T06:43:59.789+0000] {logging_mixin.py:188} INFO - [2026-07-22T06:43:59.788+0000] {dag.py:3089} INFO - Sync 1 DAGs
[2026-07-22T06:43:59.834+0000] {logging_mixin.py:188} INFO - [2026-07-22T06:43:59.834+0000] {dag.py:3947} INFO - Setting next_dagrun for minio_to_snowflake_banking to 2026-07-22 06:43:00+00:00, run_after=2026-07-22 06:44:00+00:00
[2026-07-22T06:43:59.878+0000] {processor.py:183} INFO - Processing /opt/airflow/dags/minio_to_snowflake_dags.py took 1.764 seconds
[2026-07-22T06:44:30.338+0000] {processor.py:161} INFO - Started process (PID=7298) to work on /opt/airflow/dags/minio_to_snowflake_dags.py
[2026-07-22T06:44:30.341+0000] {processor.py:830} INFO - Processing file /opt/airflow/dags/minio_to_snowflake_dags.py for tasks to queue
[2026-07-22T06:44:30.344+0000] {logging_mixin.py:188} INFO - [2026-07-22T06:44:30.343+0000] {dagbag.py:545} INFO - Filling up the DagBag from /opt/airflow/dags/minio_to_snowflake_dags.py
[2026-07-22T06:44:32.047+0000] {processor.py:840} INFO - DAG(s) 'minio_to_snowflake_banking' retrieved from /opt/airflow/dags/minio_to_snowflake_dags.py
[2026-07-22T06:44:32.098+0000] {logging_mixin.py:188} INFO - [2026-07-22T06:44:32.097+0000] {dag.py:3089} INFO - Sync 1 DAGs
[2026-07-22T06:44:32.140+0000] {logging_mixin.py:188} INFO - [2026-07-22T06:44:32.139+0000] {dag.py:3947} INFO - Setting next_dagrun for minio_to_snowflake_banking to 2026-07-22 06:44:00+00:00, run_after=2026-07-22 06:45:00+00:00
[2026-07-22T06:44:32.179+0000] {processor.py:183} INFO - Processing /opt/airflow/dags/minio_to_snowflake_dags.py took 1.862 seconds
[2026-07-22T06:45:02.385+0000] {processor.py:161} INFO - Started process (PID=7303) to work on /opt/airflow/dags/minio_to_snowflake_dags.py
[2026-07-22T06:45:02.389+0000] {processor.py:830} INFO - Processing file /opt/airflow/dags/minio_to_snowflake_dags.py for tasks to queue
[2026-07-22T06:45:02.393+0000] {logging_mixin.py:188} INFO - [2026-07-22T06:45:02.391+0000] {dagbag.py:545} INFO - Filling up the DagBag from /opt/airflow/dags/minio_to_snowflake_dags.py
[2026-07-22T06:45:04.511+0000] {processor.py:840} INFO - DAG(s) 'minio_to_snowflake_banking' retrieved from /opt/airflow/dags/minio_to_snowflake_dags.py
[2026-07-22T06:45:04.572+0000] {logging_mixin.py:188} INFO - [2026-07-22T06:45:04.570+0000] {dag.py:3089} INFO - Sync 1 DAGs
[2026-07-22T06:45:04.624+0000] {logging_mixin.py:188} INFO - [2026-07-22T06:45:04.624+0000] {dag.py:3947} INFO - Setting next_dagrun for minio_to_snowflake_banking to 2026-07-22 06:45:00+00:00, run_after=2026-07-22 06:46:00+00:00
[2026-07-22T06:45:04.666+0000] {processor.py:183} INFO - Processing /opt/airflow/dags/minio_to_snowflake_dags.py took 2.305 seconds
[2026-07-22T06:45:35.393+0000] {processor.py:161} INFO - Started process (PID=7367) to work on /opt/airflow/dags/minio_to_snowflake_dags.py
[2026-07-22T06:45:35.397+0000] {processor.py:830} INFO - Processing file /opt/airflow/dags/minio_to_snowflake_dags.py for tasks to queue
[2026-07-22T06:45:35.400+0000] {logging_mixin.py:188} INFO - [2026-07-22T06:45:35.399+0000] {dagbag.py:545} INFO - Filling up the DagBag from /opt/airflow/dags/minio_to_snowflake_dags.py
[2026-07-22T06:45:37.213+0000] {processor.py:840} INFO - DAG(s) 'minio_to_snowflake_banking' retrieved from /opt/airflow/dags/minio_to_snowflake_dags.py
[2026-07-22T06:45:37.271+0000] {logging_mixin.py:188} INFO - [2026-07-22T06:45:37.271+0000] {dag.py:3089} INFO - Sync 1 DAGs
[2026-07-22T06:45:37.318+0000] {logging_mixin.py:188} INFO - [2026-07-22T06:45:37.318+0000] {dag.py:3947} INFO - Setting next_dagrun for minio_to_snowflake_banking to 2026-07-22 06:45:00+00:00, run_after=2026-07-22 06:46:00+00:00
[2026-07-22T06:45:37.358+0000] {processor.py:183} INFO - Processing /opt/airflow/dags/minio_to_snowflake_dags.py took 1.985 seconds
[2026-07-22T06:46:07.902+0000] {processor.py:161} INFO - Started process (PID=7385) to work on /opt/airflow/dags/minio_to_snowflake_dags.py
[2026-07-22T06:46:07.905+0000] {processor.py:830} INFO - Processing file /opt/airflow/dags/minio_to_snowflake_dags.py for tasks to queue
[2026-07-22T06:46:07.910+0000] {logging_mixin.py:188} INFO - [2026-07-22T06:46:07.908+0000] {dagbag.py:545} INFO - Filling up the DagBag from /opt/airflow/dags/minio_to_snowflake_dags.py
[2026-07-22T06:46:09.767+0000] {processor.py:840} INFO - DAG(s) 'minio_to_snowflake_banking' retrieved from /opt/airflow/dags/minio_to_snowflake_dags.py
[2026-07-22T06:46:09.835+0000] {logging_mixin.py:188} INFO - [2026-07-22T06:46:09.834+0000] {dag.py:3089} INFO - Sync 1 DAGs
[2026-07-22T06:46:09.881+0000] {logging_mixin.py:188} INFO - [2026-07-22T06:46:09.881+0000] {dag.py:3947} INFO - Setting next_dagrun for minio_to_snowflake_banking to 2026-07-22 06:46:00+00:00, run_after=2026-07-22 06:47:00+00:00
[2026-07-22T06:46:09.918+0000] {processor.py:183} INFO - Processing /opt/airflow/dags/minio_to_snowflake_dags.py took 2.038 seconds
[2026-07-22T06:46:40.231+0000] {processor.py:161} INFO - Started process (PID=7437) to work on /opt/airflow/dags/minio_to_snowflake_dags.py
[2026-07-22T06:46:40.235+0000] {processor.py:830} INFO - Processing file /opt/airflow/dags/minio_to_snowflake_dags.py for tasks to queue
[2026-07-22T06:46:40.238+0000] {logging_mixin.py:188} INFO - [2026-07-22T06:46:40.237+0000] {dagbag.py:545} INFO - Filling up the DagBag from /opt/airflow/dags/minio_to_snowflake_dags.py
[2026-07-22T06:46:42.358+0000] {processor.py:840} INFO - DAG(s) 'minio_to_snowflake_banking' retrieved from /opt/airflow/dags/minio_to_snowflake_dags.py
[2026-07-22T06:46:42.428+0000] {logging_mixin.py:188} INFO - [2026-07-22T06:46:42.426+0000] {dag.py:3089} INFO - Sync 1 DAGs
[2026-07-22T06:46:42.517+0000] {logging_mixin.py:188} INFO - [2026-07-22T06:46:42.516+0000] {dag.py:3947} INFO - Setting next_dagrun for minio_to_snowflake_banking to 2026-07-22 06:46:00+00:00, run_after=2026-07-22 06:47:00+00:00
[2026-07-22T06:46:42.621+0000] {processor.py:183} INFO - Processing /opt/airflow/dags/minio_to_snowflake_dags.py took 2.409 seconds
[2026-07-22T06:47:12.978+0000] {processor.py:161} INFO - Started process (PID=7473) to work on /opt/airflow/dags/minio_to_snowflake_dags.py
[2026-07-22T06:47:12.981+0000] {processor.py:830} INFO - Processing file /opt/airflow/dags/minio_to_snowflake_dags.py for tasks to queue
[2026-07-22T06:47:12.984+0000] {logging_mixin.py:188} INFO - [2026-07-22T06:47:12.983+0000] {dagbag.py:545} INFO - Filling up the DagBag from /opt/airflow/dags/minio_to_snowflake_dags.py
[2026-07-22T06:47:14.899+0000] {processor.py:840} INFO - DAG(s) 'minio_to_snowflake_banking' retrieved from /opt/airflow/dags/minio_to_snowflake_dags.py
[2026-07-22T06:47:14.953+0000] {logging_mixin.py:188} INFO - [2026-07-22T06:47:14.952+0000] {dag.py:3089} INFO - Sync 1 DAGs
[2026-07-22T06:47:15.012+0000] {logging_mixin.py:188} INFO - [2026-07-22T06:47:15.011+0000] {dag.py:3947} INFO - Setting next_dagrun for minio_to_snowflake_banking to 2026-07-22 06:47:00+00:00, run_after=2026-07-22 06:48:00+00:00
[2026-07-22T06:47:15.592+0000] {processor.py:183} INFO - Processing /opt/airflow/dags/minio_to_snowflake_dags.py took 2.631 seconds
[2026-07-22T06:47:46.096+0000] {processor.py:161} INFO - Started process (PID=7499) to work on /opt/airflow/dags/minio_to_snowflake_dags.py
[2026-07-22T06:47:46.100+0000] {processor.py:830} INFO - Processing file /opt/airflow/dags/minio_to_snowflake_dags.py for tasks to queue
[2026-07-22T06:47:46.104+0000] {logging_mixin.py:188} INFO - [2026-07-22T06:47:46.103+0000] {dagbag.py:545} INFO - Filling up the DagBag from /opt/airflow/dags/minio_to_snowflake_dags.py
[2026-07-22T06:47:53.290+0000] {processor.py:840} INFO - DAG(s) 'minio_to_snowflake_banking' retrieved from /opt/airflow/dags/minio_to_snowflake_dags.py
[2026-07-22T06:47:58.546+0000] {logging_mixin.py:188} INFO - [2026-07-22T06:47:58.544+0000] {dag.py:3089} INFO - Sync 1 DAGs
[2026-07-22T06:47:59.745+0000] {logging_mixin.py:188} INFO - [2026-07-22T06:47:59.745+0000] {dag.py:3947} INFO - Setting next_dagrun for minio_to_snowflake_banking to 2026-07-22 06:47:00+00:00, run_after=2026-07-22 06:48:00+00:00
[2026-07-22T06:48:04.712+0000] {processor.py:183} INFO - Processing /opt/airflow/dags/minio_to_snowflake_dags.py took 15.852 seconds
[2026-07-22T06:48:35.267+0000] {processor.py:161} INFO - Started process (PID=7565) to work on /opt/airflow/dags/minio_to_snowflake_dags.py
[2026-07-22T06:48:35.274+0000] {processor.py:830} INFO - Processing file /opt/airflow/dags/minio_to_snowflake_dags.py for tasks to queue
[2026-07-22T06:48:35.280+0000] {logging_mixin.py:188} INFO - [2026-07-22T06:48:35.278+0000] {dagbag.py:545} INFO - Filling up the DagBag from /opt/airflow/dags/minio_to_snowflake_dags.py
[2026-07-22T06:48:37.486+0000] {processor.py:840} INFO - DAG(s) 'minio_to_snowflake_banking' retrieved from /opt/airflow/dags/minio_to_snowflake_dags.py
[2026-07-22T06:48:37.554+0000] {logging_mixin.py:188} INFO - [2026-07-22T06:48:37.553+0000] {dag.py:3089} INFO - Sync 1 DAGs
[2026-07-22T06:48:37.598+0000] {logging_mixin.py:188} INFO - [2026-07-22T06:48:37.598+0000] {dag.py:3947} INFO - Setting next_dagrun for minio_to_snowflake_banking to 2026-07-22 06:48:00+00:00, run_after=2026-07-22 06:49:00+00:00
[2026-07-22T06:48:37.644+0000] {processor.py:183} INFO - Processing /opt/airflow/dags/minio_to_snowflake_dags.py took 2.413 seconds
[2026-07-22T06:49:08.224+0000] {processor.py:161} INFO - Started process (PID=7588) to work on /opt/airflow/dags/minio_to_snowflake_dags.py
[2026-07-22T06:49:08.231+0000] {processor.py:830} INFO - Processing file /opt/airflow/dags/minio_to_snowflake_dags.py for tasks to queue
[2026-07-22T06:49:08.237+0000] {logging_mixin.py:188} INFO - [2026-07-22T06:49:08.235+0000] {dagbag.py:545} INFO - Filling up the DagBag from /opt/airflow/dags/minio_to_snowflake_dags.py
[2026-07-22T06:49:11.086+0000] {processor.py:840} INFO - DAG(s) 'minio_to_snowflake_banking' retrieved from /opt/airflow/dags/minio_to_snowflake_dags.py
[2026-07-22T06:49:11.168+0000] {logging_mixin.py:188} INFO - [2026-07-22T06:49:11.167+0000] {dag.py:3089} INFO - Sync 1 DAGs
[2026-07-22T06:49:11.236+0000] {logging_mixin.py:188} INFO - [2026-07-22T06:49:11.235+0000] {dag.py:3947} INFO - Setting next_dagrun for minio_to_snowflake_banking to 2026-07-22 06:49:00+00:00, run_after=2026-07-22 06:50:00+00:00
[2026-07-22T06:49:11.288+0000] {processor.py:183} INFO - Processing /opt/airflow/dags/minio_to_snowflake_dags.py took 3.130 seconds
[2026-07-22T06:49:41.642+0000] {processor.py:161} INFO - Started process (PID=7641) to work on /opt/airflow/dags/minio_to_snowflake_dags.py
[2026-07-22T06:49:41.646+0000] {processor.py:830} INFO - Processing file /opt/airflow/dags/minio_to_snowflake_dags.py for tasks to queue
[2026-07-22T06:49:41.650+0000] {logging_mixin.py:188} INFO - [2026-07-22T06:49:41.648+0000] {dagbag.py:545} INFO - Filling up the DagBag from /opt/airflow/dags/minio_to_snowflake_dags.py
[2026-07-22T06:49:43.656+0000] {processor.py:840} INFO - DAG(s) 'minio_to_snowflake_banking' retrieved from /opt/airflow/dags/minio_to_snowflake_dags.py
[2026-07-22T06:49:43.725+0000] {logging_mixin.py:188} INFO - [2026-07-22T06:49:43.724+0000] {dag.py:3089} INFO - Sync 1 DAGs
[2026-07-22T06:49:43.790+0000] {logging_mixin.py:188} INFO - [2026-07-22T06:49:43.790+0000] {dag.py:3947} INFO - Setting next_dagrun for minio_to_snowflake_banking to 2026-07-22 06:49:00+00:00, run_after=2026-07-22 06:50:00+00:00
[2026-07-22T06:49:43.840+0000] {processor.py:183} INFO - Processing /opt/airflow/dags/minio_to_snowflake_dags.py took 2.223 seconds
[2026-07-22T06:50:14.581+0000] {processor.py:161} INFO - Started process (PID=7678) to work on /opt/airflow/dags/minio_to_snowflake_dags.py
[2026-07-22T06:50:14.584+0000] {processor.py:830} INFO - Processing file /opt/airflow/dags/minio_to_snowflake_dags.py for tasks to queue
[2026-07-22T06:50:14.588+0000] {logging_mixin.py:188} INFO - [2026-07-22T06:50:14.586+0000] {dagbag.py:545} INFO - Filling up the DagBag from /opt/airflow/dags/minio_to_snowflake_dags.py
[2026-07-22T06:50:16.541+0000] {processor.py:840} INFO - DAG(s) 'minio_to_snowflake_banking' retrieved from /opt/airflow/dags/minio_to_snowflake_dags.py
[2026-07-22T06:50:16.602+0000] {logging_mixin.py:188} INFO - [2026-07-22T06:50:16.600+0000] {dag.py:3089} INFO - Sync 1 DAGs
[2026-07-22T06:50:16.650+0000] {logging_mixin.py:188} INFO - [2026-07-22T06:50:16.650+0000] {dag.py:3947} INFO - Setting next_dagrun for minio_to_snowflake_banking to 2026-07-22 06:50:00+00:00, run_after=2026-07-22 06:51:00+00:00
[2026-07-22T06:50:16.694+0000] {processor.py:183} INFO - Processing /opt/airflow/dags/minio_to_snowflake_dags.py took 2.131 seconds
[2026-07-22T06:50:47.422+0000] {processor.py:161} INFO - Started process (PID=7710) to work on /opt/airflow/dags/minio_to_snowflake_dags.py
[2026-07-22T06:50:47.426+0000] {processor.py:830} INFO - Processing file /opt/airflow/dags/minio_to_snowflake_dags.py for tasks to queue
[2026-07-22T06:50:47.429+0000] {logging_mixin.py:188} INFO - [2026-07-22T06:50:47.428+0000] {dagbag.py:545} INFO - Filling up the DagBag from /opt/airflow/dags/minio_to_snowflake_dags.py
[2026-07-22T06:50:49.268+0000] {processor.py:840} INFO - DAG(s) 'minio_to_snowflake_banking' retrieved from /opt/airflow/dags/minio_to_snowflake_dags.py
[2026-07-22T06:50:49.332+0000] {logging_mixin.py:188} INFO - [2026-07-22T06:50:49.331+0000] {dag.py:3089} INFO - Sync 1 DAGs
[2026-07-22T06:50:49.379+0000] {logging_mixin.py:188} INFO - [2026-07-22T06:50:49.379+0000] {dag.py:3947} INFO - Setting next_dagrun for minio_to_snowflake_banking to 2026-07-22 06:50:00+00:00, run_after=2026-07-22 06:51:00+00:00
[2026-07-22T06:50:49.422+0000] {processor.py:183} INFO - Processing /opt/airflow/dags/minio_to_snowflake_dags.py took 2.025 seconds
[2026-07-22T06:51:20.545+0000] {processor.py:161} INFO - Started process (PID=7758) to work on /opt/airflow/dags/minio_to_snowflake_dags.py
[2026-07-22T06:51:20.549+0000] {processor.py:830} INFO - Processing file /opt/airflow/dags/minio_to_snowflake_dags.py for tasks to queue
[2026-07-22T06:51:20.553+0000] {logging_mixin.py:188} INFO - [2026-07-22T06:51:20.551+0000] {dagbag.py:545} INFO - Filling up the DagBag from /opt/airflow/dags/minio_to_snowflake_dags.py
[2026-07-22T06:51:22.774+0000] {processor.py:840} INFO - DAG(s) 'minio_to_snowflake_banking' retrieved from /opt/airflow/dags/minio_to_snowflake_dags.py
[2026-07-22T06:51:22.839+0000] {logging_mixin.py:188} INFO - [2026-07-22T06:51:22.838+0000] {dag.py:3089} INFO - Sync 1 DAGs
[2026-07-22T06:51:22.892+0000] {logging_mixin.py:188} INFO - [2026-07-22T06:51:22.892+0000] {dag.py:3947} INFO - Setting next_dagrun for minio_to_snowflake_banking to 2026-07-22 06:51:00+00:00, run_after=2026-07-22 06:52:00+00:00
[2026-07-22T06:51:22.937+0000] {processor.py:183} INFO - Processing /opt/airflow/dags/minio_to_snowflake_dags.py took 2.420 seconds
[2026-07-22T06:51:53.210+0000] {processor.py:161} INFO - Started process (PID=7780) to work on /opt/airflow/dags/minio_to_snowflake_dags.py
[2026-07-22T06:51:53.213+0000] {processor.py:830} INFO - Processing file /opt/airflow/dags/minio_to_snowflake_dags.py for tasks to queue
[2026-07-22T06:51:53.217+0000] {logging_mixin.py:188} INFO - [2026-07-22T06:51:53.216+0000] {dagbag.py:545} INFO - Filling up the DagBag from /opt/airflow/dags/minio_to_snowflake_dags.py
[2026-07-22T06:51:55.129+0000] {processor.py:840} INFO - DAG(s) 'minio_to_snowflake_banking' retrieved from /opt/airflow/dags/minio_to_snowflake_dags.py
[2026-07-22T06:51:55.191+0000] {logging_mixin.py:188} INFO - [2026-07-22T06:51:55.190+0000] {dag.py:3089} INFO - Sync 1 DAGs
[2026-07-22T06:51:55.248+0000] {logging_mixin.py:188} INFO - [2026-07-22T06:51:55.247+0000] {dag.py:3947} INFO - Setting next_dagrun for minio_to_snowflake_banking to 2026-07-22 06:51:00+00:00, run_after=2026-07-22 06:52:00+00:00
[2026-07-22T06:51:55.291+0000] {processor.py:183} INFO - Processing /opt/airflow/dags/minio_to_snowflake_dags.py took 2.109 seconds
[2026-07-22T06:52:26.183+0000] {processor.py:161} INFO - Started process (PID=7845) to work on /opt/airflow/dags/minio_to_snowflake_dags.py
[2026-07-22T06:52:26.186+0000] {processor.py:830} INFO - Processing file /opt/airflow/dags/minio_to_snowflake_dags.py for tasks to queue
[2026-07-22T06:52:26.190+0000] {logging_mixin.py:188} INFO - [2026-07-22T06:52:26.188+0000] {dagbag.py:545} INFO - Filling up the DagBag from /opt/airflow/dags/minio_to_snowflake_dags.py
[2026-07-22T06:52:27.960+0000] {processor.py:840} INFO - DAG(s) 'minio_to_snowflake_banking' retrieved from /opt/airflow/dags/minio_to_snowflake_dags.py
[2026-07-22T06:52:28.041+0000] {logging_mixin.py:188} INFO - [2026-07-22T06:52:28.039+0000] {dag.py:3089} INFO - Sync 1 DAGs
[2026-07-22T06:52:28.112+0000] {logging_mixin.py:188} INFO - [2026-07-22T06:52:28.111+0000] {dag.py:3947} INFO - Setting next_dagrun for minio_to_snowflake_banking to 2026-07-22 06:52:00+00:00, run_after=2026-07-22 06:53:00+00:00
[2026-07-22T06:52:28.171+0000] {processor.py:183} INFO - Processing /opt/airflow/dags/minio_to_snowflake_dags.py took 2.010 seconds
[2026-07-22T06:52:58.775+0000] {processor.py:161} INFO - Started process (PID=7849) to work on /opt/airflow/dags/minio_to_snowflake_dags.py
[2026-07-22T06:52:58.779+0000] {processor.py:830} INFO - Processing file /opt/airflow/dags/minio_to_snowflake_dags.py for tasks to queue
[2026-07-22T06:52:58.784+0000] {logging_mixin.py:188} INFO - [2026-07-22T06:52:58.782+0000] {dagbag.py:545} INFO - Filling up the DagBag from /opt/airflow/dags/minio_to_snowflake_dags.py
[2026-07-22T06:53:00.829+0000] {processor.py:840} INFO - DAG(s) 'minio_to_snowflake_banking' retrieved from /opt/airflow/dags/minio_to_snowflake_dags.py
[2026-07-22T06:53:00.890+0000] {logging_mixin.py:188} INFO - [2026-07-22T06:53:00.889+0000] {dag.py:3089} INFO - Sync 1 DAGs
[2026-07-22T06:53:00.939+0000] {logging_mixin.py:188} INFO - [2026-07-22T06:53:00.939+0000] {dag.py:3947} INFO - Setting next_dagrun for minio_to_snowflake_banking to 2026-07-22 06:53:00+00:00, run_after=2026-07-22 06:54:00+00:00
[2026-07-22T06:53:00.985+0000] {processor.py:183} INFO - Processing /opt/airflow/dags/minio_to_snowflake_dags.py took 2.232 seconds
[2026-07-22T06:53:31.528+0000] {processor.py:161} INFO - Started process (PID=7914) to work on /opt/airflow/dags/minio_to_snowflake_dags.py
[2026-07-22T06:53:31.532+0000] {processor.py:830} INFO - Processing file /opt/airflow/dags/minio_to_snowflake_dags.py for tasks to queue
[2026-07-22T06:53:31.535+0000] {logging_mixin.py:188} INFO - [2026-07-22T06:53:31.534+0000] {dagbag.py:545} INFO - Filling up the DagBag from /opt/airflow/dags/minio_to_snowflake_dags.py
[2026-07-22T06:53:33.273+0000] {processor.py:840} INFO - DAG(s) 'minio_to_snowflake_banking' retrieved from /opt/airflow/dags/minio_to_snowflake_dags.py
[2026-07-22T06:53:33.327+0000] {logging_mixin.py:188} INFO - [2026-07-22T06:53:33.326+0000] {dag.py:3089} INFO - Sync 1 DAGs
[2026-07-22T06:53:33.370+0000] {logging_mixin.py:188} INFO - [2026-07-22T06:53:33.370+0000] {dag.py:3947} INFO - Setting next_dagrun for minio_to_snowflake_banking to 2026-07-22 06:53:00+00:00, run_after=2026-07-22 06:54:00+00:00
[2026-07-22T06:53:33.416+0000] {processor.py:183} INFO - Processing /opt/airflow/dags/minio_to_snowflake_dags.py took 1.906 seconds
[2026-07-22T06:54:03.703+0000] {processor.py:161} INFO - Started process (PID=7919) to work on /opt/airflow/dags/minio_to_snowflake_dags.py
[2026-07-22T06:54:03.706+0000] {processor.py:830} INFO - Processing file /opt/airflow/dags/minio_to_snowflake_dags.py for tasks to queue
[2026-07-22T06:54:03.710+0000] {logging_mixin.py:188} INFO - [2026-07-22T06:54:03.708+0000] {dagbag.py:545} INFO - Filling up the DagBag from /opt/airflow/dags/minio_to_snowflake_dags.py
[2026-07-22T06:54:05.649+0000] {processor.py:840} INFO - DAG(s) 'minio_to_snowflake_banking' retrieved from /opt/airflow/dags/minio_to_snowflake_dags.py
[2026-07-22T06:54:05.710+0000] {logging_mixin.py:188} INFO - [2026-07-22T06:54:05.709+0000] {dag.py:3089} INFO - Sync 1 DAGs
[2026-07-22T06:54:05.760+0000] {logging_mixin.py:188} INFO - [2026-07-22T06:54:05.760+0000] {dag.py:3947} INFO - Setting next_dagrun for minio_to_snowflake_banking to 2026-07-22 06:54:00+00:00, run_after=2026-07-22 06:55:00+00:00
[2026-07-22T06:54:05.809+0000] {processor.py:183} INFO - Processing /opt/airflow/dags/minio_to_snowflake_dags.py took 2.127 seconds
[2026-07-22T06:54:36.709+0000] {processor.py:161} INFO - Started process (PID=7990) to work on /opt/airflow/dags/minio_to_snowflake_dags.py
[2026-07-22T06:54:36.712+0000] {processor.py:830} INFO - Processing file /opt/airflow/dags/minio_to_snowflake_dags.py for tasks to queue
[2026-07-22T06:54:36.715+0000] {logging_mixin.py:188} INFO - [2026-07-22T06:54:36.714+0000] {dagbag.py:545} INFO - Filling up the DagBag from /opt/airflow/dags/minio_to_snowflake_dags.py
[2026-07-22T06:54:39.737+0000] {processor.py:840} INFO - DAG(s) 'minio_to_snowflake_banking' retrieved from /opt/airflow/dags/minio_to_snowflake_dags.py
[2026-07-22T06:54:39.882+0000] {logging_mixin.py:188} INFO - [2026-07-22T06:54:39.881+0000] {dag.py:3089} INFO - Sync 1 DAGs
[2026-07-22T06:54:40.000+0000] {logging_mixin.py:188} INFO - [2026-07-22T06:54:39.999+0000] {dag.py:3947} INFO - Setting next_dagrun for minio_to_snowflake_banking to 2026-07-22 06:54:00+00:00, run_after=2026-07-22 06:55:00+00:00
[2026-07-22T06:54:40.072+0000] {processor.py:183} INFO - Processing /opt/airflow/dags/minio_to_snowflake_dags.py took 3.386 seconds
[2026-07-22T06:55:10.247+0000] {processor.py:161} INFO - Started process (PID=8034) to work on /opt/airflow/dags/minio_to_snowflake_dags.py
[2026-07-22T06:55:10.251+0000] {processor.py:830} INFO - Processing file /opt/airflow/dags/minio_to_snowflake_dags.py for tasks to queue
[2026-07-22T06:55:10.254+0000] {logging_mixin.py:188} INFO - [2026-07-22T06:55:10.253+0000] {dagbag.py:545} INFO - Filling up the DagBag from /opt/airflow/dags/minio_to_snowflake_dags.py
[2026-07-22T06:55:13.168+0000] {processor.py:840} INFO - DAG(s) 'minio_to_snowflake_banking' retrieved from /opt/airflow/dags/minio_to_snowflake_dags.py
[2026-07-22T06:55:13.231+0000] {logging_mixin.py:188} INFO - [2026-07-22T06:55:13.230+0000] {dag.py:3089} INFO - Sync 1 DAGs
[2026-07-22T06:55:13.288+0000] {logging_mixin.py:188} INFO - [2026-07-22T06:55:13.287+0000] {dag.py:3947} INFO - Setting next_dagrun for minio_to_snowflake_banking to 2026-07-22 06:55:00+00:00, run_after=2026-07-22 06:56:00+00:00
[2026-07-22T06:55:13.358+0000] {processor.py:183} INFO - Processing /opt/airflow/dags/minio_to_snowflake_dags.py took 2.140 seconds
[2026-07-22T06:55:43.590+0000] {processor.py:161} INFO - Started process (PID=8068) to work on /opt/airflow/dags/minio_to_snowflake_dags.py
[2026-07-22T06:55:43.593+0000] {processor.py:830} INFO - Processing file /opt/airflow/dags/minio_to_snowflake_dags.py for tasks to queue
[2026-07-22T06:55:43.596+0000] {logging_mixin.py:188} INFO - [2026-07-22T06:55:43.595+0000] {dagbag.py:545} INFO - Filling up the DagBag from /opt/airflow/dags/minio_to_snowflake_dags.py
[2026-07-22T06:55:45.331+0000] {processor.py:840} INFO - DAG(s) 'minio_to_snowflake_banking' retrieved from /opt/airflow/dags/minio_to_snowflake_dags.py
[2026-07-22T06:55:45.383+0000] {logging_mixin.py:188} INFO - [2026-07-22T06:55:45.382+0000] {dag.py:3089} INFO - Sync 1 DAGs
[2026-07-22T06:55:45.427+0000] {logging_mixin.py:188} INFO - [2026-07-22T06:55:45.426+0000] {dag.py:3947} INFO - Setting next_dagrun for minio_to_snowflake_banking to 2026-07-22 06:55:00+00:00, run_after=2026-07-22 06:56:00+00:00
[2026-07-22T06:55:45.473+0000] {processor.py:183} INFO - Processing /opt/airflow/dags/minio_to_snowflake_dags.py took 1.900 seconds
[2026-07-22T06:56:16.627+0000] {processor.py:161} INFO - Started process (PID=8105) to work on /opt/airflow/dags/minio_to_snowflake_dags.py
[2026-07-22T06:56:16.643+0000] {processor.py:830} INFO - Processing file /opt/airflow/dags/minio_to_snowflake_dags.py for tasks to queue
[2026-07-22T06:56:16.650+0000] {logging_mixin.py:188} INFO - [2026-07-22T06:56:16.648+0000] {dagbag.py:545} INFO - Filling up the DagBag from /opt/airflow/dags/minio_to_snowflake_dags.py
[2026-07-22T06:56:18.878+0000] {processor.py:840} INFO - DAG(s) 'minio_to_snowflake_banking' retrieved from /opt/airflow/dags/minio_to_snowflake_dags.py
[2026-07-22T06:56:18.943+0000] {logging_mixin.py:188} INFO - [2026-07-22T06:56:18.942+0000] {dag.py:3089} INFO - Sync 1 DAGs
[2026-07-22T06:56:18.993+0000] {logging_mixin.py:188} INFO - [2026-07-22T06:56:18.993+0000] {dag.py:3947} INFO - Setting next_dagrun for minio_to_snowflake_banking to 2026-07-22 06:56:00+00:00, run_after=2026-07-22 06:57:00+00:00
[2026-07-22T06:56:19.048+0000] {processor.py:183} INFO - Processing /opt/airflow/dags/minio_to_snowflake_dags.py took 2.453 seconds
[2026-07-22T06:57:02.267+0000] {processor.py:161} INFO - Started process (PID=8137) to work on /opt/airflow/dags/minio_to_snowflake_dags.py
[2026-07-22T06:57:02.270+0000] {processor.py:830} INFO - Processing file /opt/airflow/dags/minio_to_snowflake_dags.py for tasks to queue
[2026-07-22T06:57:02.274+0000] {logging_mixin.py:188} INFO - [2026-07-22T06:57:02.273+0000] {dagbag.py:545} INFO - Filling up the DagBag from /opt/airflow/dags/minio_to_snowflake_dags.py
[2026-07-22T06:57:04.261+0000] {processor.py:840} INFO - DAG(s) 'minio_to_snowflake_banking' retrieved from /opt/airflow/dags/minio_to_snowflake_dags.py
[2026-07-22T06:57:04.325+0000] {logging_mixin.py:188} INFO - [2026-07-22T06:57:04.323+0000] {dag.py:3089} INFO - Sync 1 DAGs
[2026-07-22T06:57:04.380+0000] {logging_mixin.py:188} INFO - [2026-07-22T06:57:04.379+0000] {dag.py:3947} INFO - Setting next_dagrun for minio_to_snowflake_banking to 2026-07-22 06:57:00+00:00, run_after=2026-07-22 06:58:00+00:00
[2026-07-22T06:57:04.427+0000] {processor.py:183} INFO - Processing /opt/airflow/dags/minio_to_snowflake_dags.py took 2.182 seconds
[2026-07-22T06:57:34.618+0000] {processor.py:161} INFO - Started process (PID=8189) to work on /opt/airflow/dags/minio_to_snowflake_dags.py
[2026-07-22T06:57:34.623+0000] {processor.py:830} INFO - Processing file /opt/airflow/dags/minio_to_snowflake_dags.py for tasks to queue
[2026-07-22T06:57:34.627+0000] {logging_mixin.py:188} INFO - [2026-07-22T06:57:34.626+0000] {dagbag.py:545} INFO - Filling up the DagBag from /opt/airflow/dags/minio_to_snowflake_dags.py
[2026-07-22T06:57:37.006+0000] {processor.py:840} INFO - DAG(s) 'minio_to_snowflake_banking' retrieved from /opt/airflow/dags/minio_to_snowflake_dags.py
[2026-07-22T06:57:37.097+0000] {logging_mixin.py:188} INFO - [2026-07-22T06:57:37.096+0000] {dag.py:3089} INFO - Sync 1 DAGs
[2026-07-22T06:57:37.165+0000] {logging_mixin.py:188} INFO - [2026-07-22T06:57:37.165+0000] {dag.py:3947} INFO - Setting next_dagrun for minio_to_snowflake_banking to 2026-07-22 06:57:00+00:00, run_after=2026-07-22 06:58:00+00:00
[2026-07-22T06:57:37.223+0000] {processor.py:183} INFO - Processing /opt/airflow/dags/minio_to_snowflake_dags.py took 2.631 seconds
[2026-07-22T06:58:07.583+0000] {processor.py:161} INFO - Started process (PID=8223) to work on /opt/airflow/dags/minio_to_snowflake_dags.py
[2026-07-22T06:58:07.597+0000] {processor.py:830} INFO - Processing file /opt/airflow/dags/minio_to_snowflake_dags.py for tasks to queue
[2026-07-22T06:58:07.605+0000] {logging_mixin.py:188} INFO - [2026-07-22T06:58:07.601+0000] {dagbag.py:545} INFO - Filling up the DagBag from /opt/airflow/dags/minio_to_snowflake_dags.py
[2026-07-22T06:58:12.101+0000] {processor.py:840} INFO - DAG(s) 'minio_to_snowflake_banking' retrieved from /opt/airflow/dags/minio_to_snowflake_dags.py
[2026-07-22T06:58:12.266+0000] {logging_mixin.py:188} INFO - [2026-07-22T06:58:12.263+0000] {dag.py:3089} INFO - Sync 1 DAGs
[2026-07-22T06:58:12.382+0000] {logging_mixin.py:188} INFO - [2026-07-22T06:58:12.382+0000] {dag.py:3947} INFO - Setting next_dagrun for minio_to_snowflake_banking to 2026-07-22 06:58:00+00:00, run_after=2026-07-22 06:59:00+00:00
[2026-07-22T06:58:12.455+0000] {processor.py:183} INFO - Processing /opt/airflow/dags/minio_to_snowflake_dags.py took 4.973 seconds
[2026-07-22T06:58:43.416+0000] {processor.py:161} INFO - Started process (PID=8288) to work on /opt/airflow/dags/minio_to_snowflake_dags.py
[2026-07-22T06:58:43.421+0000] {processor.py:830} INFO - Processing file /opt/airflow/dags/minio_to_snowflake_dags.py for tasks to queue
[2026-07-22T06:58:43.426+0000] {logging_mixin.py:188} INFO - [2026-07-22T06:58:43.424+0000] {dagbag.py:545} INFO - Filling up the DagBag from /opt/airflow/dags/minio_to_snowflake_dags.py
[2026-07-22T06:58:45.384+0000] {processor.py:840} INFO - DAG(s) 'minio_to_snowflake_banking' retrieved from /opt/airflow/dags/minio_to_snowflake_dags.py
[2026-07-22T06:58:45.448+0000] {logging_mixin.py:188} INFO - [2026-07-22T06:58:45.447+0000] {dag.py:3089} INFO - Sync 1 DAGs
[2026-07-22T06:58:45.497+0000] {logging_mixin.py:188} INFO - [2026-07-22T06:58:45.497+0000] {dag.py:3947} INFO - Setting next_dagrun for minio_to_snowflake_banking to 2026-07-22 06:58:00+00:00, run_after=2026-07-22 06:59:00+00:00
[2026-07-22T06:58:45.539+0000] {processor.py:183} INFO - Processing /opt/airflow/dags/minio_to_snowflake_dags.py took 2.143 seconds
[2026-07-22T06:59:16.039+0000] {processor.py:161} INFO - Started process (PID=8325) to work on /opt/airflow/dags/minio_to_snowflake_dags.py
[2026-07-22T06:59:16.048+0000] {processor.py:830} INFO - Processing file /opt/airflow/dags/minio_to_snowflake_dags.py for tasks to queue
[2026-07-22T06:59:16.053+0000] {logging_mixin.py:188} INFO - [2026-07-22T06:59:16.051+0000] {dagbag.py:545} INFO - Filling up the DagBag from /opt/airflow/dags/minio_to_snowflake_dags.py
[2026-07-22T06:59:21.729+0000] {processor.py:840} INFO - DAG(s) 'minio_to_snowflake_banking' retrieved from /opt/airflow/dags/minio_to_snowflake_dags.py
[2026-07-22T06:59:21.799+0000] {logging_mixin.py:188} INFO - [2026-07-22T06:59:21.798+0000] {dag.py:3089} INFO - Sync 1 DAGs
[2026-07-22T06:59:21.860+0000] {logging_mixin.py:188} INFO - [2026-07-22T06:59:21.859+0000] {dag.py:3947} INFO - Setting next_dagrun for minio_to_snowflake_banking to 2026-07-22 06:59:00+00:00, run_after=2026-07-22 07:00:00+00:00
[2026-07-22T06:59:21.915+0000] {processor.py:183} INFO - Processing /opt/airflow/dags/minio_to_snowflake_dags.py took 3.197 seconds
[2026-07-22T06:59:52.187+0000] {processor.py:161} INFO - Started process (PID=8357) to work on /opt/airflow/dags/minio_to_snowflake_dags.py
[2026-07-22T06:59:52.191+0000] {processor.py:830} INFO - Processing file /opt/airflow/dags/minio_to_snowflake_dags.py for tasks to queue
[2026-07-22T06:59:52.195+0000] {logging_mixin.py:188} INFO - [2026-07-22T06:59:52.193+0000] {dagbag.py:545} INFO - Filling up the DagBag from /opt/airflow/dags/minio_to_snowflake_dags.py
[2026-07-22T06:59:54.491+0000] {processor.py:840} INFO - DAG(s) 'minio_to_snowflake_banking' retrieved from /opt/airflow/dags/minio_to_snowflake_dags.py
[2026-07-22T06:59:54.568+0000] {logging_mixin.py:188} INFO - [2026-07-22T06:59:54.567+0000] {dag.py:3089} INFO - Sync 1 DAGs
[2026-07-22T06:59:54.638+0000] {logging_mixin.py:188} INFO - [2026-07-22T06:59:54.637+0000] {dag.py:3947} INFO - Setting next_dagrun for minio_to_snowflake_banking to 2026-07-22 06:59:00+00:00, run_after=2026-07-22 07:00:00+00:00
[2026-07-22T06:59:54.709+0000] {processor.py:183} INFO - Processing /opt/airflow/dags/minio_to_snowflake_dags.py took 2.553 seconds
[2026-07-22T07:00:25.072+0000] {processor.py:161} INFO - Started process (PID=8415) to work on /opt/airflow/dags/minio_to_snowflake_dags.py
[2026-07-22T07:00:25.079+0000] {processor.py:830} INFO - Processing file /opt/airflow/dags/minio_to_snowflake_dags.py for tasks to queue
[2026-07-22T07:00:25.083+0000] {logging_mixin.py:188} INFO - [2026-07-22T07:00:25.082+0000] {dagbag.py:545} INFO - Filling up the DagBag from /opt/airflow/dags/minio_to_snowflake_dags.py
[2026-07-22T07:00:28.761+0000] {processor.py:840} INFO - DAG(s) 'minio_to_snowflake_banking' retrieved from /opt/airflow/dags/minio_to_snowflake_dags.py
[2026-07-22T07:00:28.934+0000] {logging_mixin.py:188} INFO - [2026-07-22T07:00:28.930+0000] {dag.py:3089} INFO - Sync 1 DAGs
[2026-07-22T07:00:29.067+0000] {logging_mixin.py:188} INFO - [2026-07-22T07:00:29.066+0000] {dag.py:3947} INFO - Setting next_dagrun for minio_to_snowflake_banking to 2026-07-22 07:00:00+00:00, run_after=2026-07-22 07:01:00+00:00
[2026-07-22T07:00:29.130+0000] {processor.py:183} INFO - Processing /opt/airflow/dags/minio_to_snowflake_dags.py took 4.092 seconds
[2026-07-22T07:01:11.228+0000] {processor.py:161} INFO - Started process (PID=8427) to work on /opt/airflow/dags/minio_to_snowflake_dags.py
[2026-07-22T07:01:11.232+0000] {processor.py:830} INFO - Processing file /opt/airflow/dags/minio_to_snowflake_dags.py for tasks to queue
[2026-07-22T07:01:11.235+0000] {logging_mixin.py:188} INFO - [2026-07-22T07:01:11.234+0000] {dagbag.py:545} INFO - Filling up the DagBag from /opt/airflow/dags/minio_to_snowflake_dags.py
[2026-07-22T07:01:13.381+0000] {processor.py:840} INFO - DAG(s) 'minio_to_snowflake_banking' retrieved from /opt/airflow/dags/minio_to_snowflake_dags.py
[2026-07-22T07:01:13.459+0000] {logging_mixin.py:188} INFO - [2026-07-22T07:01:13.458+0000] {dag.py:3089} INFO - Sync 1 DAGs
[2026-07-22T07:01:13.508+0000] {logging_mixin.py:188} INFO - [2026-07-22T07:01:13.507+0000] {dag.py:3947} INFO - Setting next_dagrun for minio_to_snowflake_banking to 2026-07-22 07:01:00+00:00, run_after=2026-07-22 07:02:00+00:00
[2026-07-22T07:01:13.557+0000] {processor.py:183} INFO - Processing /opt/airflow/dags/minio_to_snowflake_dags.py took 2.348 seconds
[2026-07-22T07:01:44.016+0000] {processor.py:161} INFO - Started process (PID=8493) to work on /opt/airflow/dags/minio_to_snowflake_dags.py
[2026-07-22T07:01:44.019+0000] {processor.py:830} INFO - Processing file /opt/airflow/dags/minio_to_snowflake_dags.py for tasks to queue
[2026-07-22T07:01:44.023+0000] {logging_mixin.py:188} INFO - [2026-07-22T07:01:44.022+0000] {dagbag.py:545} INFO - Filling up the DagBag from /opt/airflow/dags/minio_to_snowflake_dags.py
[2026-07-22T07:01:46.053+0000] {processor.py:840} INFO - DAG(s) 'minio_to_snowflake_banking' retrieved from /opt/airflow/dags/minio_to_snowflake_dags.py
[2026-07-22T07:01:46.117+0000] {logging_mixin.py:188} INFO - [2026-07-22T07:01:46.116+0000] {dag.py:3089} INFO - Sync 1 DAGs
[2026-07-22T07:01:46.174+0000] {logging_mixin.py:188} INFO - [2026-07-22T07:01:46.174+0000] {dag.py:3947} INFO - Setting next_dagrun for minio_to_snowflake_banking to 2026-07-22 07:01:00+00:00, run_after=2026-07-22 07:02:00+00:00
[2026-07-22T07:01:46.219+0000] {processor.py:183} INFO - Processing /opt/airflow/dags/minio_to_snowflake_dags.py took 2.220 seconds
[2026-07-22T07:02:17.108+0000] {processor.py:161} INFO - Started process (PID=8530) to work on /opt/airflow/dags/minio_to_snowflake_dags.py
[2026-07-22T07:02:17.112+0000] {processor.py:830} INFO - Processing file /opt/airflow/dags/minio_to_snowflake_dags.py for tasks to queue
[2026-07-22T07:02:17.115+0000] {logging_mixin.py:188} INFO - [2026-07-22T07:02:17.114+0000] {dagbag.py:545} INFO - Filling up the DagBag from /opt/airflow/dags/minio_to_snowflake_dags.py
[2026-07-22T07:02:19.573+0000] {processor.py:840} INFO - DAG(s) 'minio_to_snowflake_banking' retrieved from /opt/airflow/dags/minio_to_snowflake_dags.py
[2026-07-22T07:02:19.642+0000] {logging_mixin.py:188} INFO - [2026-07-22T07:02:19.641+0000] {dag.py:3089} INFO - Sync 1 DAGs
[2026-07-22T07:02:19.695+0000] {logging_mixin.py:188} INFO - [2026-07-22T07:02:19.694+0000] {dag.py:3947} INFO - Setting next_dagrun for minio_to_snowflake_banking to 2026-07-22 07:02:00+00:00, run_after=2026-07-22 07:03:00+00:00
[2026-07-22T07:02:19.746+0000] {processor.py:183} INFO - Processing /opt/airflow/dags/minio_to_snowflake_dags.py took 2.661 seconds
[2026-07-22T07:02:50.526+0000] {processor.py:161} INFO - Started process (PID=8562) to work on /opt/airflow/dags/minio_to_snowflake_dags.py
[2026-07-22T07:02:50.530+0000] {processor.py:830} INFO - Processing file /opt/airflow/dags/minio_to_snowflake_dags.py for tasks to queue
[2026-07-22T07:02:50.533+0000] {logging_mixin.py:188} INFO - [2026-07-22T07:02:50.532+0000] {dagbag.py:545} INFO - Filling up the DagBag from /opt/airflow/dags/minio_to_snowflake_dags.py
[2026-07-22T07:02:52.974+0000] {processor.py:840} INFO - DAG(s) 'minio_to_snowflake_banking' retrieved from /opt/airflow/dags/minio_to_snowflake_dags.py
[2026-07-22T07:02:53.072+0000] {logging_mixin.py:188} INFO - [2026-07-22T07:02:53.070+0000] {dag.py:3089} INFO - Sync 1 DAGs
[2026-07-22T07:02:53.140+0000] {logging_mixin.py:188} INFO - [2026-07-22T07:02:53.140+0000] {dag.py:3947} INFO - Setting next_dagrun for minio_to_snowflake_banking to 2026-07-22 07:02:00+00:00, run_after=2026-07-22 07:03:00+00:00
[2026-07-22T07:02:53.192+0000] {processor.py:183} INFO - Processing /opt/airflow/dags/minio_to_snowflake_dags.py took 2.698 seconds
[2026-07-22T07:03:23.952+0000] {processor.py:161} INFO - Started process (PID=8614) to work on /opt/airflow/dags/minio_to_snowflake_dags.py
[2026-07-22T07:03:23.962+0000] {processor.py:830} INFO - Processing file /opt/airflow/dags/minio_to_snowflake_dags.py for tasks to queue
[2026-07-22T07:03:23.970+0000] {logging_mixin.py:188} INFO - [2026-07-22T07:03:23.967+0000] {dagbag.py:545} INFO - Filling up the DagBag from /opt/airflow/dags/minio_to_snowflake_dags.py
[2026-07-22T07:03:26.376+0000] {processor.py:840} INFO - DAG(s) 'minio_to_snowflake_banking' retrieved from /opt/airflow/dags/minio_to_snowflake_dags.py
[2026-07-22T07:03:26.525+0000] {logging_mixin.py:188} INFO - [2026-07-22T07:03:26.523+0000] {dag.py:3089} INFO - Sync 1 DAGs
[2026-07-22T07:03:26.696+0000] {logging_mixin.py:188} INFO - [2026-07-22T07:03:26.696+0000] {dag.py:3947} INFO - Setting next_dagrun for minio_to_snowflake_banking to 2026-07-22 07:03:00+00:00, run_after=2026-07-22 07:04:00+00:00
[2026-07-22T07:03:26.763+0000] {processor.py:183} INFO - Processing /opt/airflow/dags/minio_to_snowflake_dags.py took 2.887 seconds
[2026-07-22T07:03:57.066+0000] {processor.py:161} INFO - Started process (PID=8632) to work on /opt/airflow/dags/minio_to_snowflake_dags.py
[2026-07-22T07:03:57.070+0000] {processor.py:830} INFO - Processing file /opt/airflow/dags/minio_to_snowflake_dags.py for tasks to queue
[2026-07-22T07:03:57.074+0000] {logging_mixin.py:188} INFO - [2026-07-22T07:03:57.073+0000] {dagbag.py:545} INFO - Filling up the DagBag from /opt/airflow/dags/minio_to_snowflake_dags.py
[2026-07-22T07:04:01.923+0000] {processor.py:840} INFO - DAG(s) 'minio_to_snowflake_banking' retrieved from /opt/airflow/dags/minio_to_snowflake_dags.py
[2026-07-22T07:04:01.989+0000] {logging_mixin.py:188} INFO - [2026-07-22T07:04:01.988+0000] {dag.py:3089} INFO - Sync 1 DAGs
[2026-07-22T07:04:02.048+0000] {logging_mixin.py:188} INFO - [2026-07-22T07:04:02.047+0000] {dag.py:3947} INFO - Setting next_dagrun for minio_to_snowflake_banking to 2026-07-22 07:03:00+00:00, run_after=2026-07-22 07:04:00+00:00
[2026-07-22T07:04:02.098+0000] {processor.py:183} INFO - Processing /opt/airflow/dags/minio_to_snowflake_dags.py took 2.342 seconds
[2026-07-22T07:04:32.959+0000] {processor.py:161} INFO - Started process (PID=8698) to work on /opt/airflow/dags/minio_to_snowflake_dags.py
[2026-07-22T07:04:32.962+0000] {processor.py:830} INFO - Processing file /opt/airflow/dags/minio_to_snowflake_dags.py for tasks to queue
[2026-07-22T07:04:32.965+0000] {logging_mixin.py:188} INFO - [2026-07-22T07:04:32.964+0000] {dagbag.py:545} INFO - Filling up the DagBag from /opt/airflow/dags/minio_to_snowflake_dags.py
[2026-07-22T07:04:34.959+0000] {processor.py:840} INFO - DAG(s) 'minio_to_snowflake_banking' retrieved from /opt/airflow/dags/minio_to_snowflake_dags.py
[2026-07-22T07:04:35.023+0000] {logging_mixin.py:188} INFO - [2026-07-22T07:04:35.022+0000] {dag.py:3089} INFO - Sync 1 DAGs
[2026-07-22T07:04:35.074+0000] {logging_mixin.py:188} INFO - [2026-07-22T07:04:35.073+0000] {dag.py:3947} INFO - Setting next_dagrun for minio_to_snowflake_banking to 2026-07-22 07:04:00+00:00, run_after=2026-07-22 07:05:00+00:00
[2026-07-22T07:04:35.121+0000] {processor.py:183} INFO - Processing /opt/airflow/dags/minio_to_snowflake_dags.py took 2.179 seconds
[2026-07-22T07:05:05.522+0000] {processor.py:161} INFO - Started process (PID=8703) to work on /opt/airflow/dags/minio_to_snowflake_dags.py
[2026-07-22T07:05:05.527+0000] {processor.py:830} INFO - Processing file /opt/airflow/dags/minio_to_snowflake_dags.py for tasks to queue
[2026-07-22T07:05:05.530+0000] {logging_mixin.py:188} INFO - [2026-07-22T07:05:05.529+0000] {dagbag.py:545} INFO - Filling up the DagBag from /opt/airflow/dags/minio_to_snowflake_dags.py
[2026-07-22T07:05:07.662+0000] {processor.py:840} INFO - DAG(s) 'minio_to_snowflake_banking' retrieved from /opt/airflow/dags/minio_to_snowflake_dags.py
[2026-07-22T07:05:07.728+0000] {logging_mixin.py:188} INFO - [2026-07-22T07:05:07.727+0000] {dag.py:3089} INFO - Sync 1 DAGs
[2026-07-22T07:05:07.777+0000] {logging_mixin.py:188} INFO - [2026-07-22T07:05:07.777+0000] {dag.py:3947} INFO - Setting next_dagrun for minio_to_snowflake_banking to 2026-07-22 07:05:00+00:00, run_after=2026-07-22 07:06:00+00:00
[2026-07-22T07:05:07.821+0000] {processor.py:183} INFO - Processing /opt/airflow/dags/minio_to_snowflake_dags.py took 2.330 seconds
[2026-07-22T07:05:38.142+0000] {processor.py:161} INFO - Started process (PID=8768) to work on /opt/airflow/dags/minio_to_snowflake_dags.py
[2026-07-22T07:05:38.145+0000] {processor.py:830} INFO - Processing file /opt/airflow/dags/minio_to_snowflake_dags.py for tasks to queue
[2026-07-22T07:05:38.149+0000] {logging_mixin.py:188} INFO - [2026-07-22T07:05:38.148+0000] {dagbag.py:545} INFO - Filling up the DagBag from /opt/airflow/dags/minio_to_snowflake_dags.py
[2026-07-22T07:05:40.248+0000] {processor.py:840} INFO - DAG(s) 'minio_to_snowflake_banking' retrieved from /opt/airflow/dags/minio_to_snowflake_dags.py
[2026-07-22T07:05:40.310+0000] {logging_mixin.py:188} INFO - [2026-07-22T07:05:40.309+0000] {dag.py:3089} INFO - Sync 1 DAGs
[2026-07-22T07:05:40.358+0000] {logging_mixin.py:188} INFO - [2026-07-22T07:05:40.358+0000] {dag.py:3947} INFO - Setting next_dagrun for minio_to_snowflake_banking to 2026-07-22 07:05:00+00:00, run_after=2026-07-22 07:06:00+00:00
[2026-07-22T07:05:40.405+0000] {processor.py:183} INFO - Processing /opt/airflow/dags/minio_to_snowflake_dags.py took 2.296 seconds
[2026-07-22T07:06:11.218+0000] {processor.py:161} INFO - Started process (PID=8804) to work on /opt/airflow/dags/minio_to_snowflake_dags.py
[2026-07-22T07:06:11.222+0000] {processor.py:830} INFO - Processing file /opt/airflow/dags/minio_to_snowflake_dags.py for tasks to queue
[2026-07-22T07:06:11.225+0000] {logging_mixin.py:188} INFO - [2026-07-22T07:06:11.224+0000] {dagbag.py:545} INFO - Filling up the DagBag from /opt/airflow/dags/minio_to_snowflake_dags.py
[2026-07-22T07:06:12.987+0000] {processor.py:840} INFO - DAG(s) 'minio_to_snowflake_banking' retrieved from /opt/airflow/dags/minio_to_snowflake_dags.py
[2026-07-22T07:06:13.054+0000] {logging_mixin.py:188} INFO - [2026-07-22T07:06:13.053+0000] {dag.py:3089} INFO - Sync 1 DAGs
[2026-07-22T07:06:13.109+0000] {logging_mixin.py:188} INFO - [2026-07-22T07:06:13.108+0000] {dag.py:3947} INFO - Setting next_dagrun for minio_to_snowflake_banking to 2026-07-22 07:06:00+00:00, run_after=2026-07-22 07:07:00+00:00
[2026-07-22T07:06:13.156+0000] {processor.py:183} INFO - Processing /opt/airflow/dags/minio_to_snowflake_dags.py took 1.956 seconds
[2026-07-22T07:06:44.213+0000] {processor.py:161} INFO - Started process (PID=8837) to work on /opt/airflow/dags/minio_to_snowflake_dags.py
[2026-07-22T07:06:44.215+0000] {processor.py:830} INFO - Processing file /opt/airflow/dags/minio_to_snowflake_dags.py for tasks to queue
[2026-07-22T07:06:44.218+0000] {logging_mixin.py:188} INFO - [2026-07-22T07:06:44.218+0000] {dagbag.py:545} INFO - Filling up the DagBag from /opt/airflow/dags/minio_to_snowflake_dags.py
[2026-07-22T07:06:46.213+0000] {processor.py:840} INFO - DAG(s) 'minio_to_snowflake_banking' retrieved from /opt/airflow/dags/minio_to_snowflake_dags.py
[2026-07-22T07:06:46.274+0000] {logging_mixin.py:188} INFO - [2026-07-22T07:06:46.274+0000] {dag.py:3089} INFO - Sync 1 DAGs
[2026-07-22T07:06:46.324+0000] {logging_mixin.py:188} INFO - [2026-07-22T07:06:46.323+0000] {dag.py:3947} INFO - Setting next_dagrun for minio_to_snowflake_banking to 2026-07-22 07:06:00+00:00, run_after=2026-07-22 07:07:00+00:00
[2026-07-22T07:06:46.375+0000] {processor.py:183} INFO - Processing /opt/airflow/dags/minio_to_snowflake_dags.py took 2.178 seconds
[2026-07-22T07:07:16.645+0000] {processor.py:161} INFO - Started process (PID=8874) to work on /opt/airflow/dags/minio_to_snowflake_dags.py
[2026-07-22T07:07:16.648+0000] {processor.py:830} INFO - Processing file /opt/airflow/dags/minio_to_snowflake_dags.py for tasks to queue
[2026-07-22T07:07:16.652+0000] {logging_mixin.py:188} INFO - [2026-07-22T07:07:16.650+0000] {dagbag.py:545} INFO - Filling up the DagBag from /opt/airflow/dags/minio_to_snowflake_dags.py
[2026-07-22T07:07:19.173+0000] {processor.py:840} INFO - DAG(s) 'minio_to_snowflake_banking' retrieved from /opt/airflow/dags/minio_to_snowflake_dags.py
[2026-07-22T07:07:19.308+0000] {logging_mixin.py:188} INFO - [2026-07-22T07:07:19.307+0000] {dag.py:3089} INFO - Sync 1 DAGs
[2026-07-22T07:07:19.441+0000] {logging_mixin.py:188} INFO - [2026-07-22T07:07:19.440+0000] {dag.py:3947} INFO - Setting next_dagrun for minio_to_snowflake_banking to 2026-07-22 07:07:00+00:00, run_after=2026-07-22 07:08:00+00:00
[2026-07-22T07:07:19.509+0000] {processor.py:183} INFO - Processing /opt/airflow/dags/minio_to_snowflake_dags.py took 2.892 seconds
[2026-07-22T07:07:49.821+0000] {processor.py:161} INFO - Started process (PID=8906) to work on /opt/airflow/dags/minio_to_snowflake_dags.py
[2026-07-22T07:07:49.824+0000] {processor.py:830} INFO - Processing file /opt/airflow/dags/minio_to_snowflake_dags.py for tasks to queue
[2026-07-22T07:07:49.827+0000] {logging_mixin.py:188} INFO - [2026-07-22T07:07:49.826+0000] {dagbag.py:545} INFO - Filling up the DagBag from /opt/airflow/dags/minio_to_snowflake_dags.py
[2026-07-22T07:07:52.299+0000] {processor.py:840} INFO - DAG(s) 'minio_to_snowflake_banking' retrieved from /opt/airflow/dags/minio_to_snowflake_dags.py
[2026-07-22T07:07:52.377+0000] {logging_mixin.py:188} INFO - [2026-07-22T07:07:52.376+0000] {dag.py:3089} INFO - Sync 1 DAGs
[2026-07-22T07:07:52.448+0000] {logging_mixin.py:188} INFO - [2026-07-22T07:07:52.448+0000] {dag.py:3947} INFO - Setting next_dagrun for minio_to_snowflake_banking to 2026-07-22 07:07:00+00:00, run_after=2026-07-22 07:08:00+00:00
[2026-07-22T07:07:52.519+0000] {processor.py:183} INFO - Processing /opt/airflow/dags/minio_to_snowflake_dags.py took 2.718 seconds
[2026-07-22T07:08:27.781+0000] {processor.py:161} INFO - Started process (PID=8958) to work on /opt/airflow/dags/minio_to_snowflake_dags.py
[2026-07-22T07:08:27.785+0000] {processor.py:830} INFO - Processing file /opt/airflow/dags/minio_to_snowflake_dags.py for tasks to queue
[2026-07-22T07:08:27.788+0000] {logging_mixin.py:188} INFO - [2026-07-22T07:08:27.787+0000] {dagbag.py:545} INFO - Filling up the DagBag from /opt/airflow/dags/minio_to_snowflake_dags.py
[2026-07-22T07:08:30.107+0000] {processor.py:840} INFO - DAG(s) 'minio_to_snowflake_banking' retrieved from /opt/airflow/dags/minio_to_snowflake_dags.py
[2026-07-22T07:08:30.179+0000] {logging_mixin.py:188} INFO - [2026-07-22T07:08:30.178+0000] {dag.py:3089} INFO - Sync 1 DAGs
[2026-07-22T07:08:30.267+0000] {logging_mixin.py:188} INFO - [2026-07-22T07:08:30.267+0000] {dag.py:3947} INFO - Setting next_dagrun for minio_to_snowflake_banking to 2026-07-22 07:08:00+00:00, run_after=2026-07-22 07:09:00+00:00
[2026-07-22T07:08:30.314+0000] {processor.py:183} INFO - Processing /opt/airflow/dags/minio_to_snowflake_dags.py took 2.554 seconds
[2026-07-22T07:09:00.795+0000] {processor.py:161} INFO - Started process (PID=8992) to work on /opt/airflow/dags/minio_to_snowflake_dags.py
[2026-07-22T07:09:00.799+0000] {processor.py:830} INFO - Processing file /opt/airflow/dags/minio_to_snowflake_dags.py for tasks to queue
[2026-07-22T07:09:00.802+0000] {logging_mixin.py:188} INFO - [2026-07-22T07:09:00.801+0000] {dagbag.py:545} INFO - Filling up the DagBag from /opt/airflow/dags/minio_to_snowflake_dags.py
[2026-07-22T07:09:02.853+0000] {processor.py:840} INFO - DAG(s) 'minio_to_snowflake_banking' retrieved from /opt/airflow/dags/minio_to_snowflake_dags.py
[2026-07-22T07:09:02.912+0000] {logging_mixin.py:188} INFO - [2026-07-22T07:09:02.911+0000] {dag.py:3089} INFO - Sync 1 DAGs
[2026-07-22T07:09:02.968+0000] {logging_mixin.py:188} INFO - [2026-07-22T07:09:02.968+0000] {dag.py:3947} INFO - Setting next_dagrun for minio_to_snowflake_banking to 2026-07-22 07:09:00+00:00, run_after=2026-07-22 07:10:00+00:00
[2026-07-22T07:09:03.023+0000] {processor.py:183} INFO - Processing /opt/airflow/dags/minio_to_snowflake_dags.py took 2.246 seconds
[2026-07-22T07:09:33.958+0000] {processor.py:161} INFO - Started process (PID=9056) to work on /opt/airflow/dags/minio_to_snowflake_dags.py
[2026-07-22T07:09:33.962+0000] {processor.py:830} INFO - Processing file /opt/airflow/dags/minio_to_snowflake_dags.py for tasks to queue
[2026-07-22T07:09:33.965+0000] {logging_mixin.py:188} INFO - [2026-07-22T07:09:33.964+0000] {dagbag.py:545} INFO - Filling up the DagBag from /opt/airflow/dags/minio_to_snowflake_dags.py
[2026-07-22T07:09:35.639+0000] {processor.py:840} INFO - DAG(s) 'minio_to_snowflake_banking' retrieved from /opt/airflow/dags/minio_to_snowflake_dags.py
[2026-07-22T07:09:35.688+0000] {logging_mixin.py:188} INFO - [2026-07-22T07:09:35.687+0000] {dag.py:3089} INFO - Sync 1 DAGs
[2026-07-22T07:09:35.729+0000] {logging_mixin.py:188} INFO - [2026-07-22T07:09:35.729+0000] {dag.py:3947} INFO - Setting next_dagrun for minio_to_snowflake_banking to 2026-07-22 07:09:00+00:00, run_after=2026-07-22 07:10:00+00:00
[2026-07-22T07:09:35.767+0000] {processor.py:183} INFO - Processing /opt/airflow/dags/minio_to_snowflake_dags.py took 1.831 seconds
[2026-07-22T07:10:05.982+0000] {processor.py:161} INFO - Started process (PID=9061) to work on /opt/airflow/dags/minio_to_snowflake_dags.py
[2026-07-22T07:10:05.986+0000] {processor.py:830} INFO - Processing file /opt/airflow/dags/minio_to_snowflake_dags.py for tasks to queue
[2026-07-22T07:10:05.989+0000] {logging_mixin.py:188} INFO - [2026-07-22T07:10:05.988+0000] {dagbag.py:545} INFO - Filling up the DagBag from /opt/airflow/dags/minio_to_snowflake_dags.py
[2026-07-22T07:10:08.152+0000] {processor.py:840} INFO - DAG(s) 'minio_to_snowflake_banking' retrieved from /opt/airflow/dags/minio_to_snowflake_dags.py
[2026-07-22T07:10:08.215+0000] {logging_mixin.py:188} INFO - [2026-07-22T07:10:08.213+0000] {dag.py:3089} INFO - Sync 1 DAGs
[2026-07-22T07:10:08.269+0000] {logging_mixin.py:188} INFO - [2026-07-22T07:10:08.269+0000] {dag.py:3947} INFO - Setting next_dagrun for minio_to_snowflake_banking to 2026-07-22 07:10:00+00:00, run_after=2026-07-22 07:11:00+00:00
[2026-07-22T07:10:08.316+0000] {processor.py:183} INFO - Processing /opt/airflow/dags/minio_to_snowflake_dags.py took 2.359 seconds
[2026-07-22T07:10:38.941+0000] {processor.py:161} INFO - Started process (PID=9126) to work on /opt/airflow/dags/minio_to_snowflake_dags.py
[2026-07-22T07:10:38.945+0000] {processor.py:830} INFO - Processing file /opt/airflow/dags/minio_to_snowflake_dags.py for tasks to queue
[2026-07-22T07:10:38.949+0000] {logging_mixin.py:188} INFO - [2026-07-22T07:10:38.948+0000] {dagbag.py:545} INFO - Filling up the DagBag from /opt/airflow/dags/minio_to_snowflake_dags.py
[2026-07-22T07:10:40.919+0000] {processor.py:840} INFO - DAG(s) 'minio_to_snowflake_banking' retrieved from /opt/airflow/dags/minio_to_snowflake_dags.py
[2026-07-22T07:10:40.977+0000] {logging_mixin.py:188} INFO - [2026-07-22T07:10:40.977+0000] {dag.py:3089} INFO - Sync 1 DAGs
[2026-07-22T07:10:41.030+0000] {logging_mixin.py:188} INFO - [2026-07-22T07:10:41.029+0000] {dag.py:3947} INFO - Setting next_dagrun for minio_to_snowflake_banking to 2026-07-22 07:10:00+00:00, run_after=2026-07-22 07:11:00+00:00
[2026-07-22T07:10:41.081+0000] {processor.py:183} INFO - Processing /opt/airflow/dags/minio_to_snowflake_dags.py took 2.170 seconds
[2026-07-22T07:11:11.781+0000] {processor.py:161} INFO - Started process (PID=9162) to work on /opt/airflow/dags/minio_to_snowflake_dags.py
[2026-07-22T07:11:11.784+0000] {processor.py:830} INFO - Processing file /opt/airflow/dags/minio_to_snowflake_dags.py for tasks to queue
[2026-07-22T07:11:11.787+0000] {logging_mixin.py:188} INFO - [2026-07-22T07:11:11.786+0000] {dagbag.py:545} INFO - Filling up the DagBag from /opt/airflow/dags/minio_to_snowflake_dags.py
[2026-07-22T07:11:13.586+0000] {processor.py:840} INFO - DAG(s) 'minio_to_snowflake_banking' retrieved from /opt/airflow/dags/minio_to_snowflake_dags.py
[2026-07-22T07:11:13.650+0000] {logging_mixin.py:188} INFO - [2026-07-22T07:11:13.649+0000] {dag.py:3089} INFO - Sync 1 DAGs
[2026-07-22T07:11:13.706+0000] {logging_mixin.py:188} INFO - [2026-07-22T07:11:13.706+0000] {dag.py:3947} INFO - Setting next_dagrun for minio_to_snowflake_banking to 2026-07-22 07:11:00+00:00, run_after=2026-07-22 07:12:00+00:00
[2026-07-22T07:11:13.744+0000] {processor.py:183} INFO - Processing /opt/airflow/dags/minio_to_snowflake_dags.py took 1.984 seconds
[2026-07-22T07:11:44.102+0000] {processor.py:161} INFO - Started process (PID=9196) to work on /opt/airflow/dags/minio_to_snowflake_dags.py
[2026-07-22T07:11:44.105+0000] {processor.py:830} INFO - Processing file /opt/airflow/dags/minio_to_snowflake_dags.py for tasks to queue
[2026-07-22T07:11:44.108+0000] {logging_mixin.py:188} INFO - [2026-07-22T07:11:44.107+0000] {dagbag.py:545} INFO - Filling up the DagBag from /opt/airflow/dags/minio_to_snowflake_dags.py
[2026-07-22T07:11:45.924+0000] {processor.py:840} INFO - DAG(s) 'minio_to_snowflake_banking' retrieved from /opt/airflow/dags/minio_to_snowflake_dags.py
[2026-07-22T07:11:46.012+0000] {logging_mixin.py:188} INFO - [2026-07-22T07:11:46.011+0000] {dag.py:3089} INFO - Sync 1 DAGs
[2026-07-22T07:11:46.076+0000] {logging_mixin.py:188} INFO - [2026-07-22T07:11:46.075+0000] {dag.py:3947} INFO - Setting next_dagrun for minio_to_snowflake_banking to 2026-07-22 07:11:00+00:00, run_after=2026-07-22 07:12:00+00:00
[2026-07-22T07:11:46.120+0000] {processor.py:183} INFO - Processing /opt/airflow/dags/minio_to_snowflake_dags.py took 2.034 seconds
[2026-07-22T07:12:16.351+0000] {processor.py:161} INFO - Started process (PID=9233) to work on /opt/airflow/dags/minio_to_snowflake_dags.py
[2026-07-22T07:12:16.355+0000] {processor.py:830} INFO - Processing file /opt/airflow/dags/minio_to_snowflake_dags.py for tasks to queue
[2026-07-22T07:12:16.358+0000] {logging_mixin.py:188} INFO - [2026-07-22T07:12:16.357+0000] {dagbag.py:545} INFO - Filling up the DagBag from /opt/airflow/dags/minio_to_snowflake_dags.py
[2026-07-22T07:12:18.598+0000] {processor.py:840} INFO - DAG(s) 'minio_to_snowflake_banking' retrieved from /opt/airflow/dags/minio_to_snowflake_dags.py
[2026-07-22T07:12:18.679+0000] {logging_mixin.py:188} INFO - [2026-07-22T07:12:18.678+0000] {dag.py:3089} INFO - Sync 1 DAGs
[2026-07-22T07:12:18.766+0000] {logging_mixin.py:188} INFO - [2026-07-22T07:12:18.760+0000] {dag.py:3947} INFO - Setting next_dagrun for minio_to_snowflake_banking to 2026-07-22 07:12:00+00:00, run_after=2026-07-22 07:13:00+00:00
[2026-07-22T07:12:18.841+0000] {processor.py:183} INFO - Processing /opt/airflow/dags/minio_to_snowflake_dags.py took 2.512 seconds
[2026-07-22T07:12:49.458+0000] {processor.py:161} INFO - Started process (PID=9266) to work on /opt/airflow/dags/minio_to_snowflake_dags.py
[2026-07-22T07:12:49.462+0000] {processor.py:830} INFO - Processing file /opt/airflow/dags/minio_to_snowflake_dags.py for tasks to queue
[2026-07-22T07:12:49.466+0000] {logging_mixin.py:188} INFO - [2026-07-22T07:12:49.464+0000] {dagbag.py:545} INFO - Filling up the DagBag from /opt/airflow/dags/minio_to_snowflake_dags.py
[2026-07-22T07:12:52.727+0000] {processor.py:840} INFO - DAG(s) 'minio_to_snowflake_banking' retrieved from /opt/airflow/dags/minio_to_snowflake_dags.py
[2026-07-22T07:12:52.800+0000] {logging_mixin.py:188} INFO - [2026-07-22T07:12:52.799+0000] {dag.py:3089} INFO - Sync 1 DAGs
[2026-07-22T07:12:52.859+0000] {logging_mixin.py:188} INFO - [2026-07-22T07:12:52.859+0000] {dag.py:3947} INFO - Setting next_dagrun for minio_to_snowflake_banking to 2026-07-22 07:12:00+00:00, run_after=2026-07-22 07:13:00+00:00
[2026-07-22T07:12:52.910+0000] {processor.py:183} INFO - Processing /opt/airflow/dags/minio_to_snowflake_dags.py took 2.291 seconds
[2026-07-22T07:13:23.142+0000] {processor.py:161} INFO - Started process (PID=9317) to work on /opt/airflow/dags/minio_to_snowflake_dags.py
[2026-07-22T07:13:23.148+0000] {processor.py:830} INFO - Processing file /opt/airflow/dags/minio_to_snowflake_dags.py for tasks to queue
[2026-07-22T07:13:23.153+0000] {logging_mixin.py:188} INFO - [2026-07-22T07:13:23.151+0000] {dagbag.py:545} INFO - Filling up the DagBag from /opt/airflow/dags/minio_to_snowflake_dags.py
[2026-07-22T07:13:26.118+0000] {processor.py:840} INFO - DAG(s) 'minio_to_snowflake_banking' retrieved from /opt/airflow/dags/minio_to_snowflake_dags.py
[2026-07-22T07:13:26.277+0000] {logging_mixin.py:188} INFO - [2026-07-22T07:13:26.276+0000] {dag.py:3089} INFO - Sync 1 DAGs
[2026-07-22T07:13:26.452+0000] {logging_mixin.py:188} INFO - [2026-07-22T07:13:26.452+0000] {dag.py:3947} INFO - Setting next_dagrun for minio_to_snowflake_banking to 2026-07-22 07:13:00+00:00, run_after=2026-07-22 07:14:00+00:00
[2026-07-22T07:13:26.528+0000] {processor.py:183} INFO - Processing /opt/airflow/dags/minio_to_snowflake_dags.py took 3.427 seconds
[2026-07-22T07:13:56.809+0000] {processor.py:161} INFO - Started process (PID=9336) to work on /opt/airflow/dags/minio_to_snowflake_dags.py
[2026-07-22T07:13:56.812+0000] {processor.py:830} INFO - Processing file /opt/airflow/dags/minio_to_snowflake_dags.py for tasks to queue
[2026-07-22T07:13:56.817+0000] {logging_mixin.py:188} INFO - [2026-07-22T07:13:56.815+0000] {dagbag.py:545} INFO - Filling up the DagBag from /opt/airflow/dags/minio_to_snowflake_dags.py
[2026-07-22T07:13:59.425+0000] {processor.py:840} INFO - DAG(s) 'minio_to_snowflake_banking' retrieved from /opt/airflow/dags/minio_to_snowflake_dags.py
[2026-07-22T07:13:59.517+0000] {logging_mixin.py:188} INFO - [2026-07-22T07:13:59.516+0000] {dag.py:3089} INFO - Sync 1 DAGs
[2026-07-22T07:13:59.594+0000] {logging_mixin.py:188} INFO - [2026-07-22T07:13:59.594+0000] {dag.py:3947} INFO - Setting next_dagrun for minio_to_snowflake_banking to 2026-07-22 07:13:00+00:00, run_after=2026-07-22 07:14:00+00:00
[2026-07-22T07:13:59.650+0000] {processor.py:183} INFO - Processing /opt/airflow/dags/minio_to_snowflake_dags.py took 2.868 seconds
[2026-07-22T07:14:30.495+0000] {processor.py:161} INFO - Started process (PID=9402) to work on /opt/airflow/dags/minio_to_snowflake_dags.py
[2026-07-22T07:14:30.498+0000] {processor.py:830} INFO - Processing file /opt/airflow/dags/minio_to_snowflake_dags.py for tasks to queue
[2026-07-22T07:14:30.501+0000] {logging_mixin.py:188} INFO - [2026-07-22T07:14:30.500+0000] {dagbag.py:545} INFO - Filling up the DagBag from /opt/airflow/dags/minio_to_snowflake_dags.py
[2026-07-22T07:14:32.465+0000] {processor.py:840} INFO - DAG(s) 'minio_to_snowflake_banking' retrieved from /opt/airflow/dags/minio_to_snowflake_dags.py
[2026-07-22T07:14:32.528+0000] {logging_mixin.py:188} INFO - [2026-07-22T07:14:32.527+0000] {dag.py:3089} INFO - Sync 1 DAGs
[2026-07-22T07:14:32.577+0000] {logging_mixin.py:188} INFO - [2026-07-22T07:14:32.576+0000] {dag.py:3947} INFO - Setting next_dagrun for minio_to_snowflake_banking to 2026-07-22 07:14:00+00:00, run_after=2026-07-22 07:15:00+00:00
[2026-07-22T07:14:32.621+0000] {processor.py:183} INFO - Processing /opt/airflow/dags/minio_to_snowflake_dags.py took 2.142 seconds
[2026-07-22T07:15:03.724+0000] {processor.py:161} INFO - Started process (PID=9407) to work on /opt/airflow/dags/minio_to_snowflake_dags.py
[2026-07-22T07:15:03.728+0000] {processor.py:830} INFO - Processing file /opt/airflow/dags/minio_to_snowflake_dags.py for tasks to queue
[2026-07-22T07:15:03.731+0000] {logging_mixin.py:188} INFO - [2026-07-22T07:15:03.730+0000] {dagbag.py:545} INFO - Filling up the DagBag from /opt/airflow/dags/minio_to_snowflake_dags.py
[2026-07-22T07:15:05.584+0000] {processor.py:840} INFO - DAG(s) 'minio_to_snowflake_banking' retrieved from /opt/airflow/dags/minio_to_snowflake_dags.py
[2026-07-22T07:15:05.644+0000] {logging_mixin.py:188} INFO - [2026-07-22T07:15:05.643+0000] {dag.py:3089} INFO - Sync 1 DAGs
[2026-07-22T07:15:05.692+0000] {logging_mixin.py:188} INFO - [2026-07-22T07:15:05.691+0000] {dag.py:3947} INFO - Setting next_dagrun for minio_to_snowflake_banking to 2026-07-22 07:15:00+00:00, run_after=2026-07-22 07:16:00+00:00
[2026-07-22T07:15:05.736+0000] {processor.py:183} INFO - Processing /opt/airflow/dags/minio_to_snowflake_dags.py took 2.029 seconds
[2026-07-22T07:15:36.776+0000] {processor.py:161} INFO - Started process (PID=9471) to work on /opt/airflow/dags/minio_to_snowflake_dags.py
[2026-07-22T07:15:36.779+0000] {processor.py:830} INFO - Processing file /opt/airflow/dags/minio_to_snowflake_dags.py for tasks to queue
[2026-07-22T07:15:36.782+0000] {logging_mixin.py:188} INFO - [2026-07-22T07:15:36.781+0000] {dagbag.py:545} INFO - Filling up the DagBag from /opt/airflow/dags/minio_to_snowflake_dags.py
[2026-07-22T07:15:38.513+0000] {processor.py:840} INFO - DAG(s) 'minio_to_snowflake_banking' retrieved from /opt/airflow/dags/minio_to_snowflake_dags.py
[2026-07-22T07:15:38.615+0000] {logging_mixin.py:188} INFO - [2026-07-22T07:15:38.613+0000] {dag.py:3089} INFO - Sync 1 DAGs
[2026-07-22T07:15:38.708+0000] {logging_mixin.py:188} INFO - [2026-07-22T07:15:38.707+0000] {dag.py:3947} INFO - Setting next_dagrun for minio_to_snowflake_banking to 2026-07-22 07:15:00+00:00, run_after=2026-07-22 07:16:00+00:00
[2026-07-22T07:15:38.771+0000] {processor.py:183} INFO - Processing /opt/airflow/dags/minio_to_snowflake_dags.py took 2.017 seconds
[2026-07-22T07:16:09.010+0000] {processor.py:161} INFO - Started process (PID=9487) to work on /opt/airflow/dags/minio_to_snowflake_dags.py
[2026-07-22T07:16:09.014+0000] {processor.py:830} INFO - Processing file /opt/airflow/dags/minio_to_snowflake_dags.py for tasks to queue
[2026-07-22T07:16:09.017+0000] {logging_mixin.py:188} INFO - [2026-07-22T07:16:09.016+0000] {dagbag.py:545} INFO - Filling up the DagBag from /opt/airflow/dags/minio_to_snowflake_dags.py
[2026-07-22T07:16:11.169+0000] {processor.py:840} INFO - DAG(s) 'minio_to_snowflake_banking' retrieved from /opt/airflow/dags/minio_to_snowflake_dags.py
[2026-07-22T07:16:11.227+0000] {logging_mixin.py:188} INFO - [2026-07-22T07:16:11.226+0000] {dag.py:3089} INFO - Sync 1 DAGs
[2026-07-22T07:16:11.282+0000] {logging_mixin.py:188} INFO - [2026-07-22T07:16:11.282+0000] {dag.py:3947} INFO - Setting next_dagrun for minio_to_snowflake_banking to 2026-07-22 07:16:00+00:00, run_after=2026-07-22 07:17:00+00:00
[2026-07-22T07:16:11.331+0000] {processor.py:183} INFO - Processing /opt/airflow/dags/minio_to_snowflake_dags.py took 2.340 seconds
[2026-07-22T07:16:42.000+0000] {processor.py:161} INFO - Started process (PID=9541) to work on /opt/airflow/dags/minio_to_snowflake_dags.py
[2026-07-22T07:16:42.003+0000] {processor.py:830} INFO - Processing file /opt/airflow/dags/minio_to_snowflake_dags.py for tasks to queue
[2026-07-22T07:16:42.006+0000] {logging_mixin.py:188} INFO - [2026-07-22T07:16:42.005+0000] {dagbag.py:545} INFO - Filling up the DagBag from /opt/airflow/dags/minio_to_snowflake_dags.py
[2026-07-22T07:16:43.909+0000] {processor.py:840} INFO - DAG(s) 'minio_to_snowflake_banking' retrieved from /opt/airflow/dags/minio_to_snowflake_dags.py
[2026-07-22T07:16:43.969+0000] {logging_mixin.py:188} INFO - [2026-07-22T07:16:43.968+0000] {dag.py:3089} INFO - Sync 1 DAGs
[2026-07-22T07:16:44.025+0000] {logging_mixin.py:188} INFO - [2026-07-22T07:16:44.024+0000] {dag.py:3947} INFO - Setting next_dagrun for minio_to_snowflake_banking to 2026-07-22 07:16:00+00:00, run_after=2026-07-22 07:17:00+00:00
[2026-07-22T07:16:44.069+0000] {processor.py:183} INFO - Processing /opt/airflow/dags/minio_to_snowflake_dags.py took 2.088 seconds
[2026-07-22T07:17:14.464+0000] {processor.py:161} INFO - Started process (PID=9578) to work on /opt/airflow/dags/minio_to_snowflake_dags.py
[2026-07-22T07:17:14.468+0000] {processor.py:830} INFO - Processing file /opt/airflow/dags/minio_to_snowflake_dags.py for tasks to queue
[2026-07-22T07:17:14.471+0000] {logging_mixin.py:188} INFO - [2026-07-22T07:17:14.471+0000] {dagbag.py:545} INFO - Filling up the DagBag from /opt/airflow/dags/minio_to_snowflake_dags.py
[2026-07-22T07:17:16.299+0000] {processor.py:840} INFO - DAG(s) 'minio_to_snowflake_banking' retrieved from /opt/airflow/dags/minio_to_snowflake_dags.py
[2026-07-22T07:17:16.362+0000] {logging_mixin.py:188} INFO - [2026-07-22T07:17:16.361+0000] {dag.py:3089} INFO - Sync 1 DAGs
[2026-07-22T07:17:16.413+0000] {logging_mixin.py:188} INFO - [2026-07-22T07:17:16.413+0000] {dag.py:3947} INFO - Setting next_dagrun for minio_to_snowflake_banking to 2026-07-22 07:17:00+00:00, run_after=2026-07-22 07:18:00+00:00
[2026-07-22T07:17:16.463+0000] {processor.py:183} INFO - Processing /opt/airflow/dags/minio_to_snowflake_dags.py took 2.020 seconds
[2026-07-22T07:17:46.804+0000] {processor.py:161} INFO - Started process (PID=9610) to work on /opt/airflow/dags/minio_to_snowflake_dags.py
[2026-07-22T07:17:46.808+0000] {processor.py:830} INFO - Processing file /opt/airflow/dags/minio_to_snowflake_dags.py for tasks to queue
[2026-07-22T07:17:46.812+0000] {logging_mixin.py:188} INFO - [2026-07-22T07:17:46.811+0000] {dagbag.py:545} INFO - Filling up the DagBag from /opt/airflow/dags/minio_to_snowflake_dags.py
[2026-07-22T07:17:48.631+0000] {processor.py:840} INFO - DAG(s) 'minio_to_snowflake_banking' retrieved from /opt/airflow/dags/minio_to_snowflake_dags.py
[2026-07-22T07:17:48.695+0000] {logging_mixin.py:188} INFO - [2026-07-22T07:17:48.694+0000] {dag.py:3089} INFO - Sync 1 DAGs
[2026-07-22T07:17:48.747+0000] {logging_mixin.py:188} INFO - [2026-07-22T07:17:48.747+0000] {dag.py:3947} INFO - Setting next_dagrun for minio_to_snowflake_banking to 2026-07-22 07:17:00+00:00, run_after=2026-07-22 07:18:00+00:00
[2026-07-22T07:17:48.794+0000] {processor.py:183} INFO - Processing /opt/airflow/dags/minio_to_snowflake_dags.py took 2.015 seconds
[2026-07-22T07:18:19.044+0000] {processor.py:161} INFO - Started process (PID=9661) to work on /opt/airflow/dags/minio_to_snowflake_dags.py
[2026-07-22T07:18:19.046+0000] {processor.py:830} INFO - Processing file /opt/airflow/dags/minio_to_snowflake_dags.py for tasks to queue
[2026-07-22T07:18:19.050+0000] {logging_mixin.py:188} INFO - [2026-07-22T07:18:19.049+0000] {dagbag.py:545} INFO - Filling up the DagBag from /opt/airflow/dags/minio_to_snowflake_dags.py
[2026-07-22T07:18:21.556+0000] {processor.py:840} INFO - DAG(s) 'minio_to_snowflake_banking' retrieved from /opt/airflow/dags/minio_to_snowflake_dags.py
[2026-07-22T07:18:21.691+0000] {logging_mixin.py:188} INFO - [2026-07-22T07:18:21.689+0000] {dag.py:3089} INFO - Sync 1 DAGs
[2026-07-22T07:18:21.795+0000] {logging_mixin.py:188} INFO - [2026-07-22T07:18:21.795+0000] {dag.py:3947} INFO - Setting next_dagrun for minio_to_snowflake_banking to 2026-07-22 07:18:00+00:00, run_after=2026-07-22 07:19:00+00:00
[2026-07-22T07:18:21.896+0000] {processor.py:183} INFO - Processing /opt/airflow/dags/minio_to_snowflake_dags.py took 2.874 seconds
[2026-07-22T07:18:54.100+0000] {processor.py:161} INFO - Started process (PID=9680) to work on /opt/airflow/dags/minio_to_snowflake_dags.py
[2026-07-22T07:18:54.105+0000] {processor.py:830} INFO - Processing file /opt/airflow/dags/minio_to_snowflake_dags.py for tasks to queue
[2026-07-22T07:18:54.108+0000] {logging_mixin.py:188} INFO - [2026-07-22T07:18:54.107+0000] {dagbag.py:545} INFO - Filling up the DagBag from /opt/airflow/dags/minio_to_snowflake_dags.py
[2026-07-22T07:18:56.043+0000] {processor.py:840} INFO - DAG(s) 'minio_to_snowflake_banking' retrieved from /opt/airflow/dags/minio_to_snowflake_dags.py
[2026-07-22T07:18:56.107+0000] {logging_mixin.py:188} INFO - [2026-07-22T07:18:56.106+0000] {dag.py:3089} INFO - Sync 1 DAGs
[2026-07-22T07:18:56.157+0000] {logging_mixin.py:188} INFO - [2026-07-22T07:18:56.156+0000] {dag.py:3947} INFO - Setting next_dagrun for minio_to_snowflake_banking to 2026-07-22 07:18:00+00:00, run_after=2026-07-22 07:19:00+00:00
[2026-07-22T07:18:56.207+0000] {processor.py:183} INFO - Processing /opt/airflow/dags/minio_to_snowflake_dags.py took 2.129 seconds
[2026-07-22T07:19:26.527+0000] {processor.py:161} INFO - Started process (PID=9700) to work on /opt/airflow/dags/minio_to_snowflake_dags.py
[2026-07-22T07:19:26.532+0000] {processor.py:830} INFO - Processing file /opt/airflow/dags/minio_to_snowflake_dags.py for tasks to queue
[2026-07-22T07:19:26.536+0000] {logging_mixin.py:188} INFO - [2026-07-22T07:19:26.535+0000] {dagbag.py:545} INFO - Filling up the DagBag from /opt/airflow/dags/minio_to_snowflake_dags.py
[2026-07-22T07:19:28.698+0000] {processor.py:840} INFO - DAG(s) 'minio_to_snowflake_banking' retrieved from /opt/airflow/dags/minio_to_snowflake_dags.py
[2026-07-22T07:19:28.781+0000] {logging_mixin.py:188} INFO - [2026-07-22T07:19:28.779+0000] {dag.py:3089} INFO - Sync 1 DAGs
[2026-07-22T07:19:28.855+0000] {logging_mixin.py:188} INFO - [2026-07-22T07:19:28.854+0000] {dag.py:3947} INFO - Setting next_dagrun for minio_to_snowflake_banking to 2026-07-22 07:19:00+00:00, run_after=2026-07-22 07:20:00+00:00
[2026-07-22T07:19:28.903+0000] {processor.py:183} INFO - Processing /opt/airflow/dags/minio_to_snowflake_dags.py took 2.406 seconds
[2026-07-22T07:19:59.081+0000] {processor.py:161} INFO - Started process (PID=9764) to work on /opt/airflow/dags/minio_to_snowflake_dags.py
[2026-07-22T07:19:59.084+0000] {processor.py:830} INFO - Processing file /opt/airflow/dags/minio_to_snowflake_dags.py for tasks to queue
[2026-07-22T07:19:59.087+0000] {logging_mixin.py:188} INFO - [2026-07-22T07:19:59.086+0000] {dagbag.py:545} INFO - Filling up the DagBag from /opt/airflow/dags/minio_to_snowflake_dags.py
[2026-07-22T07:20:01.456+0000] {processor.py:840} INFO - DAG(s) 'minio_to_snowflake_banking' retrieved from /opt/airflow/dags/minio_to_snowflake_dags.py
[2026-07-22T07:20:01.520+0000] {logging_mixin.py:188} INFO - [2026-07-22T07:20:01.519+0000] {dag.py:3089} INFO - Sync 1 DAGs
[2026-07-22T07:20:01.573+0000] {logging_mixin.py:188} INFO - [2026-07-22T07:20:01.572+0000] {dag.py:3947} INFO - Setting next_dagrun for minio_to_snowflake_banking to 2026-07-22 07:20:00+00:00, run_after=2026-07-22 07:21:00+00:00
[2026-07-22T07:20:01.624+0000] {processor.py:183} INFO - Processing /opt/airflow/dags/minio_to_snowflake_dags.py took 2.563 seconds
[2026-07-22T07:20:32.345+0000] {processor.py:161} INFO - Started process (PID=9830) to work on /opt/airflow/dags/minio_to_snowflake_dags.py
[2026-07-22T07:20:32.348+0000] {processor.py:830} INFO - Processing file /opt/airflow/dags/minio_to_snowflake_dags.py for tasks to queue
[2026-07-22T07:20:32.351+0000] {logging_mixin.py:188} INFO - [2026-07-22T07:20:32.350+0000] {dagbag.py:545} INFO - Filling up the DagBag from /opt/airflow/dags/minio_to_snowflake_dags.py
[2026-07-22T07:20:34.287+0000] {processor.py:840} INFO - DAG(s) 'minio_to_snowflake_banking' retrieved from /opt/airflow/dags/minio_to_snowflake_dags.py
[2026-07-22T07:20:34.364+0000] {logging_mixin.py:188} INFO - [2026-07-22T07:20:34.363+0000] {dag.py:3089} INFO - Sync 1 DAGs
[2026-07-22T07:20:34.419+0000] {logging_mixin.py:188} INFO - [2026-07-22T07:20:34.418+0000] {dag.py:3947} INFO - Setting next_dagrun for minio_to_snowflake_banking to 2026-07-22 07:20:00+00:00, run_after=2026-07-22 07:21:00+00:00
[2026-07-22T07:20:34.457+0000] {processor.py:183} INFO - Processing /opt/airflow/dags/minio_to_snowflake_dags.py took 2.130 seconds
[2026-07-22T07:21:05.439+0000] {processor.py:161} INFO - Started process (PID=9835) to work on /opt/airflow/dags/minio_to_snowflake_dags.py
[2026-07-22T07:21:05.443+0000] {processor.py:830} INFO - Processing file /opt/airflow/dags/minio_to_snowflake_dags.py for tasks to queue
[2026-07-22T07:21:05.447+0000] {logging_mixin.py:188} INFO - [2026-07-22T07:21:05.446+0000] {dagbag.py:545} INFO - Filling up the DagBag from /opt/airflow/dags/minio_to_snowflake_dags.py
[2026-07-22T07:21:07.769+0000] {processor.py:840} INFO - DAG(s) 'minio_to_snowflake_banking' retrieved from /opt/airflow/dags/minio_to_snowflake_dags.py
[2026-07-22T07:21:07.831+0000] {logging_mixin.py:188} INFO - [2026-07-22T07:21:07.830+0000] {dag.py:3089} INFO - Sync 1 DAGs
[2026-07-22T07:21:07.883+0000] {logging_mixin.py:188} INFO - [2026-07-22T07:21:07.882+0000] {dag.py:3947} INFO - Setting next_dagrun for minio_to_snowflake_banking to 2026-07-22 07:21:00+00:00, run_after=2026-07-22 07:22:00+00:00
[2026-07-22T07:21:07.933+0000] {processor.py:183} INFO - Processing /opt/airflow/dags/minio_to_snowflake_dags.py took 2.529 seconds
[2026-07-22T07:21:38.405+0000] {processor.py:161} INFO - Started process (PID=9900) to work on /opt/airflow/dags/minio_to_snowflake_dags.py
[2026-07-22T07:21:38.408+0000] {processor.py:830} INFO - Processing file /opt/airflow/dags/minio_to_snowflake_dags.py for tasks to queue
[2026-07-22T07:21:38.412+0000] {logging_mixin.py:188} INFO - [2026-07-22T07:21:38.411+0000] {dagbag.py:545} INFO - Filling up the DagBag from /opt/airflow/dags/minio_to_snowflake_dags.py
[2026-07-22T07:21:41.729+0000] {processor.py:840} INFO - DAG(s) 'minio_to_snowflake_banking' retrieved from /opt/airflow/dags/minio_to_snowflake_dags.py
[2026-07-22T07:21:41.793+0000] {logging_mixin.py:188} INFO - [2026-07-22T07:21:41.792+0000] {dag.py:3089} INFO - Sync 1 DAGs
[2026-07-22T07:21:41.847+0000] {logging_mixin.py:188} INFO - [2026-07-22T07:21:41.846+0000] {dag.py:3947} INFO - Setting next_dagrun for minio_to_snowflake_banking to 2026-07-22 07:21:00+00:00, run_after=2026-07-22 07:22:00+00:00
[2026-07-22T07:21:41.918+0000] {processor.py:183} INFO - Processing /opt/airflow/dags/minio_to_snowflake_dags.py took 2.599 seconds
[2026-07-22T07:22:13.938+0000] {processor.py:161} INFO - Started process (PID=9936) to work on /opt/airflow/dags/minio_to_snowflake_dags.py
[2026-07-22T07:22:13.942+0000] {processor.py:830} INFO - Processing file /opt/airflow/dags/minio_to_snowflake_dags.py for tasks to queue
[2026-07-22T07:22:13.945+0000] {logging_mixin.py:188} INFO - [2026-07-22T07:22:13.944+0000] {dagbag.py:545} INFO - Filling up the DagBag from /opt/airflow/dags/minio_to_snowflake_dags.py
[2026-07-22T07:22:15.970+0000] {processor.py:840} INFO - DAG(s) 'minio_to_snowflake_banking' retrieved from /opt/airflow/dags/minio_to_snowflake_dags.py
[2026-07-22T07:22:16.048+0000] {logging_mixin.py:188} INFO - [2026-07-22T07:22:16.047+0000] {dag.py:3089} INFO - Sync 1 DAGs
[2026-07-22T07:22:16.109+0000] {logging_mixin.py:188} INFO - [2026-07-22T07:22:16.109+0000] {dag.py:3947} INFO - Setting next_dagrun for minio_to_snowflake_banking to 2026-07-22 07:22:00+00:00, run_after=2026-07-22 07:23:00+00:00
[2026-07-22T07:22:16.150+0000] {processor.py:183} INFO - Processing /opt/airflow/dags/minio_to_snowflake_dags.py took 2.234 seconds
[2026-07-22T07:22:47.006+0000] {processor.py:161} INFO - Started process (PID=9970) to work on /opt/airflow/dags/minio_to_snowflake_dags.py
[2026-07-22T07:22:47.010+0000] {processor.py:830} INFO - Processing file /opt/airflow/dags/minio_to_snowflake_dags.py for tasks to queue
[2026-07-22T07:22:47.013+0000] {logging_mixin.py:188} INFO - [2026-07-22T07:22:47.012+0000] {dagbag.py:545} INFO - Filling up the DagBag from /opt/airflow/dags/minio_to_snowflake_dags.py
[2026-07-22T07:22:48.902+0000] {processor.py:840} INFO - DAG(s) 'minio_to_snowflake_banking' retrieved from /opt/airflow/dags/minio_to_snowflake_dags.py
[2026-07-22T07:22:48.969+0000] {logging_mixin.py:188} INFO - [2026-07-22T07:22:48.968+0000] {dag.py:3089} INFO - Sync 1 DAGs
[2026-07-22T07:22:49.022+0000] {logging_mixin.py:188} INFO - [2026-07-22T07:22:49.022+0000] {dag.py:3947} INFO - Setting next_dagrun for minio_to_snowflake_banking to 2026-07-22 07:22:00+00:00, run_after=2026-07-22 07:23:00+00:00
[2026-07-22T07:22:49.071+0000] {processor.py:183} INFO - Processing /opt/airflow/dags/minio_to_snowflake_dags.py took 2.085 seconds
[2026-07-22T07:23:19.718+0000] {processor.py:161} INFO - Started process (PID=10018) to work on /opt/airflow/dags/minio_to_snowflake_dags.py
[2026-07-22T07:23:19.722+0000] {processor.py:830} INFO - Processing file /opt/airflow/dags/minio_to_snowflake_dags.py for tasks to queue
[2026-07-22T07:23:19.725+0000] {logging_mixin.py:188} INFO - [2026-07-22T07:23:19.724+0000] {dagbag.py:545} INFO - Filling up the DagBag from /opt/airflow/dags/minio_to_snowflake_dags.py
[2026-07-22T07:23:21.845+0000] {processor.py:840} INFO - DAG(s) 'minio_to_snowflake_banking' retrieved from /opt/airflow/dags/minio_to_snowflake_dags.py
[2026-07-22T07:23:21.921+0000] {logging_mixin.py:188} INFO - [2026-07-22T07:23:21.919+0000] {dag.py:3089} INFO - Sync 1 DAGs
[2026-07-22T07:23:22.023+0000] {logging_mixin.py:188} INFO - [2026-07-22T07:23:22.013+0000] {dag.py:3947} INFO - Setting next_dagrun for minio_to_snowflake_banking to 2026-07-22 07:23:00+00:00, run_after=2026-07-22 07:24:00+00:00
[2026-07-22T07:23:22.095+0000] {processor.py:183} INFO - Processing /opt/airflow/dags/minio_to_snowflake_dags.py took 2.396 seconds
[2026-07-22T07:23:52.800+0000] {processor.py:161} INFO - Started process (PID=10040) to work on /opt/airflow/dags/minio_to_snowflake_dags.py
[2026-07-22T07:23:52.804+0000] {processor.py:830} INFO - Processing file /opt/airflow/dags/minio_to_snowflake_dags.py for tasks to queue
[2026-07-22T07:23:52.807+0000] {logging_mixin.py:188} INFO - [2026-07-22T07:23:52.806+0000] {dagbag.py:545} INFO - Filling up the DagBag from /opt/airflow/dags/minio_to_snowflake_dags.py
[2026-07-22T07:23:54.788+0000] {processor.py:840} INFO - DAG(s) 'minio_to_snowflake_banking' retrieved from /opt/airflow/dags/minio_to_snowflake_dags.py
[2026-07-22T07:23:54.850+0000] {logging_mixin.py:188} INFO - [2026-07-22T07:23:54.849+0000] {dag.py:3089} INFO - Sync 1 DAGs
[2026-07-22T07:23:54.899+0000] {logging_mixin.py:188} INFO - [2026-07-22T07:23:54.899+0000] {dag.py:3947} INFO - Setting next_dagrun for minio_to_snowflake_banking to 2026-07-22 07:23:00+00:00, run_after=2026-07-22 07:24:00+00:00
[2026-07-22T07:23:54.938+0000] {processor.py:183} INFO - Processing /opt/airflow/dags/minio_to_snowflake_dags.py took 2.162 seconds
[2026-07-22T07:24:25.900+0000] {processor.py:161} INFO - Started process (PID=10098) to work on /opt/airflow/dags/minio_to_snowflake_dags.py
[2026-07-22T07:24:25.905+0000] {processor.py:830} INFO - Processing file /opt/airflow/dags/minio_to_snowflake_dags.py for tasks to queue
[2026-07-22T07:24:25.909+0000] {logging_mixin.py:188} INFO - [2026-07-22T07:24:25.907+0000] {dagbag.py:545} INFO - Filling up the DagBag from /opt/airflow/dags/minio_to_snowflake_dags.py
[2026-07-22T07:24:29.106+0000] {processor.py:840} INFO - DAG(s) 'minio_to_snowflake_banking' retrieved from /opt/airflow/dags/minio_to_snowflake_dags.py
[2026-07-22T07:24:29.322+0000] {logging_mixin.py:188} INFO - [2026-07-22T07:24:29.318+0000] {dag.py:3089} INFO - Sync 1 DAGs
[2026-07-22T07:24:29.413+0000] {logging_mixin.py:188} INFO - [2026-07-22T07:24:29.412+0000] {dag.py:3947} INFO - Setting next_dagrun for minio_to_snowflake_banking to 2026-07-22 07:24:00+00:00, run_after=2026-07-22 07:25:00+00:00
[2026-07-22T07:24:29.486+0000] {processor.py:183} INFO - Processing /opt/airflow/dags/minio_to_snowflake_dags.py took 3.623 seconds
[2026-07-22T07:24:59.979+0000] {processor.py:161} INFO - Started process (PID=10110) to work on /opt/airflow/dags/minio_to_snowflake_dags.py
[2026-07-22T07:24:59.986+0000] {processor.py:830} INFO - Processing file /opt/airflow/dags/minio_to_snowflake_dags.py for tasks to queue
[2026-07-22T07:24:59.993+0000] {logging_mixin.py:188} INFO - [2026-07-22T07:24:59.991+0000] {dagbag.py:545} INFO - Filling up the DagBag from /opt/airflow/dags/minio_to_snowflake_dags.py
[2026-07-22T07:25:02.394+0000] {processor.py:840} INFO - DAG(s) 'minio_to_snowflake_banking' retrieved from /opt/airflow/dags/minio_to_snowflake_dags.py
[2026-07-22T07:25:02.464+0000] {logging_mixin.py:188} INFO - [2026-07-22T07:25:02.463+0000] {dag.py:3089} INFO - Sync 1 DAGs
[2026-07-22T07:25:02.524+0000] {logging_mixin.py:188} INFO - [2026-07-22T07:25:02.524+0000] {dag.py:3947} INFO - Setting next_dagrun for minio_to_snowflake_banking to 2026-07-22 07:25:00+00:00, run_after=2026-07-22 07:26:00+00:00
[2026-07-22T07:25:02.582+0000] {processor.py:183} INFO - Processing /opt/airflow/dags/minio_to_snowflake_dags.py took 2.638 seconds
[2026-07-22T07:25:32.874+0000] {processor.py:161} INFO - Started process (PID=10175) to work on /opt/airflow/dags/minio_to_snowflake_dags.py
[2026-07-22T07:25:32.877+0000] {processor.py:830} INFO - Processing file /opt/airflow/dags/minio_to_snowflake_dags.py for tasks to queue
[2026-07-22T07:25:32.880+0000] {logging_mixin.py:188} INFO - [2026-07-22T07:25:32.879+0000] {dagbag.py:545} INFO - Filling up the DagBag from /opt/airflow/dags/minio_to_snowflake_dags.py
[2026-07-22T07:25:34.805+0000] {processor.py:840} INFO - DAG(s) 'minio_to_snowflake_banking' retrieved from /opt/airflow/dags/minio_to_snowflake_dags.py
[2026-07-22T07:25:34.882+0000] {logging_mixin.py:188} INFO - [2026-07-22T07:25:34.881+0000] {dag.py:3089} INFO - Sync 1 DAGs
[2026-07-22T07:25:34.937+0000] {logging_mixin.py:188} INFO - [2026-07-22T07:25:34.937+0000] {dag.py:3947} INFO - Setting next_dagrun for minio_to_snowflake_banking to 2026-07-22 07:25:00+00:00, run_after=2026-07-22 07:26:00+00:00
[2026-07-22T07:25:34.985+0000] {processor.py:183} INFO - Processing /opt/airflow/dags/minio_to_snowflake_dags.py took 2.131 seconds
[2026-07-22T07:26:05.367+0000] {processor.py:161} INFO - Started process (PID=10180) to work on /opt/airflow/dags/minio_to_snowflake_dags.py
[2026-07-22T07:26:05.370+0000] {processor.py:830} INFO - Processing file /opt/airflow/dags/minio_to_snowflake_dags.py for tasks to queue
[2026-07-22T07:26:05.374+0000] {logging_mixin.py:188} INFO - [2026-07-22T07:26:05.373+0000] {dagbag.py:545} INFO - Filling up the DagBag from /opt/airflow/dags/minio_to_snowflake_dags.py
[2026-07-22T07:26:07.473+0000] {processor.py:840} INFO - DAG(s) 'minio_to_snowflake_banking' retrieved from /opt/airflow/dags/minio_to_snowflake_dags.py
[2026-07-22T07:26:07.547+0000] {logging_mixin.py:188} INFO - [2026-07-22T07:26:07.546+0000] {dag.py:3089} INFO - Sync 1 DAGs
[2026-07-22T07:26:07.599+0000] {logging_mixin.py:188} INFO - [2026-07-22T07:26:07.599+0000] {dag.py:3947} INFO - Setting next_dagrun for minio_to_snowflake_banking to 2026-07-22 07:26:00+00:00, run_after=2026-07-22 07:27:00+00:00
[2026-07-22T07:26:07.646+0000] {processor.py:183} INFO - Processing /opt/airflow/dags/minio_to_snowflake_dags.py took 2.300 seconds
[2026-07-22T07:26:37.834+0000] {processor.py:161} INFO - Started process (PID=10245) to work on /opt/airflow/dags/minio_to_snowflake_dags.py
[2026-07-22T07:26:37.837+0000] {processor.py:830} INFO - Processing file /opt/airflow/dags/minio_to_snowflake_dags.py for tasks to queue
[2026-07-22T07:26:37.841+0000] {logging_mixin.py:188} INFO - [2026-07-22T07:26:37.840+0000] {dagbag.py:545} INFO - Filling up the DagBag from /opt/airflow/dags/minio_to_snowflake_dags.py
[2026-07-22T07:26:40.361+0000] {processor.py:840} INFO - DAG(s) 'minio_to_snowflake_banking' retrieved from /opt/airflow/dags/minio_to_snowflake_dags.py
[2026-07-22T07:26:40.441+0000] {logging_mixin.py:188} INFO - [2026-07-22T07:26:40.439+0000] {dag.py:3089} INFO - Sync 1 DAGs
[2026-07-22T07:26:40.536+0000] {logging_mixin.py:188} INFO - [2026-07-22T07:26:40.534+0000] {dag.py:3947} INFO - Setting next_dagrun for minio_to_snowflake_banking to 2026-07-22 07:26:00+00:00, run_after=2026-07-22 07:27:00+00:00
[2026-07-22T07:26:40.584+0000] {processor.py:183} INFO - Processing /opt/airflow/dags/minio_to_snowflake_dags.py took 2.772 seconds
[2026-07-22T07:27:11.369+0000] {processor.py:161} INFO - Started process (PID=10265) to work on /opt/airflow/dags/minio_to_snowflake_dags.py
[2026-07-22T07:27:11.376+0000] {processor.py:830} INFO - Processing file /opt/airflow/dags/minio_to_snowflake_dags.py for tasks to queue
[2026-07-22T07:27:11.382+0000] {logging_mixin.py:188} INFO - [2026-07-22T07:27:11.379+0000] {dagbag.py:545} INFO - Filling up the DagBag from /opt/airflow/dags/minio_to_snowflake_dags.py
[2026-07-22T07:27:13.704+0000] {processor.py:840} INFO - DAG(s) 'minio_to_snowflake_banking' retrieved from /opt/airflow/dags/minio_to_snowflake_dags.py
[2026-07-22T07:27:13.761+0000] {logging_mixin.py:188} INFO - [2026-07-22T07:27:13.760+0000] {dag.py:3089} INFO - Sync 1 DAGs
[2026-07-22T07:27:13.814+0000] {logging_mixin.py:188} INFO - [2026-07-22T07:27:13.814+0000] {dag.py:3947} INFO - Setting next_dagrun for minio_to_snowflake_banking to 2026-07-22 07:27:00+00:00, run_after=2026-07-22 07:28:00+00:00
[2026-07-22T07:27:13.852+0000] {processor.py:183} INFO - Processing /opt/airflow/dags/minio_to_snowflake_dags.py took 2.538 seconds
[2026-07-22T07:27:44.378+0000] {processor.py:161} INFO - Started process (PID=10315) to work on /opt/airflow/dags/minio_to_snowflake_dags.py
[2026-07-22T07:27:44.382+0000] {processor.py:830} INFO - Processing file /opt/airflow/dags/minio_to_snowflake_dags.py for tasks to queue
[2026-07-22T07:27:44.386+0000] {logging_mixin.py:188} INFO - [2026-07-22T07:27:44.385+0000] {dagbag.py:545} INFO - Filling up the DagBag from /opt/airflow/dags/minio_to_snowflake_dags.py
[2026-07-22T07:27:46.277+0000] {processor.py:840} INFO - DAG(s) 'minio_to_snowflake_banking' retrieved from /opt/airflow/dags/minio_to_snowflake_dags.py
[2026-07-22T07:27:46.335+0000] {logging_mixin.py:188} INFO - [2026-07-22T07:27:46.334+0000] {dag.py:3089} INFO - Sync 1 DAGs
[2026-07-22T07:27:46.380+0000] {logging_mixin.py:188} INFO - [2026-07-22T07:27:46.380+0000] {dag.py:3947} INFO - Setting next_dagrun for minio_to_snowflake_banking to 2026-07-22 07:27:00+00:00, run_after=2026-07-22 07:28:00+00:00
[2026-07-22T07:27:46.425+0000] {processor.py:183} INFO - Processing /opt/airflow/dags/minio_to_snowflake_dags.py took 2.072 seconds
[2026-07-22T07:28:16.675+0000] {processor.py:161} INFO - Started process (PID=10352) to work on /opt/airflow/dags/minio_to_snowflake_dags.py
[2026-07-22T07:28:16.677+0000] {processor.py:830} INFO - Processing file /opt/airflow/dags/minio_to_snowflake_dags.py for tasks to queue
[2026-07-22T07:28:16.681+0000] {logging_mixin.py:188} INFO - [2026-07-22T07:28:16.680+0000] {dagbag.py:545} INFO - Filling up the DagBag from /opt/airflow/dags/minio_to_snowflake_dags.py
[2026-07-22T07:28:18.936+0000] {processor.py:840} INFO - DAG(s) 'minio_to_snowflake_banking' retrieved from /opt/airflow/dags/minio_to_snowflake_dags.py
[2026-07-22T07:28:18.995+0000] {logging_mixin.py:188} INFO - [2026-07-22T07:28:18.994+0000] {dag.py:3089} INFO - Sync 1 DAGs
[2026-07-22T07:28:19.041+0000] {logging_mixin.py:188} INFO - [2026-07-22T07:28:19.040+0000] {dag.py:3947} INFO - Setting next_dagrun for minio_to_snowflake_banking to 2026-07-22 07:28:00+00:00, run_after=2026-07-22 07:29:00+00:00
[2026-07-22T07:28:19.085+0000] {processor.py:183} INFO - Processing /opt/airflow/dags/minio_to_snowflake_dags.py took 2.428 seconds
[2026-07-22T07:28:49.357+0000] {processor.py:161} INFO - Started process (PID=10385) to work on /opt/airflow/dags/minio_to_snowflake_dags.py
[2026-07-22T07:28:49.362+0000] {processor.py:830} INFO - Processing file /opt/airflow/dags/minio_to_snowflake_dags.py for tasks to queue
[2026-07-22T07:28:49.366+0000] {logging_mixin.py:188} INFO - [2026-07-22T07:28:49.364+0000] {dagbag.py:545} INFO - Filling up the DagBag from /opt/airflow/dags/minio_to_snowflake_dags.py
[2026-07-22T07:28:51.637+0000] {processor.py:840} INFO - DAG(s) 'minio_to_snowflake_banking' retrieved from /opt/airflow/dags/minio_to_snowflake_dags.py
[2026-07-22T07:28:51.702+0000] {logging_mixin.py:188} INFO - [2026-07-22T07:28:51.701+0000] {dag.py:3089} INFO - Sync 1 DAGs
[2026-07-22T07:28:51.767+0000] {logging_mixin.py:188} INFO - [2026-07-22T07:28:51.766+0000] {dag.py:3947} INFO - Setting next_dagrun for minio_to_snowflake_banking to 2026-07-22 07:28:00+00:00, run_after=2026-07-22 07:29:00+00:00
[2026-07-22T07:28:51.821+0000] {processor.py:183} INFO - Processing /opt/airflow/dags/minio_to_snowflake_dags.py took 2.497 seconds
[2026-07-22T07:29:22.608+0000] {processor.py:161} INFO - Started process (PID=10435) to work on /opt/airflow/dags/minio_to_snowflake_dags.py
[2026-07-22T07:29:22.613+0000] {processor.py:830} INFO - Processing file /opt/airflow/dags/minio_to_snowflake_dags.py for tasks to queue
[2026-07-22T07:29:22.618+0000] {logging_mixin.py:188} INFO - [2026-07-22T07:29:22.616+0000] {dagbag.py:545} INFO - Filling up the DagBag from /opt/airflow/dags/minio_to_snowflake_dags.py
[2026-07-22T07:29:25.551+0000] {processor.py:840} INFO - DAG(s) 'minio_to_snowflake_banking' retrieved from /opt/airflow/dags/minio_to_snowflake_dags.py
[2026-07-22T07:29:25.788+0000] {logging_mixin.py:188} INFO - [2026-07-22T07:29:25.786+0000] {dag.py:3089} INFO - Sync 1 DAGs
[2026-07-22T07:29:25.908+0000] {logging_mixin.py:188} INFO - [2026-07-22T07:29:25.907+0000] {dag.py:3947} INFO - Setting next_dagrun for minio_to_snowflake_banking to 2026-07-22 07:29:00+00:00, run_after=2026-07-22 07:30:00+00:00
[2026-07-22T07:29:25.977+0000] {processor.py:183} INFO - Processing /opt/airflow/dags/minio_to_snowflake_dags.py took 3.398 seconds
[2026-07-22T07:29:56.867+0000] {processor.py:161} INFO - Started process (PID=10455) to work on /opt/airflow/dags/minio_to_snowflake_dags.py
[2026-07-22T07:29:56.871+0000] {processor.py:830} INFO - Processing file /opt/airflow/dags/minio_to_snowflake_dags.py for tasks to queue
[2026-07-22T07:29:56.875+0000] {logging_mixin.py:188} INFO - [2026-07-22T07:29:56.873+0000] {dagbag.py:545} INFO - Filling up the DagBag from /opt/airflow/dags/minio_to_snowflake_dags.py
[2026-07-22T07:29:59.095+0000] {processor.py:840} INFO - DAG(s) 'minio_to_snowflake_banking' retrieved from /opt/airflow/dags/minio_to_snowflake_dags.py
[2026-07-22T07:29:59.159+0000] {logging_mixin.py:188} INFO - [2026-07-22T07:29:59.158+0000] {dag.py:3089} INFO - Sync 1 DAGs
[2026-07-22T07:29:59.215+0000] {logging_mixin.py:188} INFO - [2026-07-22T07:29:59.214+0000] {dag.py:3947} INFO - Setting next_dagrun for minio_to_snowflake_banking to 2026-07-22 07:29:00+00:00, run_after=2026-07-22 07:30:00+00:00
[2026-07-22T07:29:59.267+0000] {processor.py:183} INFO - Processing /opt/airflow/dags/minio_to_snowflake_dags.py took 2.427 seconds
[2026-07-22T07:30:30.148+0000] {processor.py:161} INFO - Started process (PID=10513) to work on /opt/airflow/dags/minio_to_snowflake_dags.py
[2026-07-22T07:30:30.153+0000] {processor.py:830} INFO - Processing file /opt/airflow/dags/minio_to_snowflake_dags.py for tasks to queue
[2026-07-22T07:30:30.157+0000] {logging_mixin.py:188} INFO - [2026-07-22T07:30:30.156+0000] {dagbag.py:545} INFO - Filling up the DagBag from /opt/airflow/dags/minio_to_snowflake_dags.py
[2026-07-22T07:30:32.648+0000] {processor.py:840} INFO - DAG(s) 'minio_to_snowflake_banking' retrieved from /opt/airflow/dags/minio_to_snowflake_dags.py
[2026-07-22T07:30:32.775+0000] {logging_mixin.py:188} INFO - [2026-07-22T07:30:32.774+0000] {dag.py:3089} INFO - Sync 1 DAGs
[2026-07-22T07:30:32.886+0000] {logging_mixin.py:188} INFO - [2026-07-22T07:30:32.885+0000] {dag.py:3947} INFO - Setting next_dagrun for minio_to_snowflake_banking to 2026-07-22 07:30:00+00:00, run_after=2026-07-22 07:31:00+00:00
[2026-07-22T07:30:32.964+0000] {processor.py:183} INFO - Processing /opt/airflow/dags/minio_to_snowflake_dags.py took 2.844 seconds
[2026-07-22T07:31:03.511+0000] {processor.py:161} INFO - Started process (PID=10526) to work on /opt/airflow/dags/minio_to_snowflake_dags.py
[2026-07-22T07:31:03.515+0000] {processor.py:830} INFO - Processing file /opt/airflow/dags/minio_to_snowflake_dags.py for tasks to queue
[2026-07-22T07:31:03.518+0000] {logging_mixin.py:188} INFO - [2026-07-22T07:31:03.517+0000] {dagbag.py:545} INFO - Filling up the DagBag from /opt/airflow/dags/minio_to_snowflake_dags.py
[2026-07-22T07:31:06.200+0000] {processor.py:840} INFO - DAG(s) 'minio_to_snowflake_banking' retrieved from /opt/airflow/dags/minio_to_snowflake_dags.py
[2026-07-22T07:31:06.260+0000] {logging_mixin.py:188} INFO - [2026-07-22T07:31:06.259+0000] {dag.py:3089} INFO - Sync 1 DAGs
[2026-07-22T07:31:06.312+0000] {logging_mixin.py:188} INFO - [2026-07-22T07:31:06.311+0000] {dag.py:3947} INFO - Setting next_dagrun for minio_to_snowflake_banking to 2026-07-22 07:31:00+00:00, run_after=2026-07-22 07:32:00+00:00
[2026-07-22T07:31:06.358+0000] {processor.py:183} INFO - Processing /opt/airflow/dags/minio_to_snowflake_dags.py took 2.377 seconds
[2026-07-22T07:31:36.864+0000] {processor.py:161} INFO - Started process (PID=10590) to work on /opt/airflow/dags/minio_to_snowflake_dags.py
[2026-07-22T07:31:36.867+0000] {processor.py:830} INFO - Processing file /opt/airflow/dags/minio_to_snowflake_dags.py for tasks to queue
[2026-07-22T07:31:36.870+0000] {logging_mixin.py:188} INFO - [2026-07-22T07:31:36.869+0000] {dagbag.py:545} INFO - Filling up the DagBag from /opt/airflow/dags/minio_to_snowflake_dags.py
[2026-07-22T07:31:38.570+0000] {processor.py:840} INFO - DAG(s) 'minio_to_snowflake_banking' retrieved from /opt/airflow/dags/minio_to_snowflake_dags.py
[2026-07-22T07:31:38.637+0000] {logging_mixin.py:188} INFO - [2026-07-22T07:31:38.635+0000] {dag.py:3089} INFO - Sync 1 DAGs
[2026-07-22T07:31:38.692+0000] {logging_mixin.py:188} INFO - [2026-07-22T07:31:38.691+0000] {dag.py:3947} INFO - Setting next_dagrun for minio_to_snowflake_banking to 2026-07-22 07:31:00+00:00, run_after=2026-07-22 07:32:00+00:00
[2026-07-22T07:31:38.739+0000] {processor.py:183} INFO - Processing /opt/airflow/dags/minio_to_snowflake_dags.py took 1.895 seconds
[2026-07-22T07:32:09.039+0000] {processor.py:161} INFO - Started process (PID=10609) to work on /opt/airflow/dags/minio_to_snowflake_dags.py
[2026-07-22T07:32:09.043+0000] {processor.py:830} INFO - Processing file /opt/airflow/dags/minio_to_snowflake_dags.py for tasks to queue
[2026-07-22T07:32:09.047+0000] {logging_mixin.py:188} INFO - [2026-07-22T07:32:09.046+0000] {dagbag.py:545} INFO - Filling up the DagBag from /opt/airflow/dags/minio_to_snowflake_dags.py
[2026-07-22T07:32:11.261+0000] {processor.py:840} INFO - DAG(s) 'minio_to_snowflake_banking' retrieved from /opt/airflow/dags/minio_to_snowflake_dags.py
[2026-07-22T07:32:11.320+0000] {logging_mixin.py:188} INFO - [2026-07-22T07:32:11.319+0000] {dag.py:3089} INFO - Sync 1 DAGs
[2026-07-22T07:32:11.367+0000] {logging_mixin.py:188} INFO - [2026-07-22T07:32:11.367+0000] {dag.py:3947} INFO - Setting next_dagrun for minio_to_snowflake_banking to 2026-07-22 07:32:00+00:00, run_after=2026-07-22 07:33:00+00:00
[2026-07-22T07:32:11.412+0000] {processor.py:183} INFO - Processing /opt/airflow/dags/minio_to_snowflake_dags.py took 2.398 seconds
[2026-07-22T07:32:42.491+0000] {processor.py:161} INFO - Started process (PID=10660) to work on /opt/airflow/dags/minio_to_snowflake_dags.py
[2026-07-22T07:32:42.495+0000] {processor.py:830} INFO - Processing file /opt/airflow/dags/minio_to_snowflake_dags.py for tasks to queue
[2026-07-22T07:32:42.499+0000] {logging_mixin.py:188} INFO - [2026-07-22T07:32:42.497+0000] {dagbag.py:545} INFO - Filling up the DagBag from /opt/airflow/dags/minio_to_snowflake_dags.py
[2026-07-22T07:32:44.314+0000] {processor.py:840} INFO - DAG(s) 'minio_to_snowflake_banking' retrieved from /opt/airflow/dags/minio_to_snowflake_dags.py
[2026-07-22T07:32:44.370+0000] {logging_mixin.py:188} INFO - [2026-07-22T07:32:44.369+0000] {dag.py:3089} INFO - Sync 1 DAGs
[2026-07-22T07:32:44.416+0000] {logging_mixin.py:188} INFO - [2026-07-22T07:32:44.415+0000] {dag.py:3947} INFO - Setting next_dagrun for minio_to_snowflake_banking to 2026-07-22 07:32:00+00:00, run_after=2026-07-22 07:33:00+00:00
[2026-07-22T07:32:44.456+0000] {processor.py:183} INFO - Processing /opt/airflow/dags/minio_to_snowflake_dags.py took 1.987 seconds
[2026-07-22T07:33:15.598+0000] {processor.py:161} INFO - Started process (PID=10679) to work on /opt/airflow/dags/minio_to_snowflake_dags.py
[2026-07-22T07:33:15.602+0000] {processor.py:830} INFO - Processing file /opt/airflow/dags/minio_to_snowflake_dags.py for tasks to queue
[2026-07-22T07:33:15.606+0000] {logging_mixin.py:188} INFO - [2026-07-22T07:33:15.605+0000] {dagbag.py:545} INFO - Filling up the DagBag from /opt/airflow/dags/minio_to_snowflake_dags.py
[2026-07-22T07:33:18.152+0000] {processor.py:840} INFO - DAG(s) 'minio_to_snowflake_banking' retrieved from /opt/airflow/dags/minio_to_snowflake_dags.py
[2026-07-22T07:33:18.219+0000] {logging_mixin.py:188} INFO - [2026-07-22T07:33:18.218+0000] {dag.py:3089} INFO - Sync 1 DAGs
[2026-07-22T07:33:18.283+0000] {logging_mixin.py:188} INFO - [2026-07-22T07:33:18.282+0000] {dag.py:3947} INFO - Setting next_dagrun for minio_to_snowflake_banking to 2026-07-22 07:33:00+00:00, run_after=2026-07-22 07:34:00+00:00
[2026-07-22T07:33:18.334+0000] {processor.py:183} INFO - Processing /opt/airflow/dags/minio_to_snowflake_dags.py took 2.812 seconds
[2026-07-22T07:33:48.874+0000] {processor.py:161} INFO - Started process (PID=10730) to work on /opt/airflow/dags/minio_to_snowflake_dags.py
[2026-07-22T07:33:48.878+0000] {processor.py:830} INFO - Processing file /opt/airflow/dags/minio_to_snowflake_dags.py for tasks to queue
[2026-07-22T07:33:48.882+0000] {logging_mixin.py:188} INFO - [2026-07-22T07:33:48.881+0000] {dagbag.py:545} INFO - Filling up the DagBag from /opt/airflow/dags/minio_to_snowflake_dags.py
[2026-07-22T07:33:50.983+0000] {processor.py:840} INFO - DAG(s) 'minio_to_snowflake_banking' retrieved from /opt/airflow/dags/minio_to_snowflake_dags.py
[2026-07-22T07:33:51.074+0000] {logging_mixin.py:188} INFO - [2026-07-22T07:33:51.072+0000] {dag.py:3089} INFO - Sync 1 DAGs
[2026-07-22T07:33:51.139+0000] {logging_mixin.py:188} INFO - [2026-07-22T07:33:51.138+0000] {dag.py:3947} INFO - Setting next_dagrun for minio_to_snowflake_banking to 2026-07-22 07:33:00+00:00, run_after=2026-07-22 07:34:00+00:00
[2026-07-22T07:33:51.191+0000] {processor.py:183} INFO - Processing /opt/airflow/dags/minio_to_snowflake_dags.py took 2.343 seconds
[2026-07-22T07:34:21.629+0000] {processor.py:161} INFO - Started process (PID=10796) to work on /opt/airflow/dags/minio_to_snowflake_dags.py
[2026-07-22T07:34:21.633+0000] {processor.py:830} INFO - Processing file /opt/airflow/dags/minio_to_snowflake_dags.py for tasks to queue
[2026-07-22T07:34:21.638+0000] {logging_mixin.py:188} INFO - [2026-07-22T07:34:21.635+0000] {dagbag.py:545} INFO - Filling up the DagBag from /opt/airflow/dags/minio_to_snowflake_dags.py
[2026-07-22T07:34:25.264+0000] {processor.py:840} INFO - DAG(s) 'minio_to_snowflake_banking' retrieved from /opt/airflow/dags/minio_to_snowflake_dags.py
[2026-07-22T07:34:25.405+0000] {logging_mixin.py:188} INFO - [2026-07-22T07:34:25.404+0000] {dag.py:3089} INFO - Sync 1 DAGs
[2026-07-22T07:34:25.554+0000] {logging_mixin.py:188} INFO - [2026-07-22T07:34:25.554+0000] {dag.py:3947} INFO - Setting next_dagrun for minio_to_snowflake_banking to 2026-07-22 07:34:00+00:00, run_after=2026-07-22 07:35:00+00:00
[2026-07-22T07:34:25.636+0000] {processor.py:183} INFO - Processing /opt/airflow/dags/minio_to_snowflake_dags.py took 4.030 seconds
[2026-07-22T07:34:55.848+0000] {processor.py:161} INFO - Started process (PID=10835) to work on /opt/airflow/dags/minio_to_snowflake_dags.py
[2026-07-22T07:34:55.853+0000] {processor.py:830} INFO - Processing file /opt/airflow/dags/minio_to_snowflake_dags.py for tasks to queue
[2026-07-22T07:34:55.858+0000] {logging_mixin.py:188} INFO - [2026-07-22T07:34:55.855+0000] {dagbag.py:545} INFO - Filling up the DagBag from /opt/airflow/dags/minio_to_snowflake_dags.py
[2026-07-22T07:34:57.728+0000] {processor.py:840} INFO - DAG(s) 'minio_to_snowflake_banking' retrieved from /opt/airflow/dags/minio_to_snowflake_dags.py
[2026-07-22T07:34:57.789+0000] {logging_mixin.py:188} INFO - [2026-07-22T07:34:57.788+0000] {dag.py:3089} INFO - Sync 1 DAGs
[2026-07-22T07:34:57.841+0000] {logging_mixin.py:188} INFO - [2026-07-22T07:34:57.841+0000] {dag.py:3947} INFO - Setting next_dagrun for minio_to_snowflake_banking to 2026-07-22 07:34:00+00:00, run_after=2026-07-22 07:35:00+00:00
[2026-07-22T07:34:57.886+0000] {processor.py:183} INFO - Processing /opt/airflow/dags/minio_to_snowflake_dags.py took 2.064 seconds
[2026-07-22T07:35:28.968+0000] {processor.py:161} INFO - Started process (PID=10912) to work on /opt/airflow/dags/minio_to_snowflake_dags.py
[2026-07-22T07:35:28.972+0000] {processor.py:830} INFO - Processing file /opt/airflow/dags/minio_to_snowflake_dags.py for tasks to queue
[2026-07-22T07:35:28.979+0000] {logging_mixin.py:188} INFO - [2026-07-22T07:35:28.976+0000] {dagbag.py:545} INFO - Filling up the DagBag from /opt/airflow/dags/minio_to_snowflake_dags.py
[2026-07-22T07:35:36.095+0000] {processor.py:840} INFO - DAG(s) 'minio_to_snowflake_banking' retrieved from /opt/airflow/dags/minio_to_snowflake_dags.py
[2026-07-22T07:35:36.254+0000] {logging_mixin.py:188} INFO - [2026-07-22T07:35:36.252+0000] {dag.py:3089} INFO - Sync 1 DAGs
[2026-07-22T07:35:36.410+0000] {logging_mixin.py:188} INFO - [2026-07-22T07:35:36.409+0000] {dag.py:3947} INFO - Setting next_dagrun for minio_to_snowflake_banking to 2026-07-22 07:35:00+00:00, run_after=2026-07-22 07:36:00+00:00
[2026-07-22T07:35:36.497+0000] {processor.py:183} INFO - Processing /opt/airflow/dags/minio_to_snowflake_dags.py took 7.561 seconds
[2026-07-22T07:36:06.725+0000] {processor.py:161} INFO - Started process (PID=10933) to work on /opt/airflow/dags/minio_to_snowflake_dags.py
[2026-07-22T07:36:06.729+0000] {processor.py:830} INFO - Processing file /opt/airflow/dags/minio_to_snowflake_dags.py for tasks to queue
[2026-07-22T07:36:06.733+0000] {logging_mixin.py:188} INFO - [2026-07-22T07:36:06.731+0000] {dagbag.py:545} INFO - Filling up the DagBag from /opt/airflow/dags/minio_to_snowflake_dags.py
[2026-07-22T07:36:09.033+0000] {processor.py:840} INFO - DAG(s) 'minio_to_snowflake_banking' retrieved from /opt/airflow/dags/minio_to_snowflake_dags.py
[2026-07-22T07:36:09.110+0000] {logging_mixin.py:188} INFO - [2026-07-22T07:36:09.109+0000] {dag.py:3089} INFO - Sync 1 DAGs
[2026-07-22T07:36:09.186+0000] {logging_mixin.py:188} INFO - [2026-07-22T07:36:09.185+0000] {dag.py:3947} INFO - Setting next_dagrun for minio_to_snowflake_banking to 2026-07-22 07:36:00+00:00, run_after=2026-07-22 07:37:00+00:00
[2026-07-22T07:36:09.260+0000] {processor.py:183} INFO - Processing /opt/airflow/dags/minio_to_snowflake_dags.py took 2.572 seconds
[2026-07-22T07:36:39.644+0000] {processor.py:161} INFO - Started process (PID=11024) to work on /opt/airflow/dags/minio_to_snowflake_dags.py
[2026-07-22T07:36:39.672+0000] {processor.py:830} INFO - Processing file /opt/airflow/dags/minio_to_snowflake_dags.py for tasks to queue
[2026-07-22T07:36:39.677+0000] {logging_mixin.py:188} INFO - [2026-07-22T07:36:39.675+0000] {dagbag.py:545} INFO - Filling up the DagBag from /opt/airflow/dags/minio_to_snowflake_dags.py
[2026-07-22T07:36:41.687+0000] {processor.py:840} INFO - DAG(s) 'minio_to_snowflake_banking' retrieved from /opt/airflow/dags/minio_to_snowflake_dags.py
[2026-07-22T07:36:41.757+0000] {logging_mixin.py:188} INFO - [2026-07-22T07:36:41.755+0000] {dag.py:3089} INFO - Sync 1 DAGs
[2026-07-22T07:36:41.816+0000] {logging_mixin.py:188} INFO - [2026-07-22T07:36:41.815+0000] {dag.py:3947} INFO - Setting next_dagrun for minio_to_snowflake_banking to 2026-07-22 07:36:00+00:00, run_after=2026-07-22 07:37:00+00:00
[2026-07-22T07:36:41.863+0000] {processor.py:183} INFO - Processing /opt/airflow/dags/minio_to_snowflake_dags.py took 2.240 seconds
[2026-07-22T07:37:12.622+0000] {processor.py:161} INFO - Started process (PID=11107) to work on /opt/airflow/dags/minio_to_snowflake_dags.py
[2026-07-22T07:37:12.629+0000] {processor.py:830} INFO - Processing file /opt/airflow/dags/minio_to_snowflake_dags.py for tasks to queue
[2026-07-22T07:37:12.632+0000] {logging_mixin.py:188} INFO - [2026-07-22T07:37:12.632+0000] {dagbag.py:545} INFO - Filling up the DagBag from /opt/airflow/dags/minio_to_snowflake_dags.py
[2026-07-22T07:37:15.347+0000] {processor.py:840} INFO - DAG(s) 'minio_to_snowflake_banking' retrieved from /opt/airflow/dags/minio_to_snowflake_dags.py
[2026-07-22T07:37:15.405+0000] {logging_mixin.py:188} INFO - [2026-07-22T07:37:15.404+0000] {dag.py:3089} INFO - Sync 1 DAGs
[2026-07-22T07:37:15.449+0000] {logging_mixin.py:188} INFO - [2026-07-22T07:37:15.449+0000] {dag.py:3947} INFO - Setting next_dagrun for minio_to_snowflake_banking to 2026-07-22 07:36:00+00:00, run_after=2026-07-22 07:37:00+00:00
[2026-07-22T07:37:15.496+0000] {processor.py:183} INFO - Processing /opt/airflow/dags/minio_to_snowflake_dags.py took 2.902 seconds
[2026-07-22T07:37:46.136+0000] {processor.py:161} INFO - Started process (PID=11195) to work on /opt/airflow/dags/minio_to_snowflake_dags.py
[2026-07-22T07:37:46.138+0000] {processor.py:830} INFO - Processing file /opt/airflow/dags/minio_to_snowflake_dags.py for tasks to queue
[2026-07-22T07:37:46.141+0000] {logging_mixin.py:188} INFO - [2026-07-22T07:37:46.140+0000] {dagbag.py:545} INFO - Filling up the DagBag from /opt/airflow/dags/minio_to_snowflake_dags.py
[2026-07-22T07:37:49.552+0000] {processor.py:840} INFO - DAG(s) 'minio_to_snowflake_banking' retrieved from /opt/airflow/dags/minio_to_snowflake_dags.py
[2026-07-22T07:37:49.707+0000] {logging_mixin.py:188} INFO - [2026-07-22T07:37:49.705+0000] {dag.py:3089} INFO - Sync 1 DAGs
[2026-07-22T07:37:49.794+0000] {logging_mixin.py:188} INFO - [2026-07-22T07:37:49.793+0000] {dag.py:3947} INFO - Setting next_dagrun for minio_to_snowflake_banking to 2026-07-22 07:37:00+00:00, run_after=2026-07-22 07:38:00+00:00
[2026-07-22T07:37:49.888+0000] {processor.py:183} INFO - Processing /opt/airflow/dags/minio_to_snowflake_dags.py took 3.777 seconds
[2026-07-22T07:38:20.600+0000] {processor.py:161} INFO - Started process (PID=11276) to work on /opt/airflow/dags/minio_to_snowflake_dags.py
[2026-07-22T07:38:20.603+0000] {processor.py:830} INFO - Processing file /opt/airflow/dags/minio_to_snowflake_dags.py for tasks to queue
[2026-07-22T07:38:20.606+0000] {logging_mixin.py:188} INFO - [2026-07-22T07:38:20.605+0000] {dagbag.py:545} INFO - Filling up the DagBag from /opt/airflow/dags/minio_to_snowflake_dags.py
[2026-07-22T07:38:25.231+0000] {processor.py:840} INFO - DAG(s) 'minio_to_snowflake_banking' retrieved from /opt/airflow/dags/minio_to_snowflake_dags.py
[2026-07-22T07:38:25.294+0000] {logging_mixin.py:188} INFO - [2026-07-22T07:38:25.293+0000] {dag.py:3089} INFO - Sync 1 DAGs
[2026-07-22T07:38:25.349+0000] {logging_mixin.py:188} INFO - [2026-07-22T07:38:25.349+0000] {dag.py:3947} INFO - Setting next_dagrun for minio_to_snowflake_banking to 2026-07-22 07:38:00+00:00, run_after=2026-07-22 07:39:00+00:00
[2026-07-22T07:38:25.396+0000] {processor.py:183} INFO - Processing /opt/airflow/dags/minio_to_snowflake_dags.py took 2.106 seconds
[2026-07-22T07:38:56.336+0000] {processor.py:161} INFO - Started process (PID=11306) to work on /opt/airflow/dags/minio_to_snowflake_dags.py
[2026-07-22T07:38:56.340+0000] {processor.py:830} INFO - Processing file /opt/airflow/dags/minio_to_snowflake_dags.py for tasks to queue
[2026-07-22T07:38:56.343+0000] {logging_mixin.py:188} INFO - [2026-07-22T07:38:56.342+0000] {dagbag.py:545} INFO - Filling up the DagBag from /opt/airflow/dags/minio_to_snowflake_dags.py
[2026-07-22T07:38:58.385+0000] {processor.py:840} INFO - DAG(s) 'minio_to_snowflake_banking' retrieved from /opt/airflow/dags/minio_to_snowflake_dags.py
[2026-07-22T07:38:58.501+0000] {logging_mixin.py:188} INFO - [2026-07-22T07:38:58.498+0000] {dag.py:3089} INFO - Sync 1 DAGs
[2026-07-22T07:38:58.560+0000] {logging_mixin.py:188} INFO - [2026-07-22T07:38:58.559+0000] {dag.py:3947} INFO - Setting next_dagrun for minio_to_snowflake_banking to 2026-07-22 07:38:00+00:00, run_after=2026-07-22 07:39:00+00:00
[2026-07-22T07:38:58.607+0000] {processor.py:183} INFO - Processing /opt/airflow/dags/minio_to_snowflake_dags.py took 2.290 seconds
[2026-07-22T07:39:29.101+0000] {processor.py:161} INFO - Started process (PID=11376) to work on /opt/airflow/dags/minio_to_snowflake_dags.py
[2026-07-22T07:39:29.105+0000] {processor.py:830} INFO - Processing file /opt/airflow/dags/minio_to_snowflake_dags.py for tasks to queue
[2026-07-22T07:39:29.111+0000] {logging_mixin.py:188} INFO - [2026-07-22T07:39:29.109+0000] {dagbag.py:545} INFO - Filling up the DagBag from /opt/airflow/dags/minio_to_snowflake_dags.py
[2026-07-22T07:39:33.658+0000] {processor.py:840} INFO - DAG(s) 'minio_to_snowflake_banking' retrieved from /opt/airflow/dags/minio_to_snowflake_dags.py
[2026-07-22T07:39:33.872+0000] {logging_mixin.py:188} INFO - [2026-07-22T07:39:33.869+0000] {dag.py:3089} INFO - Sync 1 DAGs
[2026-07-22T07:39:33.999+0000] {logging_mixin.py:188} INFO - [2026-07-22T07:39:33.998+0000] {dag.py:3947} INFO - Setting next_dagrun for minio_to_snowflake_banking to 2026-07-22 07:39:00+00:00, run_after=2026-07-22 07:40:00+00:00
[2026-07-22T07:39:34.070+0000] {processor.py:183} INFO - Processing /opt/airflow/dags/minio_to_snowflake_dags.py took 5.047 seconds
[2026-07-22T07:40:04.623+0000] {processor.py:161} INFO - Started process (PID=11403) to work on /opt/airflow/dags/minio_to_snowflake_dags.py
[2026-07-22T07:40:04.635+0000] {processor.py:830} INFO - Processing file /opt/airflow/dags/minio_to_snowflake_dags.py for tasks to queue
[2026-07-22T07:40:04.647+0000] {logging_mixin.py:188} INFO - [2026-07-22T07:40:04.644+0000] {dagbag.py:545} INFO - Filling up the DagBag from /opt/airflow/dags/minio_to_snowflake_dags.py
[2026-07-22T07:40:09.473+0000] {processor.py:840} INFO - DAG(s) 'minio_to_snowflake_banking' retrieved from /opt/airflow/dags/minio_to_snowflake_dags.py
[2026-07-22T07:40:09.909+0000] {logging_mixin.py:188} INFO - [2026-07-22T07:40:09.902+0000] {dag.py:3089} INFO - Sync 1 DAGs
[2026-07-22T07:40:10.069+0000] {logging_mixin.py:188} INFO - [2026-07-22T07:40:10.069+0000] {dag.py:3947} INFO - Setting next_dagrun for minio_to_snowflake_banking to 2026-07-22 07:40:00+00:00, run_after=2026-07-22 07:41:00+00:00
[2026-07-22T07:40:10.184+0000] {processor.py:183} INFO - Processing /opt/airflow/dags/minio_to_snowflake_dags.py took 5.672 seconds
[2026-07-22T07:40:40.359+0000] {processor.py:161} INFO - Started process (PID=11494) to work on /opt/airflow/dags/minio_to_snowflake_dags.py
[2026-07-22T07:40:40.362+0000] {processor.py:830} INFO - Processing file /opt/airflow/dags/minio_to_snowflake_dags.py for tasks to queue
[2026-07-22T07:40:40.365+0000] {logging_mixin.py:188} INFO - [2026-07-22T07:40:40.364+0000] {dagbag.py:545} INFO - Filling up the DagBag from /opt/airflow/dags/minio_to_snowflake_dags.py
[2026-07-22T07:40:42.147+0000] {processor.py:840} INFO - DAG(s) 'minio_to_snowflake_banking' retrieved from /opt/airflow/dags/minio_to_snowflake_dags.py
[2026-07-22T07:40:42.200+0000] {logging_mixin.py:188} INFO - [2026-07-22T07:40:42.199+0000] {dag.py:3089} INFO - Sync 1 DAGs
[2026-07-22T07:40:42.247+0000] {logging_mixin.py:188} INFO - [2026-07-22T07:40:42.247+0000] {dag.py:3947} INFO - Setting next_dagrun for minio_to_snowflake_banking to 2026-07-22 07:40:00+00:00, run_after=2026-07-22 07:41:00+00:00
[2026-07-22T07:40:42.288+0000] {processor.py:183} INFO - Processing /opt/airflow/dags/minio_to_snowflake_dags.py took 1.949 seconds
[2026-07-22T07:41:13.400+0000] {processor.py:161} INFO - Started process (PID=11514) to work on /opt/airflow/dags/minio_to_snowflake_dags.py
[2026-07-22T07:41:13.404+0000] {processor.py:830} INFO - Processing file /opt/airflow/dags/minio_to_snowflake_dags.py for tasks to queue
[2026-07-22T07:41:13.408+0000] {logging_mixin.py:188} INFO - [2026-07-22T07:41:13.407+0000] {dagbag.py:545} INFO - Filling up the DagBag from /opt/airflow/dags/minio_to_snowflake_dags.py
[2026-07-22T07:41:16.566+0000] {processor.py:840} INFO - DAG(s) 'minio_to_snowflake_banking' retrieved from /opt/airflow/dags/minio_to_snowflake_dags.py
[2026-07-22T07:41:16.636+0000] {logging_mixin.py:188} INFO - [2026-07-22T07:41:16.635+0000] {dag.py:3089} INFO - Sync 1 DAGs
[2026-07-22T07:41:16.688+0000] {logging_mixin.py:188} INFO - [2026-07-22T07:41:16.687+0000] {dag.py:3947} INFO - Setting next_dagrun for minio_to_snowflake_banking to 2026-07-22 07:41:00+00:00, run_after=2026-07-22 07:42:00+00:00
[2026-07-22T07:41:16.730+0000] {processor.py:183} INFO - Processing /opt/airflow/dags/minio_to_snowflake_dags.py took 3.350 seconds
[2026-07-22T07:41:46.956+0000] {processor.py:161} INFO - Started process (PID=11591) to work on /opt/airflow/dags/minio_to_snowflake_dags.py
[2026-07-22T07:41:46.959+0000] {processor.py:830} INFO - Processing file /opt/airflow/dags/minio_to_snowflake_dags.py for tasks to queue
[2026-07-22T07:41:46.963+0000] {logging_mixin.py:188} INFO - [2026-07-22T07:41:46.962+0000] {dagbag.py:545} INFO - Filling up the DagBag from /opt/airflow/dags/minio_to_snowflake_dags.py
[2026-07-22T07:41:48.951+0000] {processor.py:840} INFO - DAG(s) 'minio_to_snowflake_banking' retrieved from /opt/airflow/dags/minio_to_snowflake_dags.py
[2026-07-22T07:41:49.008+0000] {logging_mixin.py:188} INFO - [2026-07-22T07:41:49.007+0000] {dag.py:3089} INFO - Sync 1 DAGs
[2026-07-22T07:41:49.053+0000] {logging_mixin.py:188} INFO - [2026-07-22T07:41:49.053+0000] {dag.py:3947} INFO - Setting next_dagrun for minio_to_snowflake_banking to 2026-07-22 07:41:00+00:00, run_after=2026-07-22 07:42:00+00:00
[2026-07-22T07:41:49.099+0000] {processor.py:183} INFO - Processing /opt/airflow/dags/minio_to_snowflake_dags.py took 2.166 seconds
[2026-07-22T07:42:19.468+0000] {processor.py:161} INFO - Started process (PID=11646) to work on /opt/airflow/dags/minio_to_snowflake_dags.py
[2026-07-22T07:42:19.473+0000] {processor.py:830} INFO - Processing file /opt/airflow/dags/minio_to_snowflake_dags.py for tasks to queue
[2026-07-22T07:42:19.478+0000] {logging_mixin.py:188} INFO - [2026-07-22T07:42:19.476+0000] {dagbag.py:545} INFO - Filling up the DagBag from /opt/airflow/dags/minio_to_snowflake_dags.py
[2026-07-22T07:42:21.790+0000] {processor.py:840} INFO - DAG(s) 'minio_to_snowflake_banking' retrieved from /opt/airflow/dags/minio_to_snowflake_dags.py
[2026-07-22T07:42:21.947+0000] {logging_mixin.py:188} INFO - [2026-07-22T07:42:21.944+0000] {dag.py:3089} INFO - Sync 1 DAGs
[2026-07-22T07:42:22.052+0000] {logging_mixin.py:188} INFO - [2026-07-22T07:42:22.052+0000] {dag.py:3947} INFO - Setting next_dagrun for minio_to_snowflake_banking to 2026-07-22 07:42:00+00:00, run_after=2026-07-22 07:43:00+00:00
[2026-07-22T07:42:22.127+0000] {processor.py:183} INFO - Processing /opt/airflow/dags/minio_to_snowflake_dags.py took 2.682 seconds
[2026-07-22T07:42:52.320+0000] {processor.py:161} INFO - Started process (PID=11687) to work on /opt/airflow/dags/minio_to_snowflake_dags.py
[2026-07-22T07:42:52.322+0000] {processor.py:830} INFO - Processing file /opt/airflow/dags/minio_to_snowflake_dags.py for tasks to queue
[2026-07-22T07:42:52.326+0000] {logging_mixin.py:188} INFO - [2026-07-22T07:42:52.324+0000] {dagbag.py:545} INFO - Filling up the DagBag from /opt/airflow/dags/minio_to_snowflake_dags.py
[2026-07-22T07:42:54.418+0000] {processor.py:840} INFO - DAG(s) 'minio_to_snowflake_banking' retrieved from /opt/airflow/dags/minio_to_snowflake_dags.py
[2026-07-22T07:42:54.496+0000] {logging_mixin.py:188} INFO - [2026-07-22T07:42:54.495+0000] {dag.py:3089} INFO - Sync 1 DAGs
[2026-07-22T07:42:54.546+0000] {logging_mixin.py:188} INFO - [2026-07-22T07:42:54.546+0000] {dag.py:3947} INFO - Setting next_dagrun for minio_to_snowflake_banking to 2026-07-22 07:42:00+00:00, run_after=2026-07-22 07:43:00+00:00
[2026-07-22T07:42:54.602+0000] {processor.py:183} INFO - Processing /opt/airflow/dags/minio_to_snowflake_dags.py took 2.304 seconds
[2026-07-22T07:43:25.455+0000] {processor.py:161} INFO - Started process (PID=11757) to work on /opt/airflow/dags/minio_to_snowflake_dags.py
[2026-07-22T07:43:25.460+0000] {processor.py:830} INFO - Processing file /opt/airflow/dags/minio_to_snowflake_dags.py for tasks to queue
[2026-07-22T07:43:25.465+0000] {logging_mixin.py:188} INFO - [2026-07-22T07:43:25.464+0000] {dagbag.py:545} INFO - Filling up the DagBag from /opt/airflow/dags/minio_to_snowflake_dags.py
[2026-07-22T07:43:29.921+0000] {processor.py:840} INFO - DAG(s) 'minio_to_snowflake_banking' retrieved from /opt/airflow/dags/minio_to_snowflake_dags.py
[2026-07-22T07:43:30.062+0000] {logging_mixin.py:188} INFO - [2026-07-22T07:43:30.060+0000] {dag.py:3089} INFO - Sync 1 DAGs
[2026-07-22T07:43:30.214+0000] {logging_mixin.py:188} INFO - [2026-07-22T07:43:30.213+0000] {dag.py:3947} INFO - Setting next_dagrun for minio_to_snowflake_banking to 2026-07-22 07:43:00+00:00, run_after=2026-07-22 07:44:00+00:00
[2026-07-22T07:43:30.298+0000] {processor.py:183} INFO - Processing /opt/airflow/dags/minio_to_snowflake_dags.py took 4.870 seconds
[2026-07-22T07:44:00.993+0000] {processor.py:161} INFO - Started process (PID=11785) to work on /opt/airflow/dags/minio_to_snowflake_dags.py
[2026-07-22T07:44:01.002+0000] {processor.py:830} INFO - Processing file /opt/airflow/dags/minio_to_snowflake_dags.py for tasks to queue
[2026-07-22T07:44:01.010+0000] {logging_mixin.py:188} INFO - [2026-07-22T07:44:01.007+0000] {dagbag.py:545} INFO - Filling up the DagBag from /opt/airflow/dags/minio_to_snowflake_dags.py
[2026-07-22T07:44:03.665+0000] {processor.py:840} INFO - DAG(s) 'minio_to_snowflake_banking' retrieved from /opt/airflow/dags/minio_to_snowflake_dags.py
[2026-07-22T07:44:03.735+0000] {logging_mixin.py:188} INFO - [2026-07-22T07:44:03.734+0000] {dag.py:3089} INFO - Sync 1 DAGs
[2026-07-22T07:44:03.779+0000] {logging_mixin.py:188} INFO - [2026-07-22T07:44:03.779+0000] {dag.py:3947} INFO - Setting next_dagrun for minio_to_snowflake_banking to 2026-07-22 07:44:00+00:00, run_after=2026-07-22 07:45:00+00:00
[2026-07-22T07:44:03.824+0000] {processor.py:183} INFO - Processing /opt/airflow/dags/minio_to_snowflake_dags.py took 2.960 seconds
[2026-07-22T07:44:34.314+0000] {processor.py:161} INFO - Started process (PID=11876) to work on /opt/airflow/dags/minio_to_snowflake_dags.py
[2026-07-22T07:44:34.323+0000] {processor.py:830} INFO - Processing file /opt/airflow/dags/minio_to_snowflake_dags.py for tasks to queue
[2026-07-22T07:44:34.328+0000] {logging_mixin.py:188} INFO - [2026-07-22T07:44:34.326+0000] {dagbag.py:545} INFO - Filling up the DagBag from /opt/airflow/dags/minio_to_snowflake_dags.py
[2026-07-22T07:44:36.353+0000] {processor.py:840} INFO - DAG(s) 'minio_to_snowflake_banking' retrieved from /opt/airflow/dags/minio_to_snowflake_dags.py
[2026-07-22T07:44:36.408+0000] {logging_mixin.py:188} INFO - [2026-07-22T07:44:36.407+0000] {dag.py:3089} INFO - Sync 1 DAGs
[2026-07-22T07:44:36.481+0000] {logging_mixin.py:188} INFO - [2026-07-22T07:44:36.480+0000] {dag.py:3947} INFO - Setting next_dagrun for minio_to_snowflake_banking to 2026-07-22 07:44:00+00:00, run_after=2026-07-22 07:45:00+00:00
[2026-07-22T07:44:36.541+0000] {processor.py:183} INFO - Processing /opt/airflow/dags/minio_to_snowflake_dags.py took 2.257 seconds
[2026-07-22T07:45:06.830+0000] {processor.py:161} INFO - Started process (PID=11881) to work on /opt/airflow/dags/minio_to_snowflake_dags.py
[2026-07-22T07:45:06.835+0000] {processor.py:830} INFO - Processing file /opt/airflow/dags/minio_to_snowflake_dags.py for tasks to queue
[2026-07-22T07:45:06.839+0000] {logging_mixin.py:188} INFO - [2026-07-22T07:45:06.838+0000] {dagbag.py:545} INFO - Filling up the DagBag from /opt/airflow/dags/minio_to_snowflake_dags.py
[2026-07-22T07:45:10.536+0000] {processor.py:840} INFO - DAG(s) 'minio_to_snowflake_banking' retrieved from /opt/airflow/dags/minio_to_snowflake_dags.py
[2026-07-22T07:45:10.641+0000] {logging_mixin.py:188} INFO - [2026-07-22T07:45:10.639+0000] {dag.py:3089} INFO - Sync 1 DAGs
[2026-07-22T07:45:10.809+0000] {logging_mixin.py:188} INFO - [2026-07-22T07:45:10.808+0000] {dag.py:3947} INFO - Setting next_dagrun for minio_to_snowflake_banking to 2026-07-22 07:45:00+00:00, run_after=2026-07-22 07:46:00+00:00
[2026-07-22T07:45:10.898+0000] {processor.py:183} INFO - Processing /opt/airflow/dags/minio_to_snowflake_dags.py took 3.529 seconds
[2026-07-22T07:45:41.567+0000] {processor.py:161} INFO - Started process (PID=11973) to work on /opt/airflow/dags/minio_to_snowflake_dags.py
[2026-07-22T07:45:41.570+0000] {processor.py:830} INFO - Processing file /opt/airflow/dags/minio_to_snowflake_dags.py for tasks to queue
[2026-07-22T07:45:41.575+0000] {logging_mixin.py:188} INFO - [2026-07-22T07:45:41.573+0000] {dagbag.py:545} INFO - Filling up the DagBag from /opt/airflow/dags/minio_to_snowflake_dags.py
[2026-07-22T07:45:43.931+0000] {processor.py:840} INFO - DAG(s) 'minio_to_snowflake_banking' retrieved from /opt/airflow/dags/minio_to_snowflake_dags.py
[2026-07-22T07:45:44.031+0000] {logging_mixin.py:188} INFO - [2026-07-22T07:45:44.030+0000] {dag.py:3089} INFO - Sync 1 DAGs
[2026-07-22T07:45:44.099+0000] {logging_mixin.py:188} INFO - [2026-07-22T07:45:44.098+0000] {dag.py:3947} INFO - Setting next_dagrun for minio_to_snowflake_banking to 2026-07-22 07:45:00+00:00, run_after=2026-07-22 07:46:00+00:00
[2026-07-22T07:45:44.147+0000] {processor.py:183} INFO - Processing /opt/airflow/dags/minio_to_snowflake_dags.py took 2.601 seconds
[2026-07-22T07:46:14.543+0000] {processor.py:161} INFO - Started process (PID=12027) to work on /opt/airflow/dags/minio_to_snowflake_dags.py
[2026-07-22T07:46:14.547+0000] {processor.py:830} INFO - Processing file /opt/airflow/dags/minio_to_snowflake_dags.py for tasks to queue
[2026-07-22T07:46:14.551+0000] {logging_mixin.py:188} INFO - [2026-07-22T07:46:14.549+0000] {dagbag.py:545} INFO - Filling up the DagBag from /opt/airflow/dags/minio_to_snowflake_dags.py
[2026-07-22T07:46:16.588+0000] {processor.py:840} INFO - DAG(s) 'minio_to_snowflake_banking' retrieved from /opt/airflow/dags/minio_to_snowflake_dags.py
[2026-07-22T07:46:16.644+0000] {logging_mixin.py:188} INFO - [2026-07-22T07:46:16.643+0000] {dag.py:3089} INFO - Sync 1 DAGs
[2026-07-22T07:46:16.691+0000] {logging_mixin.py:188} INFO - [2026-07-22T07:46:16.691+0000] {dag.py:3947} INFO - Setting next_dagrun for minio_to_snowflake_banking to 2026-07-22 07:46:00+00:00, run_after=2026-07-22 07:47:00+00:00
[2026-07-22T07:46:16.734+0000] {processor.py:183} INFO - Processing /opt/airflow/dags/minio_to_snowflake_dags.py took 2.215 seconds
[2026-07-22T07:46:46.962+0000] {processor.py:161} INFO - Started process (PID=12069) to work on /opt/airflow/dags/minio_to_snowflake_dags.py
[2026-07-22T07:46:46.970+0000] {processor.py:830} INFO - Processing file /opt/airflow/dags/minio_to_snowflake_dags.py for tasks to queue
[2026-07-22T07:46:46.974+0000] {logging_mixin.py:188} INFO - [2026-07-22T07:46:46.973+0000] {dagbag.py:545} INFO - Filling up the DagBag from /opt/airflow/dags/minio_to_snowflake_dags.py
[2026-07-22T07:46:49.036+0000] {processor.py:840} INFO - DAG(s) 'minio_to_snowflake_banking' retrieved from /opt/airflow/dags/minio_to_snowflake_dags.py
[2026-07-22T07:46:49.104+0000] {logging_mixin.py:188} INFO - [2026-07-22T07:46:49.103+0000] {dag.py:3089} INFO - Sync 1 DAGs
[2026-07-22T07:46:49.160+0000] {logging_mixin.py:188} INFO - [2026-07-22T07:46:49.159+0000] {dag.py:3947} INFO - Setting next_dagrun for minio_to_snowflake_banking to 2026-07-22 07:46:00+00:00, run_after=2026-07-22 07:47:00+00:00
[2026-07-22T07:46:49.216+0000] {processor.py:183} INFO - Processing /opt/airflow/dags/minio_to_snowflake_dags.py took 2.285 seconds
[2026-07-22T07:47:19.831+0000] {processor.py:161} INFO - Started process (PID=12124) to work on /opt/airflow/dags/minio_to_snowflake_dags.py
[2026-07-22T07:47:19.834+0000] {processor.py:830} INFO - Processing file /opt/airflow/dags/minio_to_snowflake_dags.py for tasks to queue
[2026-07-22T07:47:19.838+0000] {logging_mixin.py:188} INFO - [2026-07-22T07:47:19.837+0000] {dagbag.py:545} INFO - Filling up the DagBag from /opt/airflow/dags/minio_to_snowflake_dags.py
[2026-07-22T07:47:22.546+0000] {processor.py:840} INFO - DAG(s) 'minio_to_snowflake_banking' retrieved from /opt/airflow/dags/minio_to_snowflake_dags.py
[2026-07-22T07:47:22.611+0000] {logging_mixin.py:188} INFO - [2026-07-22T07:47:22.610+0000] {dag.py:3089} INFO - Sync 1 DAGs
[2026-07-22T07:47:22.677+0000] {logging_mixin.py:188} INFO - [2026-07-22T07:47:22.676+0000] {dag.py:3947} INFO - Setting next_dagrun for minio_to_snowflake_banking to 2026-07-22 07:47:00+00:00, run_after=2026-07-22 07:48:00+00:00
[2026-07-22T07:47:22.727+0000] {processor.py:183} INFO - Processing /opt/airflow/dags/minio_to_snowflake_dags.py took 2.926 seconds
[2026-07-22T07:47:53.332+0000] {processor.py:161} INFO - Started process (PID=12165) to work on /opt/airflow/dags/minio_to_snowflake_dags.py
[2026-07-22T07:47:53.335+0000] {processor.py:830} INFO - Processing file /opt/airflow/dags/minio_to_snowflake_dags.py for tasks to queue
[2026-07-22T07:47:53.338+0000] {logging_mixin.py:188} INFO - [2026-07-22T07:47:53.337+0000] {dagbag.py:545} INFO - Filling up the DagBag from /opt/airflow/dags/minio_to_snowflake_dags.py
[2026-07-22T07:47:55.066+0000] {processor.py:840} INFO - DAG(s) 'minio_to_snowflake_banking' retrieved from /opt/airflow/dags/minio_to_snowflake_dags.py
[2026-07-22T07:47:55.127+0000] {logging_mixin.py:188} INFO - [2026-07-22T07:47:55.126+0000] {dag.py:3089} INFO - Sync 1 DAGs
[2026-07-22T07:47:55.169+0000] {logging_mixin.py:188} INFO - [2026-07-22T07:47:55.169+0000] {dag.py:3947} INFO - Setting next_dagrun for minio_to_snowflake_banking to 2026-07-22 07:47:00+00:00, run_after=2026-07-22 07:48:00+00:00
[2026-07-22T07:47:55.217+0000] {processor.py:183} INFO - Processing /opt/airflow/dags/minio_to_snowflake_dags.py took 1.900 seconds
[2026-07-22T07:48:25.515+0000] {processor.py:161} INFO - Started process (PID=12233) to work on /opt/airflow/dags/minio_to_snowflake_dags.py
[2026-07-22T07:48:25.519+0000] {processor.py:830} INFO - Processing file /opt/airflow/dags/minio_to_snowflake_dags.py for tasks to queue
[2026-07-22T07:48:25.523+0000] {logging_mixin.py:188} INFO - [2026-07-22T07:48:25.521+0000] {dagbag.py:545} INFO - Filling up the DagBag from /opt/airflow/dags/minio_to_snowflake_dags.py
[2026-07-22T07:48:27.808+0000] {processor.py:840} INFO - DAG(s) 'minio_to_snowflake_banking' retrieved from /opt/airflow/dags/minio_to_snowflake_dags.py
[2026-07-22T07:48:27.877+0000] {logging_mixin.py:188} INFO - [2026-07-22T07:48:27.876+0000] {dag.py:3089} INFO - Sync 1 DAGs
[2026-07-22T07:48:27.964+0000] {logging_mixin.py:188} INFO - [2026-07-22T07:48:27.963+0000] {dag.py:3947} INFO - Setting next_dagrun for minio_to_snowflake_banking to 2026-07-22 07:48:00+00:00, run_after=2026-07-22 07:49:00+00:00
[2026-07-22T07:48:28.015+0000] {processor.py:183} INFO - Processing /opt/airflow/dags/minio_to_snowflake_dags.py took 2.525 seconds
[2026-07-22T07:49:03.278+0000] {processor.py:161} INFO - Started process (PID=12261) to work on /opt/airflow/dags/minio_to_snowflake_dags.py
[2026-07-22T07:49:03.282+0000] {processor.py:830} INFO - Processing file /opt/airflow/dags/minio_to_snowflake_dags.py for tasks to queue
[2026-07-22T07:49:03.287+0000] {logging_mixin.py:188} INFO - [2026-07-22T07:49:03.285+0000] {dagbag.py:545} INFO - Filling up the DagBag from /opt/airflow/dags/minio_to_snowflake_dags.py
[2026-07-22T07:49:05.596+0000] {processor.py:840} INFO - DAG(s) 'minio_to_snowflake_banking' retrieved from /opt/airflow/dags/minio_to_snowflake_dags.py
[2026-07-22T07:49:05.664+0000] {logging_mixin.py:188} INFO - [2026-07-22T07:49:05.663+0000] {dag.py:3089} INFO - Sync 1 DAGs
[2026-07-22T07:49:05.721+0000] {logging_mixin.py:188} INFO - [2026-07-22T07:49:05.720+0000] {dag.py:3947} INFO - Setting next_dagrun for minio_to_snowflake_banking to 2026-07-22 07:49:00+00:00, run_after=2026-07-22 07:50:00+00:00
[2026-07-22T07:49:05.772+0000] {processor.py:183} INFO - Processing /opt/airflow/dags/minio_to_snowflake_dags.py took 2.513 seconds
[2026-07-22T07:49:36.055+0000] {processor.py:161} INFO - Started process (PID=12353) to work on /opt/airflow/dags/minio_to_snowflake_dags.py
[2026-07-22T07:49:36.059+0000] {processor.py:830} INFO - Processing file /opt/airflow/dags/minio_to_snowflake_dags.py for tasks to queue
[2026-07-22T07:49:36.062+0000] {logging_mixin.py:188} INFO - [2026-07-22T07:49:36.061+0000] {dagbag.py:545} INFO - Filling up the DagBag from /opt/airflow/dags/minio_to_snowflake_dags.py
[2026-07-22T07:49:38.070+0000] {processor.py:840} INFO - DAG(s) 'minio_to_snowflake_banking' retrieved from /opt/airflow/dags/minio_to_snowflake_dags.py
[2026-07-22T07:49:38.125+0000] {logging_mixin.py:188} INFO - [2026-07-22T07:49:38.123+0000] {dag.py:3089} INFO - Sync 1 DAGs
[2026-07-22T07:49:38.191+0000] {logging_mixin.py:188} INFO - [2026-07-22T07:49:38.190+0000] {dag.py:3947} INFO - Setting next_dagrun for minio_to_snowflake_banking to 2026-07-22 07:49:00+00:00, run_after=2026-07-22 07:50:00+00:00
[2026-07-22T07:49:38.239+0000] {processor.py:183} INFO - Processing /opt/airflow/dags/minio_to_snowflake_dags.py took 2.204 seconds
[2026-07-22T07:50:08.657+0000] {processor.py:161} INFO - Started process (PID=12371) to work on /opt/airflow/dags/minio_to_snowflake_dags.py
[2026-07-22T07:50:08.661+0000] {processor.py:830} INFO - Processing file /opt/airflow/dags/minio_to_snowflake_dags.py for tasks to queue
[2026-07-22T07:50:08.666+0000] {logging_mixin.py:188} INFO - [2026-07-22T07:50:08.664+0000] {dagbag.py:545} INFO - Filling up the DagBag from /opt/airflow/dags/minio_to_snowflake_dags.py
[2026-07-22T07:50:10.920+0000] {processor.py:840} INFO - DAG(s) 'minio_to_snowflake_banking' retrieved from /opt/airflow/dags/minio_to_snowflake_dags.py
[2026-07-22T07:50:11.024+0000] {logging_mixin.py:188} INFO - [2026-07-22T07:50:11.022+0000] {dag.py:3089} INFO - Sync 1 DAGs
[2026-07-22T07:50:11.123+0000] {logging_mixin.py:188} INFO - [2026-07-22T07:50:11.122+0000] {dag.py:3947} INFO - Setting next_dagrun for minio_to_snowflake_banking to 2026-07-22 07:50:00+00:00, run_after=2026-07-22 07:51:00+00:00
[2026-07-22T07:50:11.186+0000] {processor.py:183} INFO - Processing /opt/airflow/dags/minio_to_snowflake_dags.py took 2.558 seconds
[2026-07-22T07:50:41.597+0000] {processor.py:161} INFO - Started process (PID=12450) to work on /opt/airflow/dags/minio_to_snowflake_dags.py
[2026-07-22T07:50:41.600+0000] {processor.py:830} INFO - Processing file /opt/airflow/dags/minio_to_snowflake_dags.py for tasks to queue
[2026-07-22T07:50:41.604+0000] {logging_mixin.py:188} INFO - [2026-07-22T07:50:41.603+0000] {dagbag.py:545} INFO - Filling up the DagBag from /opt/airflow/dags/minio_to_snowflake_dags.py
[2026-07-22T07:50:43.441+0000] {processor.py:840} INFO - DAG(s) 'minio_to_snowflake_banking' retrieved from /opt/airflow/dags/minio_to_snowflake_dags.py
[2026-07-22T07:50:43.502+0000] {logging_mixin.py:188} INFO - [2026-07-22T07:50:43.501+0000] {dag.py:3089} INFO - Sync 1 DAGs
[2026-07-22T07:50:43.554+0000] {logging_mixin.py:188} INFO - [2026-07-22T07:50:43.553+0000] {dag.py:3947} INFO - Setting next_dagrun for minio_to_snowflake_banking to 2026-07-22 07:50:00+00:00, run_after=2026-07-22 07:51:00+00:00
[2026-07-22T07:50:43.598+0000] {processor.py:183} INFO - Processing /opt/airflow/dags/minio_to_snowflake_dags.py took 2.022 seconds
[2026-07-22T07:51:14.647+0000] {processor.py:161} INFO - Started process (PID=12504) to work on /opt/airflow/dags/minio_to_snowflake_dags.py
[2026-07-22T07:51:14.652+0000] {processor.py:830} INFO - Processing file /opt/airflow/dags/minio_to_snowflake_dags.py for tasks to queue
[2026-07-22T07:51:14.655+0000] {logging_mixin.py:188} INFO - [2026-07-22T07:51:14.654+0000] {dagbag.py:545} INFO - Filling up the DagBag from /opt/airflow/dags/minio_to_snowflake_dags.py
[2026-07-22T07:51:16.727+0000] {processor.py:840} INFO - DAG(s) 'minio_to_snowflake_banking' retrieved from /opt/airflow/dags/minio_to_snowflake_dags.py
[2026-07-22T07:51:16.785+0000] {logging_mixin.py:188} INFO - [2026-07-22T07:51:16.784+0000] {dag.py:3089} INFO - Sync 1 DAGs
[2026-07-22T07:51:16.836+0000] {logging_mixin.py:188} INFO - [2026-07-22T07:51:16.835+0000] {dag.py:3947} INFO - Setting next_dagrun for minio_to_snowflake_banking to 2026-07-22 07:51:00+00:00, run_after=2026-07-22 07:52:00+00:00
[2026-07-22T07:51:16.882+0000] {processor.py:183} INFO - Processing /opt/airflow/dags/minio_to_snowflake_dags.py took 2.265 seconds
[2026-07-22T07:51:47.626+0000] {processor.py:161} INFO - Started process (PID=12547) to work on /opt/airflow/dags/minio_to_snowflake_dags.py
[2026-07-22T07:51:47.630+0000] {processor.py:830} INFO - Processing file /opt/airflow/dags/minio_to_snowflake_dags.py for tasks to queue
[2026-07-22T07:51:47.636+0000] {logging_mixin.py:188} INFO - [2026-07-22T07:51:47.634+0000] {dagbag.py:545} INFO - Filling up the DagBag from /opt/airflow/dags/minio_to_snowflake_dags.py
[2026-07-22T07:51:49.646+0000] {processor.py:840} INFO - DAG(s) 'minio_to_snowflake_banking' retrieved from /opt/airflow/dags/minio_to_snowflake_dags.py
[2026-07-22T07:51:49.789+0000] {logging_mixin.py:188} INFO - [2026-07-22T07:51:49.788+0000] {dag.py:3089} INFO - Sync 1 DAGs
[2026-07-22T07:51:49.899+0000] {logging_mixin.py:188} INFO - [2026-07-22T07:51:49.899+0000] {dag.py:3947} INFO - Setting next_dagrun for minio_to_snowflake_banking to 2026-07-22 07:51:00+00:00, run_after=2026-07-22 07:52:00+00:00
[2026-07-22T07:51:49.974+0000] {processor.py:183} INFO - Processing /opt/airflow/dags/minio_to_snowflake_dags.py took 2.373 seconds
[2026-07-22T07:52:20.312+0000] {processor.py:161} INFO - Started process (PID=12615) to work on /opt/airflow/dags/minio_to_snowflake_dags.py
[2026-07-22T07:52:20.319+0000] {processor.py:830} INFO - Processing file /opt/airflow/dags/minio_to_snowflake_dags.py for tasks to queue
[2026-07-22T07:52:20.327+0000] {logging_mixin.py:188} INFO - [2026-07-22T07:52:20.324+0000] {dagbag.py:545} INFO - Filling up the DagBag from /opt/airflow/dags/minio_to_snowflake_dags.py
[2026-07-22T07:52:25.492+0000] {processor.py:840} INFO - DAG(s) 'minio_to_snowflake_banking' retrieved from /opt/airflow/dags/minio_to_snowflake_dags.py
[2026-07-22T07:52:25.555+0000] {logging_mixin.py:188} INFO - [2026-07-22T07:52:25.553+0000] {dag.py:3089} INFO - Sync 1 DAGs
[2026-07-22T07:52:25.616+0000] {logging_mixin.py:188} INFO - [2026-07-22T07:52:25.615+0000] {dag.py:3947} INFO - Setting next_dagrun for minio_to_snowflake_banking to 2026-07-22 07:52:00+00:00, run_after=2026-07-22 07:53:00+00:00
[2026-07-22T07:52:25.663+0000] {processor.py:183} INFO - Processing /opt/airflow/dags/minio_to_snowflake_dags.py took 2.661 seconds
[2026-07-22T07:52:57.876+0000] {processor.py:161} INFO - Started process (PID=12620) to work on /opt/airflow/dags/minio_to_snowflake_dags.py
[2026-07-22T07:52:57.880+0000] {processor.py:830} INFO - Processing file /opt/airflow/dags/minio_to_snowflake_dags.py for tasks to queue
[2026-07-22T07:52:57.885+0000] {logging_mixin.py:188} INFO - [2026-07-22T07:52:57.883+0000] {dagbag.py:545} INFO - Filling up the DagBag from /opt/airflow/dags/minio_to_snowflake_dags.py
[2026-07-22T07:52:59.921+0000] {processor.py:840} INFO - DAG(s) 'minio_to_snowflake_banking' retrieved from /opt/airflow/dags/minio_to_snowflake_dags.py
[2026-07-22T07:52:59.988+0000] {logging_mixin.py:188} INFO - [2026-07-22T07:52:59.987+0000] {dag.py:3089} INFO - Sync 1 DAGs
[2026-07-22T07:53:00.046+0000] {logging_mixin.py:188} INFO - [2026-07-22T07:53:00.046+0000] {dag.py:3947} INFO - Setting next_dagrun for minio_to_snowflake_banking to 2026-07-22 07:52:00+00:00, run_after=2026-07-22 07:53:00+00:00
[2026-07-22T07:53:00.095+0000] {processor.py:183} INFO - Processing /opt/airflow/dags/minio_to_snowflake_dags.py took 2.241 seconds
[2026-07-22T07:53:30.319+0000] {processor.py:161} INFO - Started process (PID=12705) to work on /opt/airflow/dags/minio_to_snowflake_dags.py
[2026-07-22T07:53:30.322+0000] {processor.py:830} INFO - Processing file /opt/airflow/dags/minio_to_snowflake_dags.py for tasks to queue
[2026-07-22T07:53:30.326+0000] {logging_mixin.py:188} INFO - [2026-07-22T07:53:30.325+0000] {dagbag.py:545} INFO - Filling up the DagBag from /opt/airflow/dags/minio_to_snowflake_dags.py
[2026-07-22T07:53:34.620+0000] {processor.py:840} INFO - DAG(s) 'minio_to_snowflake_banking' retrieved from /opt/airflow/dags/minio_to_snowflake_dags.py
[2026-07-22T07:53:34.675+0000] {logging_mixin.py:188} INFO - [2026-07-22T07:53:34.675+0000] {dag.py:3089} INFO - Sync 1 DAGs
[2026-07-22T07:53:34.727+0000] {logging_mixin.py:188} INFO - [2026-07-22T07:53:34.727+0000] {dag.py:3947} INFO - Setting next_dagrun for minio_to_snowflake_banking to 2026-07-22 07:53:00+00:00, run_after=2026-07-22 07:54:00+00:00
[2026-07-22T07:53:34.770+0000] {processor.py:183} INFO - Processing /opt/airflow/dags/minio_to_snowflake_dags.py took 4.482 seconds
[2026-07-22T07:54:05.362+0000] {processor.py:161} INFO - Started process (PID=12757) to work on /opt/airflow/dags/minio_to_snowflake_dags.py
[2026-07-22T07:54:05.366+0000] {processor.py:830} INFO - Processing file /opt/airflow/dags/minio_to_snowflake_dags.py for tasks to queue
[2026-07-22T07:54:05.370+0000] {logging_mixin.py:188} INFO - [2026-07-22T07:54:05.368+0000] {dagbag.py:545} INFO - Filling up the DagBag from /opt/airflow/dags/minio_to_snowflake_dags.py
[2026-07-22T07:54:10.157+0000] {processor.py:840} INFO - DAG(s) 'minio_to_snowflake_banking' retrieved from /opt/airflow/dags/minio_to_snowflake_dags.py
[2026-07-22T07:54:10.231+0000] {logging_mixin.py:188} INFO - [2026-07-22T07:54:10.230+0000] {dag.py:3089} INFO - Sync 1 DAGs
[2026-07-22T07:54:10.306+0000] {logging_mixin.py:188} INFO - [2026-07-22T07:54:10.305+0000] {dag.py:3947} INFO - Setting next_dagrun for minio_to_snowflake_banking to 2026-07-22 07:54:00+00:00, run_after=2026-07-22 07:55:00+00:00
[2026-07-22T07:54:10.358+0000] {processor.py:183} INFO - Processing /opt/airflow/dags/minio_to_snowflake_dags.py took 5.022 seconds
[2026-07-22T07:54:40.803+0000] {processor.py:161} INFO - Started process (PID=12851) to work on /opt/airflow/dags/minio_to_snowflake_dags.py
[2026-07-22T07:54:40.806+0000] {processor.py:830} INFO - Processing file /opt/airflow/dags/minio_to_snowflake_dags.py for tasks to queue
[2026-07-22T07:54:40.808+0000] {logging_mixin.py:188} INFO - [2026-07-22T07:54:40.808+0000] {dagbag.py:545} INFO - Filling up the DagBag from /opt/airflow/dags/minio_to_snowflake_dags.py
[2026-07-22T07:54:43.377+0000] {processor.py:840} INFO - DAG(s) 'minio_to_snowflake_banking' retrieved from /opt/airflow/dags/minio_to_snowflake_dags.py
[2026-07-22T07:54:43.461+0000] {logging_mixin.py:188} INFO - [2026-07-22T07:54:43.460+0000] {dag.py:3089} INFO - Sync 1 DAGs
[2026-07-22T07:54:43.524+0000] {logging_mixin.py:188} INFO - [2026-07-22T07:54:43.524+0000] {dag.py:3947} INFO - Setting next_dagrun for minio_to_snowflake_banking to 2026-07-22 07:54:00+00:00, run_after=2026-07-22 07:55:00+00:00
[2026-07-22T07:54:43.570+0000] {processor.py:183} INFO - Processing /opt/airflow/dags/minio_to_snowflake_dags.py took 2.786 seconds
[2026-07-22T07:55:13.772+0000] {processor.py:161} INFO - Started process (PID=12906) to work on /opt/airflow/dags/minio_to_snowflake_dags.py
[2026-07-22T07:55:13.775+0000] {processor.py:830} INFO - Processing file /opt/airflow/dags/minio_to_snowflake_dags.py for tasks to queue
[2026-07-22T07:55:13.778+0000] {logging_mixin.py:188} INFO - [2026-07-22T07:55:13.777+0000] {dagbag.py:545} INFO - Filling up the DagBag from /opt/airflow/dags/minio_to_snowflake_dags.py
[2026-07-22T07:55:15.911+0000] {processor.py:840} INFO - DAG(s) 'minio_to_snowflake_banking' retrieved from /opt/airflow/dags/minio_to_snowflake_dags.py
[2026-07-22T07:55:15.971+0000] {logging_mixin.py:188} INFO - [2026-07-22T07:55:15.970+0000] {dag.py:3089} INFO - Sync 1 DAGs
[2026-07-22T07:55:16.021+0000] {logging_mixin.py:188} INFO - [2026-07-22T07:55:16.021+0000] {dag.py:3947} INFO - Setting next_dagrun for minio_to_snowflake_banking to 2026-07-22 07:55:00+00:00, run_after=2026-07-22 07:56:00+00:00
[2026-07-22T07:55:16.068+0000] {processor.py:183} INFO - Processing /opt/airflow/dags/minio_to_snowflake_dags.py took 2.314 seconds
[2026-07-22T07:55:46.659+0000] {processor.py:161} INFO - Started process (PID=12950) to work on /opt/airflow/dags/minio_to_snowflake_dags.py
[2026-07-22T07:55:46.663+0000] {processor.py:830} INFO - Processing file /opt/airflow/dags/minio_to_snowflake_dags.py for tasks to queue
[2026-07-22T07:55:46.668+0000] {logging_mixin.py:188} INFO - [2026-07-22T07:55:46.666+0000] {dagbag.py:545} INFO - Filling up the DagBag from /opt/airflow/dags/minio_to_snowflake_dags.py
[2026-07-22T07:55:48.666+0000] {processor.py:840} INFO - DAG(s) 'minio_to_snowflake_banking' retrieved from /opt/airflow/dags/minio_to_snowflake_dags.py
[2026-07-22T07:55:48.721+0000] {logging_mixin.py:188} INFO - [2026-07-22T07:55:48.720+0000] {dag.py:3089} INFO - Sync 1 DAGs
[2026-07-22T07:55:48.769+0000] {logging_mixin.py:188} INFO - [2026-07-22T07:55:48.768+0000] {dag.py:3947} INFO - Setting next_dagrun for minio_to_snowflake_banking to 2026-07-22 07:55:00+00:00, run_after=2026-07-22 07:56:00+00:00
[2026-07-22T07:55:48.811+0000] {processor.py:183} INFO - Processing /opt/airflow/dags/minio_to_snowflake_dags.py took 2.173 seconds
[2026-07-22T07:56:19.038+0000] {processor.py:161} INFO - Started process (PID=13006) to work on /opt/airflow/dags/minio_to_snowflake_dags.py
[2026-07-22T07:56:19.042+0000] {processor.py:830} INFO - Processing file /opt/airflow/dags/minio_to_snowflake_dags.py for tasks to queue
[2026-07-22T07:56:19.045+0000] {logging_mixin.py:188} INFO - [2026-07-22T07:56:19.044+0000] {dagbag.py:545} INFO - Filling up the DagBag from /opt/airflow/dags/minio_to_snowflake_dags.py
[2026-07-22T07:56:21.511+0000] {processor.py:840} INFO - DAG(s) 'minio_to_snowflake_banking' retrieved from /opt/airflow/dags/minio_to_snowflake_dags.py
[2026-07-22T07:56:21.568+0000] {logging_mixin.py:188} INFO - [2026-07-22T07:56:21.567+0000] {dag.py:3089} INFO - Sync 1 DAGs
[2026-07-22T07:56:21.619+0000] {logging_mixin.py:188} INFO - [2026-07-22T07:56:21.618+0000] {dag.py:3947} INFO - Setting next_dagrun for minio_to_snowflake_banking to 2026-07-22 07:56:00+00:00, run_after=2026-07-22 07:57:00+00:00
[2026-07-22T07:56:21.662+0000] {processor.py:183} INFO - Processing /opt/airflow/dags/minio_to_snowflake_dags.py took 2.650 seconds
[2026-07-22T07:56:52.378+0000] {processor.py:161} INFO - Started process (PID=13049) to work on /opt/airflow/dags/minio_to_snowflake_dags.py
[2026-07-22T07:56:52.385+0000] {processor.py:830} INFO - Processing file /opt/airflow/dags/minio_to_snowflake_dags.py for tasks to queue
[2026-07-22T07:56:52.391+0000] {logging_mixin.py:188} INFO - [2026-07-22T07:56:52.389+0000] {dagbag.py:545} INFO - Filling up the DagBag from /opt/airflow/dags/minio_to_snowflake_dags.py
[2026-07-22T07:56:54.372+0000] {processor.py:840} INFO - DAG(s) 'minio_to_snowflake_banking' retrieved from /opt/airflow/dags/minio_to_snowflake_dags.py
[2026-07-22T07:56:54.434+0000] {logging_mixin.py:188} INFO - [2026-07-22T07:56:54.433+0000] {dag.py:3089} INFO - Sync 1 DAGs
[2026-07-22T07:56:54.545+0000] {logging_mixin.py:188} INFO - [2026-07-22T07:56:54.544+0000] {dag.py:3947} INFO - Setting next_dagrun for minio_to_snowflake_banking to 2026-07-22 07:56:00+00:00, run_after=2026-07-22 07:57:00+00:00
[2026-07-22T07:56:54.602+0000] {processor.py:183} INFO - Processing /opt/airflow/dags/minio_to_snowflake_dags.py took 2.264 seconds
[2026-07-22T07:57:24.891+0000] {processor.py:161} INFO - Started process (PID=13126) to work on /opt/airflow/dags/minio_to_snowflake_dags.py
[2026-07-22T07:57:24.895+0000] {processor.py:830} INFO - Processing file /opt/airflow/dags/minio_to_snowflake_dags.py for tasks to queue
[2026-07-22T07:57:24.899+0000] {logging_mixin.py:188} INFO - [2026-07-22T07:57:24.897+0000] {dagbag.py:545} INFO - Filling up the DagBag from /opt/airflow/dags/minio_to_snowflake_dags.py
[2026-07-22T07:57:30.041+0000] {processor.py:840} INFO - DAG(s) 'minio_to_snowflake_banking' retrieved from /opt/airflow/dags/minio_to_snowflake_dags.py
[2026-07-22T07:57:30.296+0000] {logging_mixin.py:188} INFO - [2026-07-22T07:57:30.294+0000] {dag.py:3089} INFO - Sync 1 DAGs
[2026-07-22T07:57:30.416+0000] {logging_mixin.py:188} INFO - [2026-07-22T07:57:30.415+0000] {dag.py:3947} INFO - Setting next_dagrun for minio_to_snowflake_banking to 2026-07-22 07:57:00+00:00, run_after=2026-07-22 07:58:00+00:00
[2026-07-22T07:57:30.486+0000] {processor.py:183} INFO - Processing /opt/airflow/dags/minio_to_snowflake_dags.py took 5.619 seconds
[2026-07-22T07:58:00.931+0000] {processor.py:161} INFO - Started process (PID=13148) to work on /opt/airflow/dags/minio_to_snowflake_dags.py
[2026-07-22T07:58:00.938+0000] {processor.py:830} INFO - Processing file /opt/airflow/dags/minio_to_snowflake_dags.py for tasks to queue
[2026-07-22T07:58:00.943+0000] {logging_mixin.py:188} INFO - [2026-07-22T07:58:00.941+0000] {dagbag.py:545} INFO - Filling up the DagBag from /opt/airflow/dags/minio_to_snowflake_dags.py
[2026-07-22T07:58:03.661+0000] {processor.py:840} INFO - DAG(s) 'minio_to_snowflake_banking' retrieved from /opt/airflow/dags/minio_to_snowflake_dags.py
[2026-07-22T07:58:03.722+0000] {logging_mixin.py:188} INFO - [2026-07-22T07:58:03.721+0000] {dag.py:3089} INFO - Sync 1 DAGs
[2026-07-22T07:58:03.783+0000] {logging_mixin.py:188} INFO - [2026-07-22T07:58:03.782+0000] {dag.py:3947} INFO - Setting next_dagrun for minio_to_snowflake_banking to 2026-07-22 07:58:00+00:00, run_after=2026-07-22 07:59:00+00:00
[2026-07-22T07:58:03.848+0000] {processor.py:183} INFO - Processing /opt/airflow/dags/minio_to_snowflake_dags.py took 2.944 seconds
[2026-07-22T07:58:34.557+0000] {processor.py:161} INFO - Started process (PID=13241) to work on /opt/airflow/dags/minio_to_snowflake_dags.py
[2026-07-22T07:58:34.561+0000] {processor.py:830} INFO - Processing file /opt/airflow/dags/minio_to_snowflake_dags.py for tasks to queue
[2026-07-22T07:58:34.564+0000] {logging_mixin.py:188} INFO - [2026-07-22T07:58:34.563+0000] {dagbag.py:545} INFO - Filling up the DagBag from /opt/airflow/dags/minio_to_snowflake_dags.py
[2026-07-22T07:58:36.379+0000] {processor.py:840} INFO - DAG(s) 'minio_to_snowflake_banking' retrieved from /opt/airflow/dags/minio_to_snowflake_dags.py
[2026-07-22T07:58:36.435+0000] {logging_mixin.py:188} INFO - [2026-07-22T07:58:36.434+0000] {dag.py:3089} INFO - Sync 1 DAGs
[2026-07-22T07:58:36.490+0000] {logging_mixin.py:188} INFO - [2026-07-22T07:58:36.489+0000] {dag.py:3947} INFO - Setting next_dagrun for minio_to_snowflake_banking to 2026-07-22 07:58:00+00:00, run_after=2026-07-22 07:59:00+00:00
[2026-07-22T07:58:36.535+0000] {processor.py:183} INFO - Processing /opt/airflow/dags/minio_to_snowflake_dags.py took 1.999 seconds
[2026-07-22T07:59:06.893+0000] {processor.py:161} INFO - Started process (PID=13258) to work on /opt/airflow/dags/minio_to_snowflake_dags.py
[2026-07-22T07:59:06.896+0000] {processor.py:830} INFO - Processing file /opt/airflow/dags/minio_to_snowflake_dags.py for tasks to queue
[2026-07-22T07:59:06.899+0000] {logging_mixin.py:188} INFO - [2026-07-22T07:59:06.898+0000] {dagbag.py:545} INFO - Filling up the DagBag from /opt/airflow/dags/minio_to_snowflake_dags.py
[2026-07-22T07:59:09.051+0000] {processor.py:840} INFO - DAG(s) 'minio_to_snowflake_banking' retrieved from /opt/airflow/dags/minio_to_snowflake_dags.py
[2026-07-22T07:59:09.121+0000] {logging_mixin.py:188} INFO - [2026-07-22T07:59:09.120+0000] {dag.py:3089} INFO - Sync 1 DAGs
[2026-07-22T07:55:22.193+0000] {logging_mixin.py:188} INFO - [2026-07-22T07:55:22.193+0000] {dag.py:3947} INFO - Setting next_dagrun for minio_to_snowflake_banking to 2026-07-22 07:59:00+00:00, run_after=2026-07-22 08:00:00+00:00
[2026-07-22T07:55:22.242+0000] {processor.py:183} INFO - Processing /opt/airflow/dags/minio_to_snowflake_dags.py took 2.353 seconds
[2026-07-22T07:59:13.039+0000] {processor.py:161} INFO - Started process (PID=13266) to work on /opt/airflow/dags/minio_to_snowflake_dags.py
[2026-07-22T07:59:13.041+0000] {processor.py:830} INFO - Processing file /opt/airflow/dags/minio_to_snowflake_dags.py for tasks to queue
[2026-07-22T07:59:13.045+0000] {logging_mixin.py:188} INFO - [2026-07-22T07:59:13.044+0000] {dagbag.py:545} INFO - Filling up the DagBag from /opt/airflow/dags/minio_to_snowflake_dags.py
[2026-07-22T07:59:15.345+0000] {processor.py:840} INFO - DAG(s) 'minio_to_snowflake_banking' retrieved from /opt/airflow/dags/minio_to_snowflake_dags.py
[2026-07-22T07:59:15.411+0000] {logging_mixin.py:188} INFO - [2026-07-22T07:59:15.410+0000] {dag.py:3089} INFO - Sync 1 DAGs
[2026-07-22T07:59:15.468+0000] {logging_mixin.py:188} INFO - [2026-07-22T07:59:15.468+0000] {dag.py:3947} INFO - Setting next_dagrun for minio_to_snowflake_banking to 2026-07-22 07:59:00+00:00, run_after=2026-07-22 08:00:00+00:00
[2026-07-22T07:59:15.528+0000] {processor.py:183} INFO - Processing /opt/airflow/dags/minio_to_snowflake_dags.py took 2.513 seconds
[2026-07-22T07:59:45.738+0000] {processor.py:161} INFO - Started process (PID=13343) to work on /opt/airflow/dags/minio_to_snowflake_dags.py
[2026-07-22T07:59:45.741+0000] {processor.py:830} INFO - Processing file /opt/airflow/dags/minio_to_snowflake_dags.py for tasks to queue
[2026-07-22T07:59:45.744+0000] {logging_mixin.py:188} INFO - [2026-07-22T07:59:45.743+0000] {dagbag.py:545} INFO - Filling up the DagBag from /opt/airflow/dags/minio_to_snowflake_dags.py
[2026-07-22T07:59:47.621+0000] {processor.py:840} INFO - DAG(s) 'minio_to_snowflake_banking' retrieved from /opt/airflow/dags/minio_to_snowflake_dags.py
[2026-07-22T07:59:47.703+0000] {logging_mixin.py:188} INFO - [2026-07-22T07:59:47.702+0000] {dag.py:3089} INFO - Sync 1 DAGs
[2026-07-22T07:59:47.767+0000] {logging_mixin.py:188} INFO - [2026-07-22T07:59:47.766+0000] {dag.py:3947} INFO - Setting next_dagrun for minio_to_snowflake_banking to 2026-07-22 07:59:00+00:00, run_after=2026-07-22 08:00:00+00:00
[2026-07-22T07:59:47.813+0000] {processor.py:183} INFO - Processing /opt/airflow/dags/minio_to_snowflake_dags.py took 2.094 seconds
[2026-07-22T08:00:18.485+0000] {processor.py:161} INFO - Started process (PID=13400) to work on /opt/airflow/dags/minio_to_snowflake_dags.py
[2026-07-22T08:00:18.488+0000] {processor.py:830} INFO - Processing file /opt/airflow/dags/minio_to_snowflake_dags.py for tasks to queue
[2026-07-22T08:00:18.491+0000] {logging_mixin.py:188} INFO - [2026-07-22T08:00:18.490+0000] {dagbag.py:545} INFO - Filling up the DagBag from /opt/airflow/dags/minio_to_snowflake_dags.py
[2026-07-22T08:00:20.525+0000] {processor.py:840} INFO - DAG(s) 'minio_to_snowflake_banking' retrieved from /opt/airflow/dags/minio_to_snowflake_dags.py
[2026-07-22T08:00:20.589+0000] {logging_mixin.py:188} INFO - [2026-07-22T08:00:20.588+0000] {dag.py:3089} INFO - Sync 1 DAGs
[2026-07-22T08:00:20.644+0000] {logging_mixin.py:188} INFO - [2026-07-22T08:00:20.644+0000] {dag.py:3947} INFO - Setting next_dagrun for minio_to_snowflake_banking to 2026-07-22 08:00:00+00:00, run_after=2026-07-22 08:01:00+00:00
[2026-07-22T08:00:20.690+0000] {processor.py:183} INFO - Processing /opt/airflow/dags/minio_to_snowflake_dags.py took 2.225 seconds
[2026-07-22T08:00:51.013+0000] {processor.py:161} INFO - Started process (PID=13443) to work on /opt/airflow/dags/minio_to_snowflake_dags.py
[2026-07-22T08:00:51.019+0000] {processor.py:830} INFO - Processing file /opt/airflow/dags/minio_to_snowflake_dags.py for tasks to queue
[2026-07-22T08:00:51.023+0000] {logging_mixin.py:188} INFO - [2026-07-22T08:00:51.021+0000] {dagbag.py:545} INFO - Filling up the DagBag from /opt/airflow/dags/minio_to_snowflake_dags.py
[2026-07-22T08:00:53.353+0000] {processor.py:840} INFO - DAG(s) 'minio_to_snowflake_banking' retrieved from /opt/airflow/dags/minio_to_snowflake_dags.py
[2026-07-22T08:00:53.420+0000] {logging_mixin.py:188} INFO - [2026-07-22T08:00:53.419+0000] {dag.py:3089} INFO - Sync 1 DAGs
[2026-07-22T08:00:53.490+0000] {logging_mixin.py:188} INFO - [2026-07-22T08:00:53.489+0000] {dag.py:3947} INFO - Setting next_dagrun for minio_to_snowflake_banking to 2026-07-22 08:00:00+00:00, run_after=2026-07-22 08:01:00+00:00
[2026-07-22T08:00:53.548+0000] {processor.py:183} INFO - Processing /opt/airflow/dags/minio_to_snowflake_dags.py took 2.572 seconds
[2026-07-22T08:01:23.830+0000] {processor.py:161} INFO - Started process (PID=13513) to work on /opt/airflow/dags/minio_to_snowflake_dags.py
[2026-07-22T08:01:23.835+0000] {processor.py:830} INFO - Processing file /opt/airflow/dags/minio_to_snowflake_dags.py for tasks to queue
[2026-07-22T08:01:23.840+0000] {logging_mixin.py:188} INFO - [2026-07-22T08:01:23.838+0000] {dagbag.py:545} INFO - Filling up the DagBag from /opt/airflow/dags/minio_to_snowflake_dags.py
[2026-07-22T08:01:26.302+0000] {processor.py:840} INFO - DAG(s) 'minio_to_snowflake_banking' retrieved from /opt/airflow/dags/minio_to_snowflake_dags.py
[2026-07-22T08:01:26.503+0000] {logging_mixin.py:188} INFO - [2026-07-22T08:01:26.502+0000] {dag.py:3089} INFO - Sync 1 DAGs
[2026-07-22T08:01:26.655+0000] {logging_mixin.py:188} INFO - [2026-07-22T08:01:26.654+0000] {dag.py:3947} INFO - Setting next_dagrun for minio_to_snowflake_banking to 2026-07-22 08:01:00+00:00, run_after=2026-07-22 08:02:00+00:00
[2026-07-22T08:01:26.709+0000] {processor.py:183} INFO - Processing /opt/airflow/dags/minio_to_snowflake_dags.py took 2.908 seconds
[2026-07-22T08:01:56.993+0000] {processor.py:161} INFO - Started process (PID=13541) to work on /opt/airflow/dags/minio_to_snowflake_dags.py
[2026-07-22T08:01:56.996+0000] {processor.py:830} INFO - Processing file /opt/airflow/dags/minio_to_snowflake_dags.py for tasks to queue
[2026-07-22T08:01:57.000+0000] {logging_mixin.py:188} INFO - [2026-07-22T08:01:56.998+0000] {dagbag.py:545} INFO - Filling up the DagBag from /opt/airflow/dags/minio_to_snowflake_dags.py
[2026-07-22T08:01:59.251+0000] {processor.py:840} INFO - DAG(s) 'minio_to_snowflake_banking' retrieved from /opt/airflow/dags/minio_to_snowflake_dags.py
[2026-07-22T08:01:59.319+0000] {logging_mixin.py:188} INFO - [2026-07-22T08:01:59.317+0000] {dag.py:3089} INFO - Sync 1 DAGs
[2026-07-22T08:01:59.368+0000] {logging_mixin.py:188} INFO - [2026-07-22T08:01:59.368+0000] {dag.py:3947} INFO - Setting next_dagrun for minio_to_snowflake_banking to 2026-07-22 08:01:00+00:00, run_after=2026-07-22 08:02:00+00:00
[2026-07-22T08:01:59.414+0000] {processor.py:183} INFO - Processing /opt/airflow/dags/minio_to_snowflake_dags.py took 2.444 seconds
[2026-07-22T08:02:29.972+0000] {processor.py:161} INFO - Started process (PID=13623) to work on /opt/airflow/dags/minio_to_snowflake_dags.py
[2026-07-22T08:02:29.977+0000] {processor.py:830} INFO - Processing file /opt/airflow/dags/minio_to_snowflake_dags.py for tasks to queue
[2026-07-22T08:02:29.981+0000] {logging_mixin.py:188} INFO - [2026-07-22T08:02:29.980+0000] {dagbag.py:545} INFO - Filling up the DagBag from /opt/airflow/dags/minio_to_snowflake_dags.py
[2026-07-22T08:02:32.579+0000] {processor.py:840} INFO - DAG(s) 'minio_to_snowflake_banking' retrieved from /opt/airflow/dags/minio_to_snowflake_dags.py
[2026-07-22T08:02:32.708+0000] {logging_mixin.py:188} INFO - [2026-07-22T08:02:32.706+0000] {dag.py:3089} INFO - Sync 1 DAGs
[2026-07-22T08:02:32.790+0000] {logging_mixin.py:188} INFO - [2026-07-22T08:02:32.789+0000] {dag.py:3947} INFO - Setting next_dagrun for minio_to_snowflake_banking to 2026-07-22 08:02:00+00:00, run_after=2026-07-22 08:03:00+00:00
[2026-07-22T08:02:32.850+0000] {processor.py:183} INFO - Processing /opt/airflow/dags/minio_to_snowflake_dags.py took 2.915 seconds
[2026-07-22T08:03:03.228+0000] {processor.py:161} INFO - Started process (PID=13640) to work on /opt/airflow/dags/minio_to_snowflake_dags.py
[2026-07-22T08:03:03.231+0000] {processor.py:830} INFO - Processing file /opt/airflow/dags/minio_to_snowflake_dags.py for tasks to queue
[2026-07-22T08:03:03.233+0000] {logging_mixin.py:188} INFO - [2026-07-22T08:03:03.233+0000] {dagbag.py:545} INFO - Filling up the DagBag from /opt/airflow/dags/minio_to_snowflake_dags.py
[2026-07-22T08:03:05.351+0000] {processor.py:840} INFO - DAG(s) 'minio_to_snowflake_banking' retrieved from /opt/airflow/dags/minio_to_snowflake_dags.py
[2026-07-22T08:03:05.414+0000] {logging_mixin.py:188} INFO - [2026-07-22T08:03:05.412+0000] {dag.py:3089} INFO - Sync 1 DAGs
[2026-07-22T08:03:05.475+0000] {logging_mixin.py:188} INFO - [2026-07-22T08:03:05.474+0000] {dag.py:3947} INFO - Setting next_dagrun for minio_to_snowflake_banking to 2026-07-22 08:03:00+00:00, run_after=2026-07-22 08:04:00+00:00
[2026-07-22T08:03:05.522+0000] {processor.py:183} INFO - Processing /opt/airflow/dags/minio_to_snowflake_dags.py took 2.314 seconds
[2026-07-22T08:03:35.702+0000] {processor.py:161} INFO - Started process (PID=13733) to work on /opt/airflow/dags/minio_to_snowflake_dags.py
[2026-07-22T08:03:35.705+0000] {processor.py:830} INFO - Processing file /opt/airflow/dags/minio_to_snowflake_dags.py for tasks to queue
[2026-07-22T08:03:35.710+0000] {logging_mixin.py:188} INFO - [2026-07-22T08:03:35.709+0000] {dagbag.py:545} INFO - Filling up the DagBag from /opt/airflow/dags/minio_to_snowflake_dags.py
[2026-07-22T08:03:37.524+0000] {processor.py:840} INFO - DAG(s) 'minio_to_snowflake_banking' retrieved from /opt/airflow/dags/minio_to_snowflake_dags.py
[2026-07-22T08:03:37.579+0000] {logging_mixin.py:188} INFO - [2026-07-22T08:03:37.579+0000] {dag.py:3089} INFO - Sync 1 DAGs
[2026-07-22T08:03:37.641+0000] {logging_mixin.py:188} INFO - [2026-07-22T08:03:37.640+0000] {dag.py:3947} INFO - Setting next_dagrun for minio_to_snowflake_banking to 2026-07-22 08:03:00+00:00, run_after=2026-07-22 08:04:00+00:00
[2026-07-22T08:03:37.699+0000] {processor.py:183} INFO - Processing /opt/airflow/dags/minio_to_snowflake_dags.py took 2.018 seconds
[2026-07-22T08:04:08.395+0000] {processor.py:161} INFO - Started process (PID=13752) to work on /opt/airflow/dags/minio_to_snowflake_dags.py
[2026-07-22T08:04:08.399+0000] {processor.py:830} INFO - Processing file /opt/airflow/dags/minio_to_snowflake_dags.py for tasks to queue
[2026-07-22T08:04:08.402+0000] {logging_mixin.py:188} INFO - [2026-07-22T08:04:08.401+0000] {dagbag.py:545} INFO - Filling up the DagBag from /opt/airflow/dags/minio_to_snowflake_dags.py
[2026-07-22T08:04:10.945+0000] {processor.py:840} INFO - DAG(s) 'minio_to_snowflake_banking' retrieved from /opt/airflow/dags/minio_to_snowflake_dags.py
[2026-07-22T08:04:11.016+0000] {logging_mixin.py:188} INFO - [2026-07-22T08:04:11.015+0000] {dag.py:3089} INFO - Sync 1 DAGs
[2026-07-22T08:04:11.197+0000] {logging_mixin.py:188} INFO - [2026-07-22T08:04:11.196+0000] {dag.py:3947} INFO - Setting next_dagrun for minio_to_snowflake_banking to 2026-07-22 08:04:00+00:00, run_after=2026-07-22 08:05:00+00:00
[2026-07-22T08:04:11.301+0000] {processor.py:183} INFO - Processing /opt/airflow/dags/minio_to_snowflake_dags.py took 2.926 seconds
[2026-07-22T08:04:41.966+0000] {processor.py:161} INFO - Started process (PID=13843) to work on /opt/airflow/dags/minio_to_snowflake_dags.py
[2026-07-22T08:04:41.970+0000] {processor.py:830} INFO - Processing file /opt/airflow/dags/minio_to_snowflake_dags.py for tasks to queue
[2026-07-22T08:04:41.973+0000] {logging_mixin.py:188} INFO - [2026-07-22T08:04:41.972+0000] {dagbag.py:545} INFO - Filling up the DagBag from /opt/airflow/dags/minio_to_snowflake_dags.py
[2026-07-22T08:04:44.216+0000] {processor.py:840} INFO - DAG(s) 'minio_to_snowflake_banking' retrieved from /opt/airflow/dags/minio_to_snowflake_dags.py
[2026-07-22T08:04:44.282+0000] {logging_mixin.py:188} INFO - [2026-07-22T08:04:44.281+0000] {dag.py:3089} INFO - Sync 1 DAGs
[2026-07-22T08:04:44.329+0000] {logging_mixin.py:188} INFO - [2026-07-22T08:04:44.329+0000] {dag.py:3947} INFO - Setting next_dagrun for minio_to_snowflake_banking to 2026-07-22 08:04:00+00:00, run_after=2026-07-22 08:05:00+00:00
[2026-07-22T08:04:44.371+0000] {processor.py:183} INFO - Processing /opt/airflow/dags/minio_to_snowflake_dags.py took 2.427 seconds
[2026-07-22T08:05:14.646+0000] {processor.py:161} INFO - Started process (PID=13887) to work on /opt/airflow/dags/minio_to_snowflake_dags.py
[2026-07-22T08:05:14.649+0000] {processor.py:830} INFO - Processing file /opt/airflow/dags/minio_to_snowflake_dags.py for tasks to queue
[2026-07-22T08:05:14.653+0000] {logging_mixin.py:188} INFO - [2026-07-22T08:05:14.651+0000] {dagbag.py:545} INFO - Filling up the DagBag from /opt/airflow/dags/minio_to_snowflake_dags.py
[2026-07-22T08:05:16.620+0000] {processor.py:840} INFO - DAG(s) 'minio_to_snowflake_banking' retrieved from /opt/airflow/dags/minio_to_snowflake_dags.py
[2026-07-22T08:05:16.680+0000] {logging_mixin.py:188} INFO - [2026-07-22T08:05:16.679+0000] {dag.py:3089} INFO - Sync 1 DAGs
[2026-07-22T08:05:16.739+0000] {logging_mixin.py:188} INFO - [2026-07-22T08:05:16.738+0000] {dag.py:3947} INFO - Setting next_dagrun for minio_to_snowflake_banking to 2026-07-22 08:04:00+00:00, run_after=2026-07-22 08:05:00+00:00
[2026-07-22T08:05:16.780+0000] {processor.py:183} INFO - Processing /opt/airflow/dags/minio_to_snowflake_dags.py took 2.152 seconds
[2026-07-22T08:05:47.065+0000] {processor.py:161} INFO - Started process (PID=13931) to work on /opt/airflow/dags/minio_to_snowflake_dags.py
[2026-07-22T08:05:47.068+0000] {processor.py:830} INFO - Processing file /opt/airflow/dags/minio_to_snowflake_dags.py for tasks to queue
[2026-07-22T08:05:47.072+0000] {logging_mixin.py:188} INFO - [2026-07-22T08:05:47.071+0000] {dagbag.py:545} INFO - Filling up the DagBag from /opt/airflow/dags/minio_to_snowflake_dags.py
[2026-07-22T08:05:48.918+0000] {processor.py:840} INFO - DAG(s) 'minio_to_snowflake_banking' retrieved from /opt/airflow/dags/minio_to_snowflake_dags.py
[2026-07-22T08:05:48.983+0000] {logging_mixin.py:188} INFO - [2026-07-22T08:05:48.982+0000] {dag.py:3089} INFO - Sync 1 DAGs
[2026-07-22T08:05:49.028+0000] {logging_mixin.py:188} INFO - [2026-07-22T08:05:49.028+0000] {dag.py:3947} INFO - Setting next_dagrun for minio_to_snowflake_banking to 2026-07-22 08:05:00+00:00, run_after=2026-07-22 08:06:00+00:00
[2026-07-22T08:05:49.066+0000] {processor.py:183} INFO - Processing /opt/airflow/dags/minio_to_snowflake_dags.py took 2.023 seconds
[2026-07-22T08:06:19.775+0000] {processor.py:161} INFO - Started process (PID=14025) to work on /opt/airflow/dags/minio_to_snowflake_dags.py
[2026-07-22T08:06:19.778+0000] {processor.py:830} INFO - Processing file /opt/airflow/dags/minio_to_snowflake_dags.py for tasks to queue
[2026-07-22T08:06:19.783+0000] {logging_mixin.py:188} INFO - [2026-07-22T08:06:19.781+0000] {dagbag.py:545} INFO - Filling up the DagBag from /opt/airflow/dags/minio_to_snowflake_dags.py
[2026-07-22T08:06:21.656+0000] {processor.py:840} INFO - DAG(s) 'minio_to_snowflake_banking' retrieved from /opt/airflow/dags/minio_to_snowflake_dags.py
[2026-07-22T08:06:21.742+0000] {logging_mixin.py:188} INFO - [2026-07-22T08:06:21.737+0000] {dag.py:3089} INFO - Sync 1 DAGs
[2026-07-22T08:06:21.823+0000] {logging_mixin.py:188} INFO - [2026-07-22T08:06:21.823+0000] {dag.py:3947} INFO - Setting next_dagrun for minio_to_snowflake_banking to 2026-07-22 08:06:00+00:00, run_after=2026-07-22 08:07:00+00:00
[2026-07-22T08:06:21.867+0000] {processor.py:183} INFO - Processing /opt/airflow/dags/minio_to_snowflake_dags.py took 2.120 seconds
[2026-07-22T08:06:52.435+0000] {processor.py:161} INFO - Started process (PID=14118) to work on /opt/airflow/dags/minio_to_snowflake_dags.py
[2026-07-22T08:06:52.438+0000] {processor.py:830} INFO - Processing file /opt/airflow/dags/minio_to_snowflake_dags.py for tasks to queue
[2026-07-22T08:06:52.441+0000] {logging_mixin.py:188} INFO - [2026-07-22T08:06:52.440+0000] {dagbag.py:545} INFO - Filling up the DagBag from /opt/airflow/dags/minio_to_snowflake_dags.py
[2026-07-22T08:06:54.381+0000] {processor.py:840} INFO - DAG(s) 'minio_to_snowflake_banking' retrieved from /opt/airflow/dags/minio_to_snowflake_dags.py
[2026-07-22T08:06:54.446+0000] {logging_mixin.py:188} INFO - [2026-07-22T08:06:54.444+0000] {dag.py:3089} INFO - Sync 1 DAGs
[2026-07-22T08:06:54.496+0000] {logging_mixin.py:188} INFO - [2026-07-22T08:06:54.496+0000] {dag.py:3947} INFO - Setting next_dagrun for minio_to_snowflake_banking to 2026-07-22 08:06:00+00:00, run_after=2026-07-22 08:07:00+00:00
[2026-07-22T08:06:54.544+0000] {processor.py:183} INFO - Processing /opt/airflow/dags/minio_to_snowflake_dags.py took 2.127 seconds
[2026-07-22T08:07:24.921+0000] {processor.py:161} INFO - Started process (PID=14195) to work on /opt/airflow/dags/minio_to_snowflake_dags.py
[2026-07-22T08:07:24.925+0000] {processor.py:830} INFO - Processing file /opt/airflow/dags/minio_to_snowflake_dags.py for tasks to queue
[2026-07-22T08:07:24.930+0000] {logging_mixin.py:188} INFO - [2026-07-22T08:07:24.928+0000] {dagbag.py:545} INFO - Filling up the DagBag from /opt/airflow/dags/minio_to_snowflake_dags.py
[2026-07-22T08:07:28.432+0000] {processor.py:840} INFO - DAG(s) 'minio_to_snowflake_banking' retrieved from /opt/airflow/dags/minio_to_snowflake_dags.py
[2026-07-22T08:07:28.594+0000] {logging_mixin.py:188} INFO - [2026-07-22T08:07:28.593+0000] {dag.py:3089} INFO - Sync 1 DAGs
[2026-07-22T08:07:28.751+0000] {logging_mixin.py:188} INFO - [2026-07-22T08:07:28.749+0000] {dag.py:3947} INFO - Setting next_dagrun for minio_to_snowflake_banking to 2026-07-22 08:07:00+00:00, run_after=2026-07-22 08:08:00+00:00
[2026-07-22T08:07:28.825+0000] {processor.py:183} INFO - Processing /opt/airflow/dags/minio_to_snowflake_dags.py took 3.939 seconds
[2026-07-22T08:07:59.102+0000] {processor.py:161} INFO - Started process (PID=14217) to work on /opt/airflow/dags/minio_to_snowflake_dags.py
[2026-07-22T08:07:59.108+0000] {processor.py:830} INFO - Processing file /opt/airflow/dags/minio_to_snowflake_dags.py for tasks to queue
[2026-07-22T08:07:59.114+0000] {logging_mixin.py:188} INFO - [2026-07-22T08:07:59.112+0000] {dagbag.py:545} INFO - Filling up the DagBag from /opt/airflow/dags/minio_to_snowflake_dags.py
[2026-07-22T08:08:01.296+0000] {processor.py:840} INFO - DAG(s) 'minio_to_snowflake_banking' retrieved from /opt/airflow/dags/minio_to_snowflake_dags.py
[2026-07-22T08:08:01.352+0000] {logging_mixin.py:188} INFO - [2026-07-22T08:08:01.351+0000] {dag.py:3089} INFO - Sync 1 DAGs
[2026-07-22T08:08:01.403+0000] {logging_mixin.py:188} INFO - [2026-07-22T08:08:01.403+0000] {dag.py:3947} INFO - Setting next_dagrun for minio_to_snowflake_banking to 2026-07-22 08:08:00+00:00, run_after=2026-07-22 08:09:00+00:00
[2026-07-22T08:08:01.447+0000] {processor.py:183} INFO - Processing /opt/airflow/dags/minio_to_snowflake_dags.py took 2.363 seconds
[2026-07-22T08:08:31.869+0000] {processor.py:161} INFO - Started process (PID=14311) to work on /opt/airflow/dags/minio_to_snowflake_dags.py
[2026-07-22T08:08:31.881+0000] {processor.py:830} INFO - Processing file /opt/airflow/dags/minio_to_snowflake_dags.py for tasks to queue
[2026-07-22T08:08:31.884+0000] {logging_mixin.py:188} INFO - [2026-07-22T08:08:31.883+0000] {dagbag.py:545} INFO - Filling up the DagBag from /opt/airflow/dags/minio_to_snowflake_dags.py
[2026-07-22T08:08:33.897+0000] {processor.py:840} INFO - DAG(s) 'minio_to_snowflake_banking' retrieved from /opt/airflow/dags/minio_to_snowflake_dags.py
[2026-07-22T08:08:33.956+0000] {logging_mixin.py:188} INFO - [2026-07-22T08:08:33.955+0000] {dag.py:3089} INFO - Sync 1 DAGs
[2026-07-22T08:08:34.010+0000] {logging_mixin.py:188} INFO - [2026-07-22T08:08:34.010+0000] {dag.py:3947} INFO - Setting next_dagrun for minio_to_snowflake_banking to 2026-07-22 08:08:00+00:00, run_after=2026-07-22 08:09:00+00:00
[2026-07-22T08:08:34.066+0000] {processor.py:183} INFO - Processing /opt/airflow/dags/minio_to_snowflake_dags.py took 2.227 seconds
[2026-07-22T08:09:04.421+0000] {processor.py:161} INFO - Started process (PID=14317) to work on /opt/airflow/dags/minio_to_snowflake_dags.py
[2026-07-22T08:09:04.424+0000] {processor.py:830} INFO - Processing file /opt/airflow/dags/minio_to_snowflake_dags.py for tasks to queue
[2026-07-22T08:09:04.429+0000] {logging_mixin.py:188} INFO - [2026-07-22T08:09:04.428+0000] {dagbag.py:545} INFO - Filling up the DagBag from /opt/airflow/dags/minio_to_snowflake_dags.py
[2026-07-22T08:09:06.662+0000] {processor.py:840} INFO - DAG(s) 'minio_to_snowflake_banking' retrieved from /opt/airflow/dags/minio_to_snowflake_dags.py
[2026-07-22T08:09:06.725+0000] {logging_mixin.py:188} INFO - [2026-07-22T08:09:06.725+0000] {dag.py:3089} INFO - Sync 1 DAGs
[2026-07-22T08:09:06.775+0000] {logging_mixin.py:188} INFO - [2026-07-22T08:09:06.774+0000] {dag.py:3947} INFO - Setting next_dagrun for minio_to_snowflake_banking to 2026-07-22 08:09:00+00:00, run_after=2026-07-22 08:10:00+00:00
[2026-07-22T08:09:06.843+0000] {processor.py:183} INFO - Processing /opt/airflow/dags/minio_to_snowflake_dags.py took 2.469 seconds
[2026-07-22T08:09:37.165+0000] {processor.py:161} INFO - Started process (PID=14409) to work on /opt/airflow/dags/minio_to_snowflake_dags.py
[2026-07-22T08:09:37.168+0000] {processor.py:830} INFO - Processing file /opt/airflow/dags/minio_to_snowflake_dags.py for tasks to queue
[2026-07-22T08:09:37.171+0000] {logging_mixin.py:188} INFO - [2026-07-22T08:09:37.170+0000] {dagbag.py:545} INFO - Filling up the DagBag from /opt/airflow/dags/minio_to_snowflake_dags.py
[2026-07-22T08:09:39.029+0000] {processor.py:840} INFO - DAG(s) 'minio_to_snowflake_banking' retrieved from /opt/airflow/dags/minio_to_snowflake_dags.py
[2026-07-22T08:09:39.082+0000] {logging_mixin.py:188} INFO - [2026-07-22T08:09:39.082+0000] {dag.py:3089} INFO - Sync 1 DAGs
[2026-07-22T08:09:39.137+0000] {logging_mixin.py:188} INFO - [2026-07-22T08:09:39.136+0000] {dag.py:3947} INFO - Setting next_dagrun for minio_to_snowflake_banking to 2026-07-22 08:09:00+00:00, run_after=2026-07-22 08:10:00+00:00
[2026-07-22T08:09:39.178+0000] {processor.py:183} INFO - Processing /opt/airflow/dags/minio_to_snowflake_dags.py took 2.032 seconds
[2026-07-22T08:10:09.888+0000] {processor.py:161} INFO - Started process (PID=14434) to work on /opt/airflow/dags/minio_to_snowflake_dags.py
[2026-07-22T08:10:09.891+0000] {processor.py:830} INFO - Processing file /opt/airflow/dags/minio_to_snowflake_dags.py for tasks to queue
[2026-07-22T08:10:09.894+0000] {logging_mixin.py:188} INFO - [2026-07-22T08:10:09.893+0000] {dagbag.py:545} INFO - Filling up the DagBag from /opt/airflow/dags/minio_to_snowflake_dags.py
[2026-07-22T08:10:13.947+0000] {processor.py:840} INFO - DAG(s) 'minio_to_snowflake_banking' retrieved from /opt/airflow/dags/minio_to_snowflake_dags.py
[2026-07-22T08:10:14.005+0000] {logging_mixin.py:188} INFO - [2026-07-22T08:10:14.004+0000] {dag.py:3089} INFO - Sync 1 DAGs
[2026-07-22T08:10:14.057+0000] {logging_mixin.py:188} INFO - [2026-07-22T08:10:14.057+0000] {dag.py:3947} INFO - Setting next_dagrun for minio_to_snowflake_banking to 2026-07-22 08:10:00+00:00, run_after=2026-07-22 08:11:00+00:00
[2026-07-22T08:10:14.118+0000] {processor.py:183} INFO - Processing /opt/airflow/dags/minio_to_snowflake_dags.py took 3.138 seconds
[2026-07-22T08:10:44.554+0000] {processor.py:161} INFO - Started process (PID=14509) to work on /opt/airflow/dags/minio_to_snowflake_dags.py
[2026-07-22T08:10:44.558+0000] {processor.py:830} INFO - Processing file /opt/airflow/dags/minio_to_snowflake_dags.py for tasks to queue
[2026-07-22T08:10:44.561+0000] {logging_mixin.py:188} INFO - [2026-07-22T08:10:44.560+0000] {dagbag.py:545} INFO - Filling up the DagBag from /opt/airflow/dags/minio_to_snowflake_dags.py
[2026-07-22T08:10:46.283+0000] {processor.py:840} INFO - DAG(s) 'minio_to_snowflake_banking' retrieved from /opt/airflow/dags/minio_to_snowflake_dags.py
[2026-07-22T08:10:46.341+0000] {logging_mixin.py:188} INFO - [2026-07-22T08:10:46.340+0000] {dag.py:3089} INFO - Sync 1 DAGs
[2026-07-22T08:10:46.387+0000] {logging_mixin.py:188} INFO - [2026-07-22T08:10:46.386+0000] {dag.py:3947} INFO - Setting next_dagrun for minio_to_snowflake_banking to 2026-07-22 08:10:00+00:00, run_after=2026-07-22 08:11:00+00:00
[2026-07-22T08:10:46.429+0000] {processor.py:183} INFO - Processing /opt/airflow/dags/minio_to_snowflake_dags.py took 1.897 seconds
[2026-07-22T08:11:16.986+0000] {processor.py:161} INFO - Started process (PID=14565) to work on /opt/airflow/dags/minio_to_snowflake_dags.py
[2026-07-22T08:11:16.993+0000] {processor.py:830} INFO - Processing file /opt/airflow/dags/minio_to_snowflake_dags.py for tasks to queue
[2026-07-22T08:11:16.999+0000] {logging_mixin.py:188} INFO - [2026-07-22T08:11:16.998+0000] {dagbag.py:545} INFO - Filling up the DagBag from /opt/airflow/dags/minio_to_snowflake_dags.py
[2026-07-22T08:11:19.057+0000] {processor.py:840} INFO - DAG(s) 'minio_to_snowflake_banking' retrieved from /opt/airflow/dags/minio_to_snowflake_dags.py
[2026-07-22T08:11:19.152+0000] {logging_mixin.py:188} INFO - [2026-07-22T08:11:19.151+0000] {dag.py:3089} INFO - Sync 1 DAGs
[2026-07-22T08:11:19.216+0000] {logging_mixin.py:188} INFO - [2026-07-22T08:11:19.215+0000] {dag.py:3947} INFO - Setting next_dagrun for minio_to_snowflake_banking to 2026-07-22 08:11:00+00:00, run_after=2026-07-22 08:12:00+00:00
[2026-07-22T08:11:19.263+0000] {processor.py:183} INFO - Processing /opt/airflow/dags/minio_to_snowflake_dags.py took 2.315 seconds
