[2026-07-21T07:26:18.333+0000] {processor.py:161} INFO - Started process (PID=29) to work on /opt/airflow/dags/minio_to_snowflake_dags.py
[2026-07-21T07:26:18.341+0000] {processor.py:830} INFO - Processing file /opt/airflow/dags/minio_to_snowflake_dags.py for tasks to queue
[2026-07-21T07:26:18.492+0000] {logging_mixin.py:188} INFO - [2026-07-21T07:26:18.461+0000] {dagbag.py:545} INFO - Filling up the DagBag from /opt/airflow/dags/minio_to_snowflake_dags.py
[2026-07-21T07:26:49.871+0000] {logging_mixin.py:188} INFO - [2026-07-21T07:26:49.869+0000] {timeout.py:68} ERROR - Process timed out, PID: 29
[2026-07-21T07:27:20.905+0000] {processor.py:161} INFO - Started process (PID=33) to work on /opt/airflow/dags/minio_to_snowflake_dags.py
[2026-07-21T07:27:20.920+0000] {processor.py:830} INFO - Processing file /opt/airflow/dags/minio_to_snowflake_dags.py for tasks to queue
[2026-07-21T07:27:20.985+0000] {logging_mixin.py:188} INFO - [2026-07-21T07:27:20.975+0000] {dagbag.py:545} INFO - Filling up the DagBag from /opt/airflow/dags/minio_to_snowflake_dags.py
[2026-07-21T07:27:37.409+0000] {processor.py:840} INFO - DAG(s) 'minio_to_snowflake_banking' retrieved from /opt/airflow/dags/minio_to_snowflake_dags.py
[2026-07-21T07:27:39.389+0000] {logging_mixin.py:188} INFO - [2026-07-21T07:27:39.384+0000] {override.py:1858} INFO - Created Permission View: can edit on DAG:minio_to_snowflake_banking
[2026-07-21T07:27:39.443+0000] {logging_mixin.py:188} INFO - [2026-07-21T07:27:39.442+0000] {override.py:1858} INFO - Created Permission View: can read on DAG:minio_to_snowflake_banking
[2026-07-21T07:27:39.470+0000] {logging_mixin.py:188} INFO - [2026-07-21T07:27:39.470+0000] {override.py:1858} INFO - Created Permission View: can delete on DAG:minio_to_snowflake_banking
[2026-07-21T07:27:39.476+0000] {logging_mixin.py:188} INFO - [2026-07-21T07:27:39.475+0000] {dag.py:3089} INFO - Sync 1 DAGs
[2026-07-21T07:27:39.606+0000] {logging_mixin.py:188} INFO - [2026-07-21T07:27:39.598+0000] {dag.py:3111} INFO - Creating ORM DAG for minio_to_snowflake_banking
[2026-07-21T07:27:39.684+0000] {logging_mixin.py:188} INFO - [2026-07-21T07:27:39.683+0000] {dag.py:3947} INFO - Setting next_dagrun for minio_to_snowflake_banking to 2026-07-21 07:26:00+00:00, run_after=2026-07-21 07:27:00+00:00
[2026-07-21T07:27:39.755+0000] {processor.py:183} INFO - Processing /opt/airflow/dags/minio_to_snowflake_dags.py took 18.235 seconds
[2026-07-21T07:28:10.425+0000] {processor.py:161} INFO - Started process (PID=38) to work on /opt/airflow/dags/minio_to_snowflake_dags.py
[2026-07-21T07:28:10.454+0000] {processor.py:830} INFO - Processing file /opt/airflow/dags/minio_to_snowflake_dags.py for tasks to queue
[2026-07-21T07:28:10.534+0000] {logging_mixin.py:188} INFO - [2026-07-21T07:28:10.526+0000] {dagbag.py:545} INFO - Filling up the DagBag from /opt/airflow/dags/minio_to_snowflake_dags.py
[2026-07-21T07:28:23.672+0000] {processor.py:840} INFO - DAG(s) 'minio_to_snowflake_banking' retrieved from /opt/airflow/dags/minio_to_snowflake_dags.py
[2026-07-21T07:28:23.886+0000] {logging_mixin.py:188} INFO - [2026-07-21T07:28:23.885+0000] {dag.py:3089} INFO - Sync 1 DAGs
[2026-07-21T07:28:24.047+0000] {logging_mixin.py:188} INFO - [2026-07-21T07:28:24.047+0000] {dag.py:3947} INFO - Setting next_dagrun for minio_to_snowflake_banking to 2026-07-21 07:27:00+00:00, run_after=2026-07-21 07:28:00+00:00
[2026-07-21T07:28:24.130+0000] {processor.py:183} INFO - Processing /opt/airflow/dags/minio_to_snowflake_dags.py took 13.980 seconds
[2026-07-21T07:28:54.803+0000] {processor.py:161} INFO - Started process (PID=120) to work on /opt/airflow/dags/minio_to_snowflake_dags.py
[2026-07-21T07:28:54.807+0000] {processor.py:830} INFO - Processing file /opt/airflow/dags/minio_to_snowflake_dags.py for tasks to queue
[2026-07-21T07:28:54.814+0000] {logging_mixin.py:188} INFO - [2026-07-21T07:28:54.813+0000] {dagbag.py:545} INFO - Filling up the DagBag from /opt/airflow/dags/minio_to_snowflake_dags.py
[2026-07-21T07:28:58.703+0000] {processor.py:840} INFO - DAG(s) 'minio_to_snowflake_banking' retrieved from /opt/airflow/dags/minio_to_snowflake_dags.py
[2026-07-21T07:28:58.847+0000] {logging_mixin.py:188} INFO - [2026-07-21T07:28:58.845+0000] {dag.py:3089} INFO - Sync 1 DAGs
[2026-07-21T07:28:58.994+0000] {logging_mixin.py:188} INFO - [2026-07-21T07:28:58.993+0000] {dag.py:3947} INFO - Setting next_dagrun for minio_to_snowflake_banking to 2026-07-21 07:28:00+00:00, run_after=2026-07-21 07:29:00+00:00
[2026-07-21T07:28:59.082+0000] {processor.py:183} INFO - Processing /opt/airflow/dags/minio_to_snowflake_dags.py took 4.298 seconds
[2026-07-21T07:29:29.682+0000] {processor.py:161} INFO - Started process (PID=180) to work on /opt/airflow/dags/minio_to_snowflake_dags.py
[2026-07-21T07:29:29.688+0000] {processor.py:830} INFO - Processing file /opt/airflow/dags/minio_to_snowflake_dags.py for tasks to queue
[2026-07-21T07:29:29.698+0000] {logging_mixin.py:188} INFO - [2026-07-21T07:29:29.695+0000] {dagbag.py:545} INFO - Filling up the DagBag from /opt/airflow/dags/minio_to_snowflake_dags.py
[2026-07-21T07:29:31.917+0000] {processor.py:840} INFO - DAG(s) 'minio_to_snowflake_banking' retrieved from /opt/airflow/dags/minio_to_snowflake_dags.py
[2026-07-21T07:29:31.980+0000] {logging_mixin.py:188} INFO - [2026-07-21T07:29:31.979+0000] {dag.py:3089} INFO - Sync 1 DAGs
[2026-07-21T07:29:32.046+0000] {logging_mixin.py:188} INFO - [2026-07-21T07:29:32.046+0000] {dag.py:3947} INFO - Setting next_dagrun for minio_to_snowflake_banking to 2026-07-21 07:29:00+00:00, run_after=2026-07-21 07:30:00+00:00
[2026-07-21T07:29:32.091+0000] {processor.py:183} INFO - Processing /opt/airflow/dags/minio_to_snowflake_dags.py took 2.502 seconds
[2026-07-21T07:30:02.327+0000] {processor.py:161} INFO - Started process (PID=243) to work on /opt/airflow/dags/minio_to_snowflake_dags.py
[2026-07-21T07:30:02.331+0000] {processor.py:830} INFO - Processing file /opt/airflow/dags/minio_to_snowflake_dags.py for tasks to queue
[2026-07-21T07:30:02.338+0000] {logging_mixin.py:188} INFO - [2026-07-21T07:30:02.336+0000] {dagbag.py:545} INFO - Filling up the DagBag from /opt/airflow/dags/minio_to_snowflake_dags.py
[2026-07-21T07:30:04.325+0000] {processor.py:840} INFO - DAG(s) 'minio_to_snowflake_banking' retrieved from /opt/airflow/dags/minio_to_snowflake_dags.py
[2026-07-21T07:30:04.390+0000] {logging_mixin.py:188} INFO - [2026-07-21T07:30:04.390+0000] {dag.py:3089} INFO - Sync 1 DAGs
[2026-07-21T07:30:04.446+0000] {logging_mixin.py:188} INFO - [2026-07-21T07:30:04.445+0000] {dag.py:3947} INFO - Setting next_dagrun for minio_to_snowflake_banking to 2026-07-21 07:30:00+00:00, run_after=2026-07-21 07:31:00+00:00
[2026-07-21T07:30:04.493+0000] {processor.py:183} INFO - Processing /opt/airflow/dags/minio_to_snowflake_dags.py took 2.191 seconds
[2026-07-21T07:30:35.241+0000] {processor.py:161} INFO - Started process (PID=308) to work on /opt/airflow/dags/minio_to_snowflake_dags.py
[2026-07-21T07:30:35.244+0000] {processor.py:830} INFO - Processing file /opt/airflow/dags/minio_to_snowflake_dags.py for tasks to queue
[2026-07-21T07:30:35.249+0000] {logging_mixin.py:188} INFO - [2026-07-21T07:30:35.248+0000] {dagbag.py:545} INFO - Filling up the DagBag from /opt/airflow/dags/minio_to_snowflake_dags.py
[2026-07-21T07:30:36.959+0000] {processor.py:840} INFO - DAG(s) 'minio_to_snowflake_banking' retrieved from /opt/airflow/dags/minio_to_snowflake_dags.py
[2026-07-21T07:30:37.016+0000] {logging_mixin.py:188} INFO - [2026-07-21T07:30:37.015+0000] {dag.py:3089} INFO - Sync 1 DAGs
[2026-07-21T07:30:37.061+0000] {logging_mixin.py:188} INFO - [2026-07-21T07:30:37.060+0000] {dag.py:3947} INFO - Setting next_dagrun for minio_to_snowflake_banking to 2026-07-21 07:30:00+00:00, run_after=2026-07-21 07:31:00+00:00
[2026-07-21T07:30:37.104+0000] {processor.py:183} INFO - Processing /opt/airflow/dags/minio_to_snowflake_dags.py took 1.881 seconds
[2026-07-21T07:31:07.717+0000] {processor.py:161} INFO - Started process (PID=326) to work on /opt/airflow/dags/minio_to_snowflake_dags.py
[2026-07-21T07:31:07.721+0000] {processor.py:830} INFO - Processing file /opt/airflow/dags/minio_to_snowflake_dags.py for tasks to queue
[2026-07-21T07:31:07.729+0000] {logging_mixin.py:188} INFO - [2026-07-21T07:31:07.728+0000] {dagbag.py:545} INFO - Filling up the DagBag from /opt/airflow/dags/minio_to_snowflake_dags.py
[2026-07-21T07:31:10.670+0000] {processor.py:840} INFO - DAG(s) 'minio_to_snowflake_banking' retrieved from /opt/airflow/dags/minio_to_snowflake_dags.py
[2026-07-21T07:31:10.825+0000] {logging_mixin.py:188} INFO - [2026-07-21T07:31:10.824+0000] {dag.py:3089} INFO - Sync 1 DAGs
[2026-07-21T07:31:10.919+0000] {logging_mixin.py:188} INFO - [2026-07-21T07:31:10.918+0000] {dag.py:3947} INFO - Setting next_dagrun for minio_to_snowflake_banking to 2026-07-21 07:31:00+00:00, run_after=2026-07-21 07:32:00+00:00
[2026-07-21T07:31:11.013+0000] {processor.py:183} INFO - Processing /opt/airflow/dags/minio_to_snowflake_dags.py took 3.328 seconds
[2026-07-21T07:31:41.307+0000] {processor.py:161} INFO - Started process (PID=377) to work on /opt/airflow/dags/minio_to_snowflake_dags.py
[2026-07-21T07:31:41.310+0000] {processor.py:830} INFO - Processing file /opt/airflow/dags/minio_to_snowflake_dags.py for tasks to queue
[2026-07-21T07:31:41.317+0000] {logging_mixin.py:188} INFO - [2026-07-21T07:31:41.316+0000] {dagbag.py:545} INFO - Filling up the DagBag from /opt/airflow/dags/minio_to_snowflake_dags.py
[2026-07-21T07:31:43.210+0000] {processor.py:840} INFO - DAG(s) 'minio_to_snowflake_banking' retrieved from /opt/airflow/dags/minio_to_snowflake_dags.py
[2026-07-21T07:27:55.698+0000] {logging_mixin.py:188} INFO - [2026-07-21T07:27:55.696+0000] {dag.py:3089} INFO - Sync 1 DAGs
[2026-07-21T07:27:55.759+0000] {logging_mixin.py:188} INFO - [2026-07-21T07:27:55.758+0000] {dag.py:3947} INFO - Setting next_dagrun for minio_to_snowflake_banking to 2026-07-21 07:31:00+00:00, run_after=2026-07-21 07:32:00+00:00
[2026-07-21T07:27:55.806+0000] {processor.py:183} INFO - Processing /opt/airflow/dags/minio_to_snowflake_dags.py took 2.146 seconds
[2026-07-21T07:31:45.086+0000] {processor.py:161} INFO - Started process (PID=381) to work on /opt/airflow/dags/minio_to_snowflake_dags.py
[2026-07-21T07:31:45.089+0000] {processor.py:830} INFO - Processing file /opt/airflow/dags/minio_to_snowflake_dags.py for tasks to queue
[2026-07-21T07:31:45.094+0000] {logging_mixin.py:188} INFO - [2026-07-21T07:31:45.093+0000] {dagbag.py:545} INFO - Filling up the DagBag from /opt/airflow/dags/minio_to_snowflake_dags.py
[2026-07-21T07:31:46.843+0000] {processor.py:840} INFO - DAG(s) 'minio_to_snowflake_banking' retrieved from /opt/airflow/dags/minio_to_snowflake_dags.py
[2026-07-21T07:31:46.915+0000] {logging_mixin.py:188} INFO - [2026-07-21T07:31:46.914+0000] {dag.py:3089} INFO - Sync 1 DAGs
[2026-07-21T07:31:46.967+0000] {logging_mixin.py:188} INFO - [2026-07-21T07:31:46.967+0000] {dag.py:3947} INFO - Setting next_dagrun for minio_to_snowflake_banking to 2026-07-21 07:31:00+00:00, run_after=2026-07-21 07:32:00+00:00
[2026-07-21T07:31:47.009+0000] {processor.py:183} INFO - Processing /opt/airflow/dags/minio_to_snowflake_dags.py took 1.940 seconds
[2026-07-21T07:32:18.439+0000] {processor.py:161} INFO - Started process (PID=401) to work on /opt/airflow/dags/minio_to_snowflake_dags.py
[2026-07-21T07:32:18.447+0000] {processor.py:830} INFO - Processing file /opt/airflow/dags/minio_to_snowflake_dags.py for tasks to queue
[2026-07-21T07:32:18.482+0000] {logging_mixin.py:188} INFO - [2026-07-21T07:32:18.478+0000] {dagbag.py:545} INFO - Filling up the DagBag from /opt/airflow/dags/minio_to_snowflake_dags.py
[2026-07-21T07:32:23.219+0000] {processor.py:840} INFO - DAG(s) 'minio_to_snowflake_banking' retrieved from /opt/airflow/dags/minio_to_snowflake_dags.py
[2026-07-21T07:32:23.292+0000] {logging_mixin.py:188} INFO - [2026-07-21T07:32:23.291+0000] {dag.py:3089} INFO - Sync 1 DAGs
[2026-07-21T07:32:23.346+0000] {logging_mixin.py:188} INFO - [2026-07-21T07:32:23.345+0000] {dag.py:3947} INFO - Setting next_dagrun for minio_to_snowflake_banking to 2026-07-21 07:32:00+00:00, run_after=2026-07-21 07:33:00+00:00
[2026-07-21T07:32:23.393+0000] {processor.py:183} INFO - Processing /opt/airflow/dags/minio_to_snowflake_dags.py took 5.121 seconds
[2026-07-21T07:32:53.837+0000] {processor.py:161} INFO - Started process (PID=451) to work on /opt/airflow/dags/minio_to_snowflake_dags.py
[2026-07-21T07:32:53.841+0000] {processor.py:830} INFO - Processing file /opt/airflow/dags/minio_to_snowflake_dags.py for tasks to queue
[2026-07-21T07:32:53.846+0000] {logging_mixin.py:188} INFO - [2026-07-21T07:32:53.845+0000] {dagbag.py:545} INFO - Filling up the DagBag from /opt/airflow/dags/minio_to_snowflake_dags.py
[2026-07-21T07:32:55.760+0000] {processor.py:840} INFO - DAG(s) 'minio_to_snowflake_banking' retrieved from /opt/airflow/dags/minio_to_snowflake_dags.py
[2026-07-21T07:32:55.824+0000] {logging_mixin.py:188} INFO - [2026-07-21T07:32:55.823+0000] {dag.py:3089} INFO - Sync 1 DAGs
[2026-07-21T07:32:55.878+0000] {logging_mixin.py:188} INFO - [2026-07-21T07:32:55.877+0000] {dag.py:3947} INFO - Setting next_dagrun for minio_to_snowflake_banking to 2026-07-21 07:32:00+00:00, run_after=2026-07-21 07:33:00+00:00
[2026-07-21T07:32:55.927+0000] {processor.py:183} INFO - Processing /opt/airflow/dags/minio_to_snowflake_dags.py took 2.110 seconds
[2026-07-21T07:33:26.753+0000] {processor.py:161} INFO - Started process (PID=509) to work on /opt/airflow/dags/minio_to_snowflake_dags.py
[2026-07-21T07:33:26.756+0000] {processor.py:830} INFO - Processing file /opt/airflow/dags/minio_to_snowflake_dags.py for tasks to queue
[2026-07-21T07:33:26.761+0000] {logging_mixin.py:188} INFO - [2026-07-21T07:33:26.760+0000] {dagbag.py:545} INFO - Filling up the DagBag from /opt/airflow/dags/minio_to_snowflake_dags.py
[2026-07-21T07:33:37.968+0000] {processor.py:840} INFO - DAG(s) 'minio_to_snowflake_banking' retrieved from /opt/airflow/dags/minio_to_snowflake_dags.py
[2026-07-21T07:33:38.024+0000] {logging_mixin.py:188} INFO - [2026-07-21T07:33:38.023+0000] {dag.py:3089} INFO - Sync 1 DAGs
[2026-07-21T07:33:38.072+0000] {logging_mixin.py:188} INFO - [2026-07-21T07:33:38.072+0000] {dag.py:3947} INFO - Setting next_dagrun for minio_to_snowflake_banking to 2026-07-21 07:33:00+00:00, run_after=2026-07-21 07:34:00+00:00
[2026-07-21T07:33:38.118+0000] {processor.py:183} INFO - Processing /opt/airflow/dags/minio_to_snowflake_dags.py took 11.382 seconds
[2026-07-21T07:34:08.901+0000] {processor.py:161} INFO - Started process (PID=535) to work on /opt/airflow/dags/minio_to_snowflake_dags.py
[2026-07-21T07:34:08.909+0000] {processor.py:830} INFO - Processing file /opt/airflow/dags/minio_to_snowflake_dags.py for tasks to queue
[2026-07-21T07:34:08.920+0000] {logging_mixin.py:188} INFO - [2026-07-21T07:34:08.919+0000] {dagbag.py:545} INFO - Filling up the DagBag from /opt/airflow/dags/minio_to_snowflake_dags.py
[2026-07-21T07:34:14.464+0000] {processor.py:840} INFO - DAG(s) 'minio_to_snowflake_banking' retrieved from /opt/airflow/dags/minio_to_snowflake_dags.py
[2026-07-21T07:34:14.547+0000] {logging_mixin.py:188} INFO - [2026-07-21T07:34:14.545+0000] {dag.py:3089} INFO - Sync 1 DAGs
[2026-07-21T07:34:14.623+0000] {logging_mixin.py:188} INFO - [2026-07-21T07:34:14.622+0000] {dag.py:3947} INFO - Setting next_dagrun for minio_to_snowflake_banking to 2026-07-21 07:34:00+00:00, run_after=2026-07-21 07:35:00+00:00
[2026-07-21T07:34:14.670+0000] {processor.py:183} INFO - Processing /opt/airflow/dags/minio_to_snowflake_dags.py took 5.833 seconds
[2026-07-21T07:34:45.245+0000] {processor.py:161} INFO - Started process (PID=586) to work on /opt/airflow/dags/minio_to_snowflake_dags.py
[2026-07-21T07:34:45.248+0000] {processor.py:830} INFO - Processing file /opt/airflow/dags/minio_to_snowflake_dags.py for tasks to queue
[2026-07-21T07:34:45.253+0000] {logging_mixin.py:188} INFO - [2026-07-21T07:34:45.252+0000] {dagbag.py:545} INFO - Filling up the DagBag from /opt/airflow/dags/minio_to_snowflake_dags.py
[2026-07-21T07:34:47.741+0000] {processor.py:840} INFO - DAG(s) 'minio_to_snowflake_banking' retrieved from /opt/airflow/dags/minio_to_snowflake_dags.py
[2026-07-21T07:34:47.806+0000] {logging_mixin.py:188} INFO - [2026-07-21T07:34:47.804+0000] {dag.py:3089} INFO - Sync 1 DAGs
[2026-07-21T07:34:47.882+0000] {logging_mixin.py:188} INFO - [2026-07-21T07:34:47.882+0000] {dag.py:3947} INFO - Setting next_dagrun for minio_to_snowflake_banking to 2026-07-21 07:34:00+00:00, run_after=2026-07-21 07:35:00+00:00
[2026-07-21T07:34:47.947+0000] {processor.py:183} INFO - Processing /opt/airflow/dags/minio_to_snowflake_dags.py took 2.721 seconds
[2026-07-21T07:35:18.518+0000] {processor.py:161} INFO - Started process (PID=623) to work on /opt/airflow/dags/minio_to_snowflake_dags.py
[2026-07-21T07:35:18.522+0000] {processor.py:830} INFO - Processing file /opt/airflow/dags/minio_to_snowflake_dags.py for tasks to queue
[2026-07-21T07:35:18.535+0000] {logging_mixin.py:188} INFO - [2026-07-21T07:35:18.531+0000] {dagbag.py:545} INFO - Filling up the DagBag from /opt/airflow/dags/minio_to_snowflake_dags.py
[2026-07-21T07:35:22.232+0000] {processor.py:840} INFO - DAG(s) 'minio_to_snowflake_banking' retrieved from /opt/airflow/dags/minio_to_snowflake_dags.py
[2026-07-21T07:35:22.492+0000] {logging_mixin.py:188} INFO - [2026-07-21T07:35:22.490+0000] {dag.py:3089} INFO - Sync 1 DAGs
[2026-07-21T07:35:22.725+0000] {logging_mixin.py:188} INFO - [2026-07-21T07:35:22.724+0000] {dag.py:3947} INFO - Setting next_dagrun for minio_to_snowflake_banking to 2026-07-21 07:35:00+00:00, run_after=2026-07-21 07:36:00+00:00
[2026-07-21T07:35:22.834+0000] {processor.py:183} INFO - Processing /opt/airflow/dags/minio_to_snowflake_dags.py took 3.586 seconds
[2026-07-21T07:35:54.376+0000] {processor.py:161} INFO - Started process (PID=656) to work on /opt/airflow/dags/minio_to_snowflake_dags.py
[2026-07-21T07:35:54.393+0000] {processor.py:830} INFO - Processing file /opt/airflow/dags/minio_to_snowflake_dags.py for tasks to queue
[2026-07-21T07:35:54.444+0000] {logging_mixin.py:188} INFO - [2026-07-21T07:35:54.437+0000] {dagbag.py:545} INFO - Filling up the DagBag from /opt/airflow/dags/minio_to_snowflake_dags.py
[2026-07-21T07:36:00.609+0000] {processor.py:840} INFO - DAG(s) 'minio_to_snowflake_banking' retrieved from /opt/airflow/dags/minio_to_snowflake_dags.py
[2026-07-21T07:36:00.722+0000] {logging_mixin.py:188} INFO - [2026-07-21T07:36:00.721+0000] {dag.py:3089} INFO - Sync 1 DAGs
[2026-07-21T07:36:00.827+0000] {logging_mixin.py:188} INFO - [2026-07-21T07:36:00.826+0000] {dag.py:3947} INFO - Setting next_dagrun for minio_to_snowflake_banking to 2026-07-21 07:36:00+00:00, run_after=2026-07-21 07:37:00+00:00
[2026-07-21T07:36:00.876+0000] {processor.py:183} INFO - Processing /opt/airflow/dags/minio_to_snowflake_dags.py took 6.668 seconds
[2026-07-21T07:36:31.689+0000] {processor.py:161} INFO - Started process (PID=717) to work on /opt/airflow/dags/minio_to_snowflake_dags.py
[2026-07-21T07:36:31.692+0000] {processor.py:830} INFO - Processing file /opt/airflow/dags/minio_to_snowflake_dags.py for tasks to queue
[2026-07-21T07:36:31.701+0000] {logging_mixin.py:188} INFO - [2026-07-21T07:36:31.699+0000] {dagbag.py:545} INFO - Filling up the DagBag from /opt/airflow/dags/minio_to_snowflake_dags.py
[2026-07-21T07:36:35.160+0000] {processor.py:840} INFO - DAG(s) 'minio_to_snowflake_banking' retrieved from /opt/airflow/dags/minio_to_snowflake_dags.py
[2026-07-21T07:36:35.221+0000] {logging_mixin.py:188} INFO - [2026-07-21T07:36:35.220+0000] {dag.py:3089} INFO - Sync 1 DAGs
[2026-07-21T07:36:35.272+0000] {logging_mixin.py:188} INFO - [2026-07-21T07:36:35.271+0000] {dag.py:3947} INFO - Setting next_dagrun for minio_to_snowflake_banking to 2026-07-21 07:36:00+00:00, run_after=2026-07-21 07:37:00+00:00
[2026-07-21T07:36:35.318+0000] {processor.py:183} INFO - Processing /opt/airflow/dags/minio_to_snowflake_dags.py took 3.658 seconds
[2026-07-21T07:37:05.825+0000] {processor.py:161} INFO - Started process (PID=726) to work on /opt/airflow/dags/minio_to_snowflake_dags.py
[2026-07-21T07:37:05.831+0000] {processor.py:830} INFO - Processing file /opt/airflow/dags/minio_to_snowflake_dags.py for tasks to queue
[2026-07-21T07:37:05.850+0000] {logging_mixin.py:188} INFO - [2026-07-21T07:37:05.846+0000] {dagbag.py:545} INFO - Filling up the DagBag from /opt/airflow/dags/minio_to_snowflake_dags.py
[2026-07-21T07:37:08.945+0000] {processor.py:840} INFO - DAG(s) 'minio_to_snowflake_banking' retrieved from /opt/airflow/dags/minio_to_snowflake_dags.py
[2026-07-21T07:37:09.033+0000] {logging_mixin.py:188} INFO - [2026-07-21T07:37:09.032+0000] {dag.py:3089} INFO - Sync 1 DAGs
[2026-07-21T07:37:09.108+0000] {logging_mixin.py:188} INFO - [2026-07-21T07:37:09.108+0000] {dag.py:3947} INFO - Setting next_dagrun for minio_to_snowflake_banking to 2026-07-21 07:37:00+00:00, run_after=2026-07-21 07:38:00+00:00
[2026-07-21T07:37:09.154+0000] {processor.py:183} INFO - Processing /opt/airflow/dags/minio_to_snowflake_dags.py took 3.374 seconds
[2026-07-21T07:37:39.684+0000] {processor.py:161} INFO - Started process (PID=791) to work on /opt/airflow/dags/minio_to_snowflake_dags.py
[2026-07-21T07:37:39.693+0000] {processor.py:830} INFO - Processing file /opt/airflow/dags/minio_to_snowflake_dags.py for tasks to queue
[2026-07-21T07:37:39.730+0000] {logging_mixin.py:188} INFO - [2026-07-21T07:37:39.725+0000] {dagbag.py:545} INFO - Filling up the DagBag from /opt/airflow/dags/minio_to_snowflake_dags.py
[2026-07-21T07:37:44.115+0000] {processor.py:840} INFO - DAG(s) 'minio_to_snowflake_banking' retrieved from /opt/airflow/dags/minio_to_snowflake_dags.py
[2026-07-21T07:37:44.292+0000] {logging_mixin.py:188} INFO - [2026-07-21T07:37:44.291+0000] {dag.py:3089} INFO - Sync 1 DAGs
[2026-07-21T07:37:44.346+0000] {logging_mixin.py:188} INFO - [2026-07-21T07:37:44.346+0000] {dag.py:3947} INFO - Setting next_dagrun for minio_to_snowflake_banking to 2026-07-21 07:37:00+00:00, run_after=2026-07-21 07:38:00+00:00
[2026-07-21T07:37:44.487+0000] {processor.py:183} INFO - Processing /opt/airflow/dags/minio_to_snowflake_dags.py took 4.900 seconds
[2026-07-21T07:38:15.483+0000] {processor.py:161} INFO - Started process (PID=828) to work on /opt/airflow/dags/minio_to_snowflake_dags.py
[2026-07-21T07:38:15.486+0000] {processor.py:830} INFO - Processing file /opt/airflow/dags/minio_to_snowflake_dags.py for tasks to queue
[2026-07-21T07:38:15.491+0000] {logging_mixin.py:188} INFO - [2026-07-21T07:38:15.490+0000] {dagbag.py:545} INFO - Filling up the DagBag from /opt/airflow/dags/minio_to_snowflake_dags.py
[2026-07-21T07:38:17.485+0000] {processor.py:840} INFO - DAG(s) 'minio_to_snowflake_banking' retrieved from /opt/airflow/dags/minio_to_snowflake_dags.py
[2026-07-21T07:38:17.549+0000] {logging_mixin.py:188} INFO - [2026-07-21T07:38:17.548+0000] {dag.py:3089} INFO - Sync 1 DAGs
[2026-07-21T07:38:17.601+0000] {logging_mixin.py:188} INFO - [2026-07-21T07:38:17.601+0000] {dag.py:3947} INFO - Setting next_dagrun for minio_to_snowflake_banking to 2026-07-21 07:38:00+00:00, run_after=2026-07-21 07:39:00+00:00
[2026-07-21T07:38:17.656+0000] {processor.py:183} INFO - Processing /opt/airflow/dags/minio_to_snowflake_dags.py took 2.189 seconds
[2026-07-21T07:38:47.935+0000] {processor.py:161} INFO - Started process (PID=861) to work on /opt/airflow/dags/minio_to_snowflake_dags.py
[2026-07-21T07:38:47.939+0000] {processor.py:830} INFO - Processing file /opt/airflow/dags/minio_to_snowflake_dags.py for tasks to queue
[2026-07-21T07:38:47.945+0000] {logging_mixin.py:188} INFO - [2026-07-21T07:38:47.944+0000] {dagbag.py:545} INFO - Filling up the DagBag from /opt/airflow/dags/minio_to_snowflake_dags.py
[2026-07-21T07:38:49.813+0000] {processor.py:840} INFO - DAG(s) 'minio_to_snowflake_banking' retrieved from /opt/airflow/dags/minio_to_snowflake_dags.py
[2026-07-21T07:38:49.882+0000] {logging_mixin.py:188} INFO - [2026-07-21T07:38:49.881+0000] {dag.py:3089} INFO - Sync 1 DAGs
[2026-07-21T07:38:49.931+0000] {logging_mixin.py:188} INFO - [2026-07-21T07:38:49.930+0000] {dag.py:3947} INFO - Setting next_dagrun for minio_to_snowflake_banking to 2026-07-21 07:38:00+00:00, run_after=2026-07-21 07:39:00+00:00
[2026-07-21T07:38:49.971+0000] {processor.py:183} INFO - Processing /opt/airflow/dags/minio_to_snowflake_dags.py took 2.057 seconds
[2026-07-21T07:39:20.212+0000] {processor.py:161} INFO - Started process (PID=898) to work on /opt/airflow/dags/minio_to_snowflake_dags.py
[2026-07-21T07:39:20.216+0000] {processor.py:830} INFO - Processing file /opt/airflow/dags/minio_to_snowflake_dags.py for tasks to queue
[2026-07-21T07:39:20.223+0000] {logging_mixin.py:188} INFO - [2026-07-21T07:39:20.222+0000] {dagbag.py:545} INFO - Filling up the DagBag from /opt/airflow/dags/minio_to_snowflake_dags.py
[2026-07-21T07:39:22.182+0000] {processor.py:840} INFO - DAG(s) 'minio_to_snowflake_banking' retrieved from /opt/airflow/dags/minio_to_snowflake_dags.py
[2026-07-21T07:39:22.255+0000] {logging_mixin.py:188} INFO - [2026-07-21T07:39:22.254+0000] {dag.py:3089} INFO - Sync 1 DAGs
[2026-07-21T07:39:22.311+0000] {logging_mixin.py:188} INFO - [2026-07-21T07:39:22.311+0000] {dag.py:3947} INFO - Setting next_dagrun for minio_to_snowflake_banking to 2026-07-21 07:39:00+00:00, run_after=2026-07-21 07:40:00+00:00
[2026-07-21T07:39:22.362+0000] {processor.py:183} INFO - Processing /opt/airflow/dags/minio_to_snowflake_dags.py took 2.174 seconds
[2026-07-21T07:39:53.440+0000] {processor.py:161} INFO - Started process (PID=931) to work on /opt/airflow/dags/minio_to_snowflake_dags.py
[2026-07-21T07:39:53.444+0000] {processor.py:830} INFO - Processing file /opt/airflow/dags/minio_to_snowflake_dags.py for tasks to queue
[2026-07-21T07:39:53.452+0000] {logging_mixin.py:188} INFO - [2026-07-21T07:39:53.451+0000] {dagbag.py:545} INFO - Filling up the DagBag from /opt/airflow/dags/minio_to_snowflake_dags.py
[2026-07-21T07:39:55.278+0000] {processor.py:840} INFO - DAG(s) 'minio_to_snowflake_banking' retrieved from /opt/airflow/dags/minio_to_snowflake_dags.py
[2026-07-21T07:39:55.338+0000] {logging_mixin.py:188} INFO - [2026-07-21T07:39:55.337+0000] {dag.py:3089} INFO - Sync 1 DAGs
[2026-07-21T07:39:55.389+0000] {logging_mixin.py:188} INFO - [2026-07-21T07:39:55.388+0000] {dag.py:3947} INFO - Setting next_dagrun for minio_to_snowflake_banking to 2026-07-21 07:39:00+00:00, run_after=2026-07-21 07:40:00+00:00
[2026-07-21T07:39:55.435+0000] {processor.py:183} INFO - Processing /opt/airflow/dags/minio_to_snowflake_dags.py took 2.022 seconds
[2026-07-21T07:40:26.418+0000] {processor.py:161} INFO - Started process (PID=997) to work on /opt/airflow/dags/minio_to_snowflake_dags.py
[2026-07-21T07:40:26.421+0000] {processor.py:830} INFO - Processing file /opt/airflow/dags/minio_to_snowflake_dags.py for tasks to queue
[2026-07-21T07:40:26.427+0000] {logging_mixin.py:188} INFO - [2026-07-21T07:40:26.426+0000] {dagbag.py:545} INFO - Filling up the DagBag from /opt/airflow/dags/minio_to_snowflake_dags.py
[2026-07-21T07:40:29.152+0000] {processor.py:840} INFO - DAG(s) 'minio_to_snowflake_banking' retrieved from /opt/airflow/dags/minio_to_snowflake_dags.py
[2026-07-21T07:40:29.209+0000] {logging_mixin.py:188} INFO - [2026-07-21T07:40:29.209+0000] {dag.py:3089} INFO - Sync 1 DAGs
[2026-07-21T07:40:29.259+0000] {logging_mixin.py:188} INFO - [2026-07-21T07:40:29.258+0000] {dag.py:3947} INFO - Setting next_dagrun for minio_to_snowflake_banking to 2026-07-21 07:40:00+00:00, run_after=2026-07-21 07:41:00+00:00
[2026-07-21T07:40:29.296+0000] {processor.py:183} INFO - Processing /opt/airflow/dags/minio_to_snowflake_dags.py took 1.868 seconds
[2026-07-21T07:41:00.689+0000] {processor.py:161} INFO - Started process (PID=1002) to work on /opt/airflow/dags/minio_to_snowflake_dags.py
[2026-07-21T07:41:00.692+0000] {processor.py:830} INFO - Processing file /opt/airflow/dags/minio_to_snowflake_dags.py for tasks to queue
[2026-07-21T07:41:00.697+0000] {logging_mixin.py:188} INFO - [2026-07-21T07:41:00.696+0000] {dagbag.py:545} INFO - Filling up the DagBag from /opt/airflow/dags/minio_to_snowflake_dags.py
[2026-07-21T07:41:02.783+0000] {processor.py:840} INFO - DAG(s) 'minio_to_snowflake_banking' retrieved from /opt/airflow/dags/minio_to_snowflake_dags.py
[2026-07-21T07:41:02.881+0000] {logging_mixin.py:188} INFO - [2026-07-21T07:41:02.880+0000] {dag.py:3089} INFO - Sync 1 DAGs
[2026-07-21T07:41:02.948+0000] {logging_mixin.py:188} INFO - [2026-07-21T07:41:02.947+0000] {dag.py:3947} INFO - Setting next_dagrun for minio_to_snowflake_banking to 2026-07-21 07:41:00+00:00, run_after=2026-07-21 07:42:00+00:00
[2026-07-21T07:41:03.007+0000] {processor.py:183} INFO - Processing /opt/airflow/dags/minio_to_snowflake_dags.py took 2.338 seconds
[2026-07-21T07:41:33.371+0000] {processor.py:161} INFO - Started process (PID=1066) to work on /opt/airflow/dags/minio_to_snowflake_dags.py
[2026-07-21T07:41:33.433+0000] {processor.py:830} INFO - Processing file /opt/airflow/dags/minio_to_snowflake_dags.py for tasks to queue
[2026-07-21T07:41:33.443+0000] {logging_mixin.py:188} INFO - [2026-07-21T07:41:33.441+0000] {dagbag.py:545} INFO - Filling up the DagBag from /opt/airflow/dags/minio_to_snowflake_dags.py
[2026-07-21T07:41:35.759+0000] {processor.py:840} INFO - DAG(s) 'minio_to_snowflake_banking' retrieved from /opt/airflow/dags/minio_to_snowflake_dags.py
[2026-07-21T07:41:35.819+0000] {logging_mixin.py:188} INFO - [2026-07-21T07:41:35.818+0000] {dag.py:3089} INFO - Sync 1 DAGs
[2026-07-21T07:41:35.869+0000] {logging_mixin.py:188} INFO - [2026-07-21T07:41:35.869+0000] {dag.py:3947} INFO - Setting next_dagrun for minio_to_snowflake_banking to 2026-07-21 07:41:00+00:00, run_after=2026-07-21 07:42:00+00:00
[2026-07-21T07:41:35.911+0000] {processor.py:183} INFO - Processing /opt/airflow/dags/minio_to_snowflake_dags.py took 2.573 seconds
[2026-07-21T07:42:06.868+0000] {processor.py:161} INFO - Started process (PID=1071) to work on /opt/airflow/dags/minio_to_snowflake_dags.py
[2026-07-21T07:42:06.872+0000] {processor.py:830} INFO - Processing file /opt/airflow/dags/minio_to_snowflake_dags.py for tasks to queue
[2026-07-21T07:42:06.879+0000] {logging_mixin.py:188} INFO - [2026-07-21T07:42:06.877+0000] {dagbag.py:545} INFO - Filling up the DagBag from /opt/airflow/dags/minio_to_snowflake_dags.py
[2026-07-21T07:42:12.674+0000] {processor.py:840} INFO - DAG(s) 'minio_to_snowflake_banking' retrieved from /opt/airflow/dags/minio_to_snowflake_dags.py
[2026-07-21T07:42:12.799+0000] {logging_mixin.py:188} INFO - [2026-07-21T07:42:12.798+0000] {dag.py:3089} INFO - Sync 1 DAGs
[2026-07-21T07:42:12.960+0000] {logging_mixin.py:188} INFO - [2026-07-21T07:42:12.959+0000] {dag.py:3947} INFO - Setting next_dagrun for minio_to_snowflake_banking to 2026-07-21 07:42:00+00:00, run_after=2026-07-21 07:43:00+00:00
[2026-07-21T07:42:13.029+0000] {processor.py:183} INFO - Processing /opt/airflow/dags/minio_to_snowflake_dags.py took 6.190 seconds
[2026-07-21T07:42:43.488+0000] {processor.py:161} INFO - Started process (PID=1136) to work on /opt/airflow/dags/minio_to_snowflake_dags.py
[2026-07-21T07:42:43.492+0000] {processor.py:830} INFO - Processing file /opt/airflow/dags/minio_to_snowflake_dags.py for tasks to queue
[2026-07-21T07:42:43.502+0000] {logging_mixin.py:188} INFO - [2026-07-21T07:42:43.500+0000] {dagbag.py:545} INFO - Filling up the DagBag from /opt/airflow/dags/minio_to_snowflake_dags.py
[2026-07-21T07:42:47.907+0000] {processor.py:840} INFO - DAG(s) 'minio_to_snowflake_banking' retrieved from /opt/airflow/dags/minio_to_snowflake_dags.py
[2026-07-21T07:42:47.965+0000] {logging_mixin.py:188} INFO - [2026-07-21T07:42:47.964+0000] {dag.py:3089} INFO - Sync 1 DAGs
[2026-07-21T07:42:48.015+0000] {logging_mixin.py:188} INFO - [2026-07-21T07:42:48.015+0000] {dag.py:3947} INFO - Setting next_dagrun for minio_to_snowflake_banking to 2026-07-21 07:42:00+00:00, run_after=2026-07-21 07:43:00+00:00
[2026-07-21T07:42:48.056+0000] {processor.py:183} INFO - Processing /opt/airflow/dags/minio_to_snowflake_dags.py took 4.610 seconds
[2026-07-21T07:43:18.420+0000] {processor.py:161} INFO - Started process (PID=1173) to work on /opt/airflow/dags/minio_to_snowflake_dags.py
[2026-07-21T07:43:18.423+0000] {processor.py:830} INFO - Processing file /opt/airflow/dags/minio_to_snowflake_dags.py for tasks to queue
[2026-07-21T07:43:18.430+0000] {logging_mixin.py:188} INFO - [2026-07-21T07:43:18.429+0000] {dagbag.py:545} INFO - Filling up the DagBag from /opt/airflow/dags/minio_to_snowflake_dags.py
[2026-07-21T07:43:20.580+0000] {processor.py:840} INFO - DAG(s) 'minio_to_snowflake_banking' retrieved from /opt/airflow/dags/minio_to_snowflake_dags.py
[2026-07-21T07:43:20.644+0000] {logging_mixin.py:188} INFO - [2026-07-21T07:43:20.642+0000] {dag.py:3089} INFO - Sync 1 DAGs
[2026-07-21T07:43:20.698+0000] {logging_mixin.py:188} INFO - [2026-07-21T07:43:20.697+0000] {dag.py:3947} INFO - Setting next_dagrun for minio_to_snowflake_banking to 2026-07-21 07:43:00+00:00, run_after=2026-07-21 07:44:00+00:00
[2026-07-21T07:43:20.739+0000] {processor.py:183} INFO - Processing /opt/airflow/dags/minio_to_snowflake_dags.py took 2.350 seconds
[2026-07-21T07:43:51.882+0000] {processor.py:161} INFO - Started process (PID=1205) to work on /opt/airflow/dags/minio_to_snowflake_dags.py
[2026-07-21T07:43:51.885+0000] {processor.py:830} INFO - Processing file /opt/airflow/dags/minio_to_snowflake_dags.py for tasks to queue
[2026-07-21T07:43:51.893+0000] {logging_mixin.py:188} INFO - [2026-07-21T07:43:51.891+0000] {dagbag.py:545} INFO - Filling up the DagBag from /opt/airflow/dags/minio_to_snowflake_dags.py
[2026-07-21T07:43:53.701+0000] {processor.py:840} INFO - DAG(s) 'minio_to_snowflake_banking' retrieved from /opt/airflow/dags/minio_to_snowflake_dags.py
[2026-07-21T07:43:53.762+0000] {logging_mixin.py:188} INFO - [2026-07-21T07:43:53.761+0000] {dag.py:3089} INFO - Sync 1 DAGs
[2026-07-21T07:43:53.807+0000] {logging_mixin.py:188} INFO - [2026-07-21T07:43:53.806+0000] {dag.py:3947} INFO - Setting next_dagrun for minio_to_snowflake_banking to 2026-07-21 07:43:00+00:00, run_after=2026-07-21 07:44:00+00:00
[2026-07-21T07:43:53.848+0000] {processor.py:183} INFO - Processing /opt/airflow/dags/minio_to_snowflake_dags.py took 1.982 seconds
[2026-07-21T07:44:24.786+0000] {processor.py:161} INFO - Started process (PID=1262) to work on /opt/airflow/dags/minio_to_snowflake_dags.py
[2026-07-21T07:44:24.790+0000] {processor.py:830} INFO - Processing file /opt/airflow/dags/minio_to_snowflake_dags.py for tasks to queue
[2026-07-21T07:44:24.803+0000] {logging_mixin.py:188} INFO - [2026-07-21T07:44:24.801+0000] {dagbag.py:545} INFO - Filling up the DagBag from /opt/airflow/dags/minio_to_snowflake_dags.py
[2026-07-21T07:44:29.140+0000] {processor.py:840} INFO - DAG(s) 'minio_to_snowflake_banking' retrieved from /opt/airflow/dags/minio_to_snowflake_dags.py
[2026-07-21T07:44:29.195+0000] {logging_mixin.py:188} INFO - [2026-07-21T07:44:29.194+0000] {dag.py:3089} INFO - Sync 1 DAGs
[2026-07-21T07:44:29.244+0000] {logging_mixin.py:188} INFO - [2026-07-21T07:44:29.244+0000] {dag.py:3947} INFO - Setting next_dagrun for minio_to_snowflake_banking to 2026-07-21 07:44:00+00:00, run_after=2026-07-21 07:45:00+00:00
[2026-07-21T07:44:29.284+0000] {processor.py:183} INFO - Processing /opt/airflow/dags/minio_to_snowflake_dags.py took 4.531 seconds
[2026-07-21T07:44:59.803+0000] {processor.py:161} INFO - Started process (PID=1274) to work on /opt/airflow/dags/minio_to_snowflake_dags.py
[2026-07-21T07:44:59.806+0000] {processor.py:830} INFO - Processing file /opt/airflow/dags/minio_to_snowflake_dags.py for tasks to queue
[2026-07-21T07:44:59.813+0000] {logging_mixin.py:188} INFO - [2026-07-21T07:44:59.812+0000] {dagbag.py:545} INFO - Filling up the DagBag from /opt/airflow/dags/minio_to_snowflake_dags.py
[2026-07-21T07:45:01.595+0000] {processor.py:840} INFO - DAG(s) 'minio_to_snowflake_banking' retrieved from /opt/airflow/dags/minio_to_snowflake_dags.py
[2026-07-21T07:45:01.649+0000] {logging_mixin.py:188} INFO - [2026-07-21T07:45:01.648+0000] {dag.py:3089} INFO - Sync 1 DAGs
[2026-07-21T07:45:01.704+0000] {logging_mixin.py:188} INFO - [2026-07-21T07:45:01.704+0000] {dag.py:3947} INFO - Setting next_dagrun for minio_to_snowflake_banking to 2026-07-21 07:45:00+00:00, run_after=2026-07-21 07:46:00+00:00
[2026-07-21T07:45:01.756+0000] {processor.py:183} INFO - Processing /opt/airflow/dags/minio_to_snowflake_dags.py took 1.973 seconds
[2026-07-21T07:45:32.007+0000] {processor.py:161} INFO - Started process (PID=1339) to work on /opt/airflow/dags/minio_to_snowflake_dags.py
[2026-07-21T07:45:32.011+0000] {processor.py:830} INFO - Processing file /opt/airflow/dags/minio_to_snowflake_dags.py for tasks to queue
[2026-07-21T07:45:32.019+0000] {logging_mixin.py:188} INFO - [2026-07-21T07:45:32.018+0000] {dagbag.py:545} INFO - Filling up the DagBag from /opt/airflow/dags/minio_to_snowflake_dags.py
[2026-07-21T07:45:33.624+0000] {processor.py:840} INFO - DAG(s) 'minio_to_snowflake_banking' retrieved from /opt/airflow/dags/minio_to_snowflake_dags.py
[2026-07-21T07:45:33.680+0000] {logging_mixin.py:188} INFO - [2026-07-21T07:45:33.679+0000] {dag.py:3089} INFO - Sync 1 DAGs
[2026-07-21T07:45:33.723+0000] {logging_mixin.py:188} INFO - [2026-07-21T07:45:33.722+0000] {dag.py:3947} INFO - Setting next_dagrun for minio_to_snowflake_banking to 2026-07-21 07:45:00+00:00, run_after=2026-07-21 07:46:00+00:00
[2026-07-21T07:45:33.759+0000] {processor.py:183} INFO - Processing /opt/airflow/dags/minio_to_snowflake_dags.py took 1.773 seconds
[2026-07-21T07:46:03.938+0000] {processor.py:161} INFO - Started process (PID=1344) to work on /opt/airflow/dags/minio_to_snowflake_dags.py
[2026-07-21T07:46:03.940+0000] {processor.py:830} INFO - Processing file /opt/airflow/dags/minio_to_snowflake_dags.py for tasks to queue
[2026-07-21T07:46:03.947+0000] {logging_mixin.py:188} INFO - [2026-07-21T07:46:03.946+0000] {dagbag.py:545} INFO - Filling up the DagBag from /opt/airflow/dags/minio_to_snowflake_dags.py
[2026-07-21T07:46:05.716+0000] {processor.py:840} INFO - DAG(s) 'minio_to_snowflake_banking' retrieved from /opt/airflow/dags/minio_to_snowflake_dags.py
[2026-07-21T07:46:05.772+0000] {logging_mixin.py:188} INFO - [2026-07-21T07:46:05.771+0000] {dag.py:3089} INFO - Sync 1 DAGs
[2026-07-21T07:46:05.817+0000] {logging_mixin.py:188} INFO - [2026-07-21T07:46:05.817+0000] {dag.py:3947} INFO - Setting next_dagrun for minio_to_snowflake_banking to 2026-07-21 07:46:00+00:00, run_after=2026-07-21 07:47:00+00:00
[2026-07-21T07:46:05.861+0000] {processor.py:183} INFO - Processing /opt/airflow/dags/minio_to_snowflake_dags.py took 1.939 seconds
[2026-07-21T07:46:36.819+0000] {processor.py:161} INFO - Started process (PID=1408) to work on /opt/airflow/dags/minio_to_snowflake_dags.py
[2026-07-21T07:46:36.821+0000] {processor.py:830} INFO - Processing file /opt/airflow/dags/minio_to_snowflake_dags.py for tasks to queue
[2026-07-21T07:46:36.826+0000] {logging_mixin.py:188} INFO - [2026-07-21T07:46:36.825+0000] {dagbag.py:545} INFO - Filling up the DagBag from /opt/airflow/dags/minio_to_snowflake_dags.py
[2026-07-21T07:46:39.778+0000] {processor.py:840} INFO - DAG(s) 'minio_to_snowflake_banking' retrieved from /opt/airflow/dags/minio_to_snowflake_dags.py
[2026-07-21T07:46:39.836+0000] {logging_mixin.py:188} INFO - [2026-07-21T07:46:39.835+0000] {dag.py:3089} INFO - Sync 1 DAGs
[2026-07-21T07:46:39.888+0000] {logging_mixin.py:188} INFO - [2026-07-21T07:46:39.887+0000] {dag.py:3947} INFO - Setting next_dagrun for minio_to_snowflake_banking to 2026-07-21 07:46:00+00:00, run_after=2026-07-21 07:47:00+00:00
[2026-07-21T07:46:39.937+0000] {processor.py:183} INFO - Processing /opt/airflow/dags/minio_to_snowflake_dags.py took 2.060 seconds
[2026-07-21T07:47:10.284+0000] {processor.py:161} INFO - Started process (PID=1428) to work on /opt/airflow/dags/minio_to_snowflake_dags.py
[2026-07-21T07:47:10.292+0000] {processor.py:830} INFO - Processing file /opt/airflow/dags/minio_to_snowflake_dags.py for tasks to queue
[2026-07-21T07:47:10.300+0000] {logging_mixin.py:188} INFO - [2026-07-21T07:47:10.299+0000] {dagbag.py:545} INFO - Filling up the DagBag from /opt/airflow/dags/minio_to_snowflake_dags.py
[2026-07-21T07:47:13.284+0000] {processor.py:840} INFO - DAG(s) 'minio_to_snowflake_banking' retrieved from /opt/airflow/dags/minio_to_snowflake_dags.py
[2026-07-21T07:47:13.368+0000] {logging_mixin.py:188} INFO - [2026-07-21T07:47:13.367+0000] {dag.py:3089} INFO - Sync 1 DAGs
[2026-07-21T07:47:13.441+0000] {logging_mixin.py:188} INFO - [2026-07-21T07:47:13.441+0000] {dag.py:3947} INFO - Setting next_dagrun for minio_to_snowflake_banking to 2026-07-21 07:47:00+00:00, run_after=2026-07-21 07:48:00+00:00
[2026-07-21T07:47:13.484+0000] {processor.py:183} INFO - Processing /opt/airflow/dags/minio_to_snowflake_dags.py took 3.228 seconds
[2026-07-21T07:47:44.270+0000] {processor.py:161} INFO - Started process (PID=1478) to work on /opt/airflow/dags/minio_to_snowflake_dags.py
[2026-07-21T07:47:44.273+0000] {processor.py:830} INFO - Processing file /opt/airflow/dags/minio_to_snowflake_dags.py for tasks to queue
[2026-07-21T07:47:44.281+0000] {logging_mixin.py:188} INFO - [2026-07-21T07:47:44.280+0000] {dagbag.py:545} INFO - Filling up the DagBag from /opt/airflow/dags/minio_to_snowflake_dags.py
[2026-07-21T07:47:46.516+0000] {processor.py:840} INFO - DAG(s) 'minio_to_snowflake_banking' retrieved from /opt/airflow/dags/minio_to_snowflake_dags.py
[2026-07-21T07:47:46.598+0000] {logging_mixin.py:188} INFO - [2026-07-21T07:47:46.597+0000] {dag.py:3089} INFO - Sync 1 DAGs
[2026-07-21T07:47:46.661+0000] {logging_mixin.py:188} INFO - [2026-07-21T07:47:46.660+0000] {dag.py:3947} INFO - Setting next_dagrun for minio_to_snowflake_banking to 2026-07-21 07:47:00+00:00, run_after=2026-07-21 07:48:00+00:00
[2026-07-21T07:47:46.716+0000] {processor.py:183} INFO - Processing /opt/airflow/dags/minio_to_snowflake_dags.py took 2.471 seconds
[2026-07-21T07:48:17.513+0000] {processor.py:161} INFO - Started process (PID=1515) to work on /opt/airflow/dags/minio_to_snowflake_dags.py
[2026-07-21T07:48:17.519+0000] {processor.py:830} INFO - Processing file /opt/airflow/dags/minio_to_snowflake_dags.py for tasks to queue
[2026-07-21T07:48:17.529+0000] {logging_mixin.py:188} INFO - [2026-07-21T07:48:17.527+0000] {dagbag.py:545} INFO - Filling up the DagBag from /opt/airflow/dags/minio_to_snowflake_dags.py
[2026-07-21T07:48:20.260+0000] {processor.py:840} INFO - DAG(s) 'minio_to_snowflake_banking' retrieved from /opt/airflow/dags/minio_to_snowflake_dags.py
[2026-07-21T07:48:20.399+0000] {logging_mixin.py:188} INFO - [2026-07-21T07:48:20.398+0000] {dag.py:3089} INFO - Sync 1 DAGs
[2026-07-21T07:48:20.476+0000] {logging_mixin.py:188} INFO - [2026-07-21T07:48:20.475+0000] {dag.py:3947} INFO - Setting next_dagrun for minio_to_snowflake_banking to 2026-07-21 07:48:00+00:00, run_after=2026-07-21 07:49:00+00:00
[2026-07-21T07:48:20.549+0000] {processor.py:183} INFO - Processing /opt/airflow/dags/minio_to_snowflake_dags.py took 3.087 seconds
[2026-07-21T07:48:51.565+0000] {processor.py:161} INFO - Started process (PID=1548) to work on /opt/airflow/dags/minio_to_snowflake_dags.py
[2026-07-21T07:48:51.574+0000] {processor.py:830} INFO - Processing file /opt/airflow/dags/minio_to_snowflake_dags.py for tasks to queue
[2026-07-21T07:48:51.637+0000] {logging_mixin.py:188} INFO - [2026-07-21T07:48:51.629+0000] {dagbag.py:545} INFO - Filling up the DagBag from /opt/airflow/dags/minio_to_snowflake_dags.py
[2026-07-21T07:49:02.223+0000] {processor.py:840} INFO - DAG(s) 'minio_to_snowflake_banking' retrieved from /opt/airflow/dags/minio_to_snowflake_dags.py
[2026-07-21T07:49:02.707+0000] {logging_mixin.py:188} INFO - [2026-07-21T07:49:02.705+0000] {dag.py:3089} INFO - Sync 1 DAGs
[2026-07-21T07:49:02.915+0000] {logging_mixin.py:188} INFO - [2026-07-21T07:49:02.914+0000] {dag.py:3947} INFO - Setting next_dagrun for minio_to_snowflake_banking to 2026-07-21 07:49:00+00:00, run_after=2026-07-21 07:50:00+00:00
[2026-07-21T07:49:03.021+0000] {processor.py:183} INFO - Processing /opt/airflow/dags/minio_to_snowflake_dags.py took 11.707 seconds
[2026-07-21T07:49:34.071+0000] {processor.py:161} INFO - Started process (PID=1598) to work on /opt/airflow/dags/minio_to_snowflake_dags.py
[2026-07-21T07:49:34.080+0000] {processor.py:830} INFO - Processing file /opt/airflow/dags/minio_to_snowflake_dags.py for tasks to queue
[2026-07-21T07:49:34.124+0000] {logging_mixin.py:188} INFO - [2026-07-21T07:49:34.117+0000] {dagbag.py:545} INFO - Filling up the DagBag from /opt/airflow/dags/minio_to_snowflake_dags.py
[2026-07-21T07:49:43.506+0000] {processor.py:840} INFO - DAG(s) 'minio_to_snowflake_banking' retrieved from /opt/airflow/dags/minio_to_snowflake_dags.py
[2026-07-21T07:49:43.686+0000] {logging_mixin.py:188} INFO - [2026-07-21T07:49:43.684+0000] {dag.py:3089} INFO - Sync 1 DAGs
[2026-07-21T07:49:43.790+0000] {logging_mixin.py:188} INFO - [2026-07-21T07:49:43.789+0000] {dag.py:3947} INFO - Setting next_dagrun for minio_to_snowflake_banking to 2026-07-21 07:49:00+00:00, run_after=2026-07-21 07:50:00+00:00
[2026-07-21T07:49:43.891+0000] {processor.py:183} INFO - Processing /opt/airflow/dags/minio_to_snowflake_dags.py took 9.263 seconds
[2026-07-21T07:50:14.561+0000] {processor.py:161} INFO - Started process (PID=1651) to work on /opt/airflow/dags/minio_to_snowflake_dags.py
[2026-07-21T07:50:14.564+0000] {processor.py:830} INFO - Processing file /opt/airflow/dags/minio_to_snowflake_dags.py for tasks to queue
[2026-07-21T07:50:14.570+0000] {logging_mixin.py:188} INFO - [2026-07-21T07:50:14.569+0000] {dagbag.py:545} INFO - Filling up the DagBag from /opt/airflow/dags/minio_to_snowflake_dags.py
[2026-07-21T07:50:16.499+0000] {processor.py:840} INFO - DAG(s) 'minio_to_snowflake_banking' retrieved from /opt/airflow/dags/minio_to_snowflake_dags.py
[2026-07-21T07:50:16.565+0000] {logging_mixin.py:188} INFO - [2026-07-21T07:50:16.563+0000] {dag.py:3089} INFO - Sync 1 DAGs
[2026-07-21T07:50:16.623+0000] {logging_mixin.py:188} INFO - [2026-07-21T07:50:16.622+0000] {dag.py:3947} INFO - Setting next_dagrun for minio_to_snowflake_banking to 2026-07-21 07:50:00+00:00, run_after=2026-07-21 07:51:00+00:00
[2026-07-21T07:50:16.669+0000] {processor.py:183} INFO - Processing /opt/airflow/dags/minio_to_snowflake_dags.py took 2.131 seconds
[2026-07-21T07:50:46.872+0000] {processor.py:161} INFO - Started process (PID=1683) to work on /opt/airflow/dags/minio_to_snowflake_dags.py
[2026-07-21T07:50:46.875+0000] {processor.py:830} INFO - Processing file /opt/airflow/dags/minio_to_snowflake_dags.py for tasks to queue
[2026-07-21T07:50:46.881+0000] {logging_mixin.py:188} INFO - [2026-07-21T07:50:46.880+0000] {dagbag.py:545} INFO - Filling up the DagBag from /opt/airflow/dags/minio_to_snowflake_dags.py
[2026-07-21T07:50:48.734+0000] {processor.py:840} INFO - DAG(s) 'minio_to_snowflake_banking' retrieved from /opt/airflow/dags/minio_to_snowflake_dags.py
[2026-07-21T07:50:48.797+0000] {logging_mixin.py:188} INFO - [2026-07-21T07:50:48.795+0000] {dag.py:3089} INFO - Sync 1 DAGs
[2026-07-21T07:50:48.864+0000] {logging_mixin.py:188} INFO - [2026-07-21T07:50:48.864+0000] {dag.py:3947} INFO - Setting next_dagrun for minio_to_snowflake_banking to 2026-07-21 07:50:00+00:00, run_after=2026-07-21 07:51:00+00:00
[2026-07-21T07:50:48.938+0000] {processor.py:183} INFO - Processing /opt/airflow/dags/minio_to_snowflake_dags.py took 2.084 seconds
[2026-07-21T07:51:19.404+0000] {processor.py:161} INFO - Started process (PID=1720) to work on /opt/airflow/dags/minio_to_snowflake_dags.py
[2026-07-21T07:51:19.407+0000] {processor.py:830} INFO - Processing file /opt/airflow/dags/minio_to_snowflake_dags.py for tasks to queue
[2026-07-21T07:51:19.412+0000] {logging_mixin.py:188} INFO - [2026-07-21T07:51:19.411+0000] {dagbag.py:545} INFO - Filling up the DagBag from /opt/airflow/dags/minio_to_snowflake_dags.py
[2026-07-21T07:51:21.770+0000] {processor.py:840} INFO - DAG(s) 'minio_to_snowflake_banking' retrieved from /opt/airflow/dags/minio_to_snowflake_dags.py
[2026-07-21T07:51:21.841+0000] {logging_mixin.py:188} INFO - [2026-07-21T07:51:21.840+0000] {dag.py:3089} INFO - Sync 1 DAGs
[2026-07-21T07:51:21.906+0000] {logging_mixin.py:188} INFO - [2026-07-21T07:51:21.905+0000] {dag.py:3947} INFO - Setting next_dagrun for minio_to_snowflake_banking to 2026-07-21 07:51:00+00:00, run_after=2026-07-21 07:52:00+00:00
[2026-07-21T07:51:21.962+0000] {processor.py:183} INFO - Processing /opt/airflow/dags/minio_to_snowflake_dags.py took 2.575 seconds
[2026-07-21T07:51:52.181+0000] {processor.py:161} INFO - Started process (PID=1753) to work on /opt/airflow/dags/minio_to_snowflake_dags.py
[2026-07-21T07:51:52.204+0000] {processor.py:830} INFO - Processing file /opt/airflow/dags/minio_to_snowflake_dags.py for tasks to queue
[2026-07-21T07:51:52.211+0000] {logging_mixin.py:188} INFO - [2026-07-21T07:51:52.210+0000] {dagbag.py:545} INFO - Filling up the DagBag from /opt/airflow/dags/minio_to_snowflake_dags.py
[2026-07-21T07:51:54.026+0000] {processor.py:840} INFO - DAG(s) 'minio_to_snowflake_banking' retrieved from /opt/airflow/dags/minio_to_snowflake_dags.py
[2026-07-21T07:51:54.084+0000] {logging_mixin.py:188} INFO - [2026-07-21T07:51:54.083+0000] {dag.py:3089} INFO - Sync 1 DAGs
[2026-07-21T07:51:54.139+0000] {logging_mixin.py:188} INFO - [2026-07-21T07:51:54.139+0000] {dag.py:3947} INFO - Setting next_dagrun for minio_to_snowflake_banking to 2026-07-21 07:51:00+00:00, run_after=2026-07-21 07:52:00+00:00
[2026-07-21T07:51:54.188+0000] {processor.py:183} INFO - Processing /opt/airflow/dags/minio_to_snowflake_dags.py took 2.026 seconds
[2026-07-21T07:52:24.829+0000] {processor.py:161} INFO - Started process (PID=1803) to work on /opt/airflow/dags/minio_to_snowflake_dags.py
[2026-07-21T07:52:24.835+0000] {processor.py:830} INFO - Processing file /opt/airflow/dags/minio_to_snowflake_dags.py for tasks to queue
[2026-07-21T07:52:24.850+0000] {logging_mixin.py:188} INFO - [2026-07-21T07:52:24.849+0000] {dagbag.py:545} INFO - Filling up the DagBag from /opt/airflow/dags/minio_to_snowflake_dags.py
[2026-07-21T07:52:30.924+0000] {processor.py:840} INFO - DAG(s) 'minio_to_snowflake_banking' retrieved from /opt/airflow/dags/minio_to_snowflake_dags.py
[2026-07-21T07:52:32.420+0000] {logging_mixin.py:188} INFO - [2026-07-21T07:52:32.418+0000] {dag.py:3089} INFO - Sync 1 DAGs
[2026-07-21T07:52:34.159+0000] {logging_mixin.py:188} INFO - [2026-07-21T07:52:34.158+0000] {dag.py:3947} INFO - Setting next_dagrun for minio_to_snowflake_banking to 2026-07-21 07:52:00+00:00, run_after=2026-07-21 07:53:00+00:00
[2026-07-21T07:52:34.941+0000] {processor.py:183} INFO - Processing /opt/airflow/dags/minio_to_snowflake_dags.py took 10.156 seconds
[2026-07-21T07:53:05.947+0000] {processor.py:161} INFO - Started process (PID=1824) to work on /opt/airflow/dags/minio_to_snowflake_dags.py
[2026-07-21T07:53:05.962+0000] {processor.py:830} INFO - Processing file /opt/airflow/dags/minio_to_snowflake_dags.py for tasks to queue
[2026-07-21T07:53:06.013+0000] {logging_mixin.py:188} INFO - [2026-07-21T07:53:06.006+0000] {dagbag.py:545} INFO - Filling up the DagBag from /opt/airflow/dags/minio_to_snowflake_dags.py
[2026-07-21T07:53:11.985+0000] {processor.py:840} INFO - DAG(s) 'minio_to_snowflake_banking' retrieved from /opt/airflow/dags/minio_to_snowflake_dags.py
[2026-07-21T07:53:12.258+0000] {logging_mixin.py:188} INFO - [2026-07-21T07:53:12.256+0000] {dag.py:3089} INFO - Sync 1 DAGs
[2026-07-21T07:53:12.353+0000] {logging_mixin.py:188} INFO - [2026-07-21T07:53:12.352+0000] {dag.py:3947} INFO - Setting next_dagrun for minio_to_snowflake_banking to 2026-07-21 07:53:00+00:00, run_after=2026-07-21 07:54:00+00:00
[2026-07-21T07:53:12.419+0000] {processor.py:183} INFO - Processing /opt/airflow/dags/minio_to_snowflake_dags.py took 6.630 seconds
[2026-07-21T07:53:43.513+0000] {processor.py:161} INFO - Started process (PID=1884) to work on /opt/airflow/dags/minio_to_snowflake_dags.py
[2026-07-21T07:53:43.517+0000] {processor.py:830} INFO - Processing file /opt/airflow/dags/minio_to_snowflake_dags.py for tasks to queue
[2026-07-21T07:53:43.528+0000] {logging_mixin.py:188} INFO - [2026-07-21T07:53:43.526+0000] {dagbag.py:545} INFO - Filling up the DagBag from /opt/airflow/dags/minio_to_snowflake_dags.py
[2026-07-21T07:53:46.121+0000] {processor.py:840} INFO - DAG(s) 'minio_to_snowflake_banking' retrieved from /opt/airflow/dags/minio_to_snowflake_dags.py
[2026-07-21T07:53:46.291+0000] {logging_mixin.py:188} INFO - [2026-07-21T07:53:46.291+0000] {dag.py:3089} INFO - Sync 1 DAGs
[2026-07-21T07:53:46.334+0000] {logging_mixin.py:188} INFO - [2026-07-21T07:53:46.334+0000] {dag.py:3947} INFO - Setting next_dagrun for minio_to_snowflake_banking to 2026-07-21 07:53:00+00:00, run_after=2026-07-21 07:54:00+00:00
[2026-07-21T07:53:46.372+0000] {processor.py:183} INFO - Processing /opt/airflow/dags/minio_to_snowflake_dags.py took 2.917 seconds
[2026-07-21T07:54:16.644+0000] {processor.py:161} INFO - Started process (PID=1926) to work on /opt/airflow/dags/minio_to_snowflake_dags.py
[2026-07-21T07:54:16.653+0000] {processor.py:830} INFO - Processing file /opt/airflow/dags/minio_to_snowflake_dags.py for tasks to queue
[2026-07-21T07:54:16.658+0000] {logging_mixin.py:188} INFO - [2026-07-21T07:54:16.657+0000] {dagbag.py:545} INFO - Filling up the DagBag from /opt/airflow/dags/minio_to_snowflake_dags.py
[2026-07-21T07:54:18.570+0000] {processor.py:840} INFO - DAG(s) 'minio_to_snowflake_banking' retrieved from /opt/airflow/dags/minio_to_snowflake_dags.py
[2026-07-21T07:54:18.629+0000] {logging_mixin.py:188} INFO - [2026-07-21T07:54:18.628+0000] {dag.py:3089} INFO - Sync 1 DAGs
[2026-07-21T07:54:18.677+0000] {logging_mixin.py:188} INFO - [2026-07-21T07:54:18.676+0000] {dag.py:3947} INFO - Setting next_dagrun for minio_to_snowflake_banking to 2026-07-21 07:54:00+00:00, run_after=2026-07-21 07:55:00+00:00
[2026-07-21T07:54:18.743+0000] {processor.py:183} INFO - Processing /opt/airflow/dags/minio_to_snowflake_dags.py took 2.116 seconds
[2026-07-21T07:54:49.045+0000] {processor.py:161} INFO - Started process (PID=1959) to work on /opt/airflow/dags/minio_to_snowflake_dags.py
[2026-07-21T07:54:49.048+0000] {processor.py:830} INFO - Processing file /opt/airflow/dags/minio_to_snowflake_dags.py for tasks to queue
[2026-07-21T07:54:49.053+0000] {logging_mixin.py:188} INFO - [2026-07-21T07:54:49.051+0000] {dagbag.py:545} INFO - Filling up the DagBag from /opt/airflow/dags/minio_to_snowflake_dags.py
[2026-07-21T07:54:50.751+0000] {processor.py:840} INFO - DAG(s) 'minio_to_snowflake_banking' retrieved from /opt/airflow/dags/minio_to_snowflake_dags.py
[2026-07-21T07:54:50.814+0000] {logging_mixin.py:188} INFO - [2026-07-21T07:54:50.813+0000] {dag.py:3089} INFO - Sync 1 DAGs
[2026-07-21T07:51:03.482+0000] {logging_mixin.py:188} INFO - [2026-07-21T07:51:03.482+0000] {dag.py:3947} INFO - Setting next_dagrun for minio_to_snowflake_banking to 2026-07-21 07:54:00+00:00, run_after=2026-07-21 07:55:00+00:00
[2026-07-21T07:51:03.526+0000] {processor.py:183} INFO - Processing /opt/airflow/dags/minio_to_snowflake_dags.py took 1.879 seconds
[2026-07-21T07:54:52.278+0000] {processor.py:161} INFO - Started process (PID=1963) to work on /opt/airflow/dags/minio_to_snowflake_dags.py
[2026-07-21T07:54:52.281+0000] {processor.py:830} INFO - Processing file /opt/airflow/dags/minio_to_snowflake_dags.py for tasks to queue
[2026-07-21T07:54:52.287+0000] {logging_mixin.py:188} INFO - [2026-07-21T07:54:52.286+0000] {dagbag.py:545} INFO - Filling up the DagBag from /opt/airflow/dags/minio_to_snowflake_dags.py
[2026-07-21T07:54:54.014+0000] {processor.py:840} INFO - DAG(s) 'minio_to_snowflake_banking' retrieved from /opt/airflow/dags/minio_to_snowflake_dags.py
[2026-07-21T07:54:54.095+0000] {logging_mixin.py:188} INFO - [2026-07-21T07:54:54.094+0000] {dag.py:3089} INFO - Sync 1 DAGs
[2026-07-21T07:54:54.161+0000] {logging_mixin.py:188} INFO - [2026-07-21T07:54:54.160+0000] {dag.py:3947} INFO - Setting next_dagrun for minio_to_snowflake_banking to 2026-07-21 07:54:00+00:00, run_after=2026-07-21 07:55:00+00:00
[2026-07-21T07:54:54.208+0000] {processor.py:183} INFO - Processing /opt/airflow/dags/minio_to_snowflake_dags.py took 1.947 seconds
[2026-07-21T07:55:25.390+0000] {processor.py:161} INFO - Started process (PID=2024) to work on /opt/airflow/dags/minio_to_snowflake_dags.py
[2026-07-21T07:55:25.393+0000] {processor.py:830} INFO - Processing file /opt/airflow/dags/minio_to_snowflake_dags.py for tasks to queue
[2026-07-21T07:55:25.401+0000] {logging_mixin.py:188} INFO - [2026-07-21T07:55:25.400+0000] {dagbag.py:545} INFO - Filling up the DagBag from /opt/airflow/dags/minio_to_snowflake_dags.py
[2026-07-21T07:55:27.476+0000] {processor.py:840} INFO - DAG(s) 'minio_to_snowflake_banking' retrieved from /opt/airflow/dags/minio_to_snowflake_dags.py
[2026-07-21T07:55:27.538+0000] {logging_mixin.py:188} INFO - [2026-07-21T07:55:27.537+0000] {dag.py:3089} INFO - Sync 1 DAGs
[2026-07-21T07:55:27.593+0000] {logging_mixin.py:188} INFO - [2026-07-21T07:55:27.592+0000] {dag.py:3947} INFO - Setting next_dagrun for minio_to_snowflake_banking to 2026-07-21 07:55:00+00:00, run_after=2026-07-21 07:56:00+00:00
[2026-07-21T07:55:27.648+0000] {processor.py:183} INFO - Processing /opt/airflow/dags/minio_to_snowflake_dags.py took 2.282 seconds
[2026-07-21T07:55:58.333+0000] {processor.py:161} INFO - Started process (PID=2032) to work on /opt/airflow/dags/minio_to_snowflake_dags.py
[2026-07-21T07:55:58.337+0000] {processor.py:830} INFO - Processing file /opt/airflow/dags/minio_to_snowflake_dags.py for tasks to queue
[2026-07-21T07:55:58.343+0000] {logging_mixin.py:188} INFO - [2026-07-21T07:55:58.342+0000] {dagbag.py:545} INFO - Filling up the DagBag from /opt/airflow/dags/minio_to_snowflake_dags.py
[2026-07-21T07:56:00.279+0000] {processor.py:840} INFO - DAG(s) 'minio_to_snowflake_banking' retrieved from /opt/airflow/dags/minio_to_snowflake_dags.py
[2026-07-21T07:56:00.364+0000] {logging_mixin.py:188} INFO - [2026-07-21T07:56:00.363+0000] {dag.py:3089} INFO - Sync 1 DAGs
[2026-07-21T07:56:00.417+0000] {logging_mixin.py:188} INFO - [2026-07-21T07:56:00.417+0000] {dag.py:3947} INFO - Setting next_dagrun for minio_to_snowflake_banking to 2026-07-21 07:55:00+00:00, run_after=2026-07-21 07:56:00+00:00
[2026-07-21T07:56:00.462+0000] {processor.py:183} INFO - Processing /opt/airflow/dags/minio_to_snowflake_dags.py took 2.149 seconds
[2026-07-21T07:56:31.858+0000] {processor.py:161} INFO - Started process (PID=2090) to work on /opt/airflow/dags/minio_to_snowflake_dags.py
[2026-07-21T07:56:31.878+0000] {processor.py:830} INFO - Processing file /opt/airflow/dags/minio_to_snowflake_dags.py for tasks to queue
[2026-07-21T07:56:32.123+0000] {logging_mixin.py:188} INFO - [2026-07-21T07:56:32.077+0000] {dagbag.py:545} INFO - Filling up the DagBag from /opt/airflow/dags/minio_to_snowflake_dags.py
[2026-07-21T07:56:48.954+0000] {processor.py:840} INFO - DAG(s) 'minio_to_snowflake_banking' retrieved from /opt/airflow/dags/minio_to_snowflake_dags.py
[2026-07-21T07:56:49.454+0000] {logging_mixin.py:188} INFO - [2026-07-21T07:56:49.450+0000] {dag.py:3089} INFO - Sync 1 DAGs
[2026-07-21T07:56:49.727+0000] {logging_mixin.py:188} INFO - [2026-07-21T07:56:49.726+0000] {dag.py:3947} INFO - Setting next_dagrun for minio_to_snowflake_banking to 2026-07-21 07:56:00+00:00, run_after=2026-07-21 07:57:00+00:00
[2026-07-21T07:56:49.879+0000] {processor.py:183} INFO - Processing /opt/airflow/dags/minio_to_snowflake_dags.py took 18.383 seconds
[2026-07-21T07:57:21.131+0000] {processor.py:161} INFO - Started process (PID=2114) to work on /opt/airflow/dags/minio_to_snowflake_dags.py
[2026-07-21T07:57:21.151+0000] {processor.py:830} INFO - Processing file /opt/airflow/dags/minio_to_snowflake_dags.py for tasks to queue
[2026-07-21T07:57:21.216+0000] {logging_mixin.py:188} INFO - [2026-07-21T07:57:21.207+0000] {dagbag.py:545} INFO - Filling up the DagBag from /opt/airflow/dags/minio_to_snowflake_dags.py
[2026-07-21T07:57:29.650+0000] {processor.py:840} INFO - DAG(s) 'minio_to_snowflake_banking' retrieved from /opt/airflow/dags/minio_to_snowflake_dags.py
[2026-07-21T07:57:29.825+0000] {logging_mixin.py:188} INFO - [2026-07-21T07:57:29.824+0000] {dag.py:3089} INFO - Sync 1 DAGs
[2026-07-21T07:57:29.999+0000] {logging_mixin.py:188} INFO - [2026-07-21T07:57:29.998+0000] {dag.py:3947} INFO - Setting next_dagrun for minio_to_snowflake_banking to 2026-07-21 07:57:00+00:00, run_after=2026-07-21 07:58:00+00:00
[2026-07-21T07:57:30.080+0000] {processor.py:183} INFO - Processing /opt/airflow/dags/minio_to_snowflake_dags.py took 8.428 seconds
[2026-07-21T07:58:01.267+0000] {processor.py:161} INFO - Started process (PID=2169) to work on /opt/airflow/dags/minio_to_snowflake_dags.py
[2026-07-21T07:58:01.279+0000] {processor.py:830} INFO - Processing file /opt/airflow/dags/minio_to_snowflake_dags.py for tasks to queue
[2026-07-21T07:58:01.322+0000] {logging_mixin.py:188} INFO - [2026-07-21T07:58:01.315+0000] {dagbag.py:545} INFO - Filling up the DagBag from /opt/airflow/dags/minio_to_snowflake_dags.py
[2026-07-21T07:58:05.587+0000] {processor.py:840} INFO - DAG(s) 'minio_to_snowflake_banking' retrieved from /opt/airflow/dags/minio_to_snowflake_dags.py
[2026-07-21T07:58:05.753+0000] {logging_mixin.py:188} INFO - [2026-07-21T07:58:05.752+0000] {dag.py:3089} INFO - Sync 1 DAGs
[2026-07-21T07:58:05.841+0000] {logging_mixin.py:188} INFO - [2026-07-21T07:58:05.840+0000] {dag.py:3947} INFO - Setting next_dagrun for minio_to_snowflake_banking to 2026-07-21 07:58:00+00:00, run_after=2026-07-21 07:59:00+00:00
[2026-07-21T07:58:05.936+0000] {processor.py:183} INFO - Processing /opt/airflow/dags/minio_to_snowflake_dags.py took 4.770 seconds
[2026-07-21T07:58:36.561+0000] {processor.py:161} INFO - Started process (PID=2234) to work on /opt/airflow/dags/minio_to_snowflake_dags.py
[2026-07-21T07:58:36.564+0000] {processor.py:830} INFO - Processing file /opt/airflow/dags/minio_to_snowflake_dags.py for tasks to queue
[2026-07-21T07:58:36.571+0000] {logging_mixin.py:188} INFO - [2026-07-21T07:58:36.570+0000] {dagbag.py:545} INFO - Filling up the DagBag from /opt/airflow/dags/minio_to_snowflake_dags.py
[2026-07-21T07:58:38.334+0000] {processor.py:840} INFO - DAG(s) 'minio_to_snowflake_banking' retrieved from /opt/airflow/dags/minio_to_snowflake_dags.py
[2026-07-21T07:58:38.399+0000] {logging_mixin.py:188} INFO - [2026-07-21T07:58:38.398+0000] {dag.py:3089} INFO - Sync 1 DAGs
[2026-07-21T07:58:38.454+0000] {logging_mixin.py:188} INFO - [2026-07-21T07:58:38.453+0000] {dag.py:3947} INFO - Setting next_dagrun for minio_to_snowflake_banking to 2026-07-21 07:58:00+00:00, run_after=2026-07-21 07:59:00+00:00
[2026-07-21T07:58:38.499+0000] {processor.py:183} INFO - Processing /opt/airflow/dags/minio_to_snowflake_dags.py took 1.957 seconds
[2026-07-21T07:59:08.824+0000] {processor.py:161} INFO - Started process (PID=2252) to work on /opt/airflow/dags/minio_to_snowflake_dags.py
[2026-07-21T07:59:08.827+0000] {processor.py:830} INFO - Processing file /opt/airflow/dags/minio_to_snowflake_dags.py for tasks to queue
[2026-07-21T07:59:08.834+0000] {logging_mixin.py:188} INFO - [2026-07-21T07:59:08.833+0000] {dagbag.py:545} INFO - Filling up the DagBag from /opt/airflow/dags/minio_to_snowflake_dags.py
[2026-07-21T07:59:10.918+0000] {processor.py:840} INFO - DAG(s) 'minio_to_snowflake_banking' retrieved from /opt/airflow/dags/minio_to_snowflake_dags.py
[2026-07-21T07:59:10.999+0000] {logging_mixin.py:188} INFO - [2026-07-21T07:59:10.998+0000] {dag.py:3089} INFO - Sync 1 DAGs
[2026-07-21T07:59:11.056+0000] {logging_mixin.py:188} INFO - [2026-07-21T07:59:11.056+0000] {dag.py:3947} INFO - Setting next_dagrun for minio_to_snowflake_banking to 2026-07-21 07:59:00+00:00, run_after=2026-07-21 08:00:00+00:00
[2026-07-21T07:59:11.102+0000] {processor.py:183} INFO - Processing /opt/airflow/dags/minio_to_snowflake_dags.py took 2.296 seconds
[2026-07-21T07:59:41.474+0000] {processor.py:161} INFO - Started process (PID=2304) to work on /opt/airflow/dags/minio_to_snowflake_dags.py
[2026-07-21T07:59:41.541+0000] {processor.py:830} INFO - Processing file /opt/airflow/dags/minio_to_snowflake_dags.py for tasks to queue
[2026-07-21T07:59:41.566+0000] {logging_mixin.py:188} INFO - [2026-07-21T07:59:41.563+0000] {dagbag.py:545} INFO - Filling up the DagBag from /opt/airflow/dags/minio_to_snowflake_dags.py
[2026-07-21T07:59:45.345+0000] {processor.py:840} INFO - DAG(s) 'minio_to_snowflake_banking' retrieved from /opt/airflow/dags/minio_to_snowflake_dags.py
[2026-07-21T07:59:45.470+0000] {logging_mixin.py:188} INFO - [2026-07-21T07:59:45.470+0000] {dag.py:3089} INFO - Sync 1 DAGs
[2026-07-21T07:59:45.532+0000] {logging_mixin.py:188} INFO - [2026-07-21T07:59:45.532+0000] {dag.py:3947} INFO - Setting next_dagrun for minio_to_snowflake_banking to 2026-07-21 07:59:00+00:00, run_after=2026-07-21 08:00:00+00:00
[2026-07-21T07:59:45.646+0000] {processor.py:183} INFO - Processing /opt/airflow/dags/minio_to_snowflake_dags.py took 4.264 seconds
[2026-07-21T08:00:16.298+0000] {processor.py:161} INFO - Started process (PID=2341) to work on /opt/airflow/dags/minio_to_snowflake_dags.py
[2026-07-21T08:00:16.300+0000] {processor.py:830} INFO - Processing file /opt/airflow/dags/minio_to_snowflake_dags.py for tasks to queue
[2026-07-21T08:00:16.307+0000] {logging_mixin.py:188} INFO - [2026-07-21T08:00:16.306+0000] {dagbag.py:545} INFO - Filling up the DagBag from /opt/airflow/dags/minio_to_snowflake_dags.py
[2026-07-21T08:00:18.480+0000] {processor.py:840} INFO - DAG(s) 'minio_to_snowflake_banking' retrieved from /opt/airflow/dags/minio_to_snowflake_dags.py
[2026-07-21T08:00:18.603+0000] {logging_mixin.py:188} INFO - [2026-07-21T08:00:18.602+0000] {dag.py:3089} INFO - Sync 1 DAGs
[2026-07-21T08:00:18.647+0000] {logging_mixin.py:188} INFO - [2026-07-21T08:00:18.647+0000] {dag.py:3947} INFO - Setting next_dagrun for minio_to_snowflake_banking to 2026-07-21 08:00:00+00:00, run_after=2026-07-21 08:01:00+00:00
[2026-07-21T08:00:18.750+0000] {processor.py:183} INFO - Processing /opt/airflow/dags/minio_to_snowflake_dags.py took 2.473 seconds
[2026-07-21T08:00:49.186+0000] {processor.py:161} INFO - Started process (PID=2374) to work on /opt/airflow/dags/minio_to_snowflake_dags.py
[2026-07-21T08:00:49.190+0000] {processor.py:830} INFO - Processing file /opt/airflow/dags/minio_to_snowflake_dags.py for tasks to queue
[2026-07-21T08:00:49.198+0000] {logging_mixin.py:188} INFO - [2026-07-21T08:00:49.197+0000] {dagbag.py:545} INFO - Filling up the DagBag from /opt/airflow/dags/minio_to_snowflake_dags.py
[2026-07-21T08:00:51.942+0000] {processor.py:840} INFO - DAG(s) 'minio_to_snowflake_banking' retrieved from /opt/airflow/dags/minio_to_snowflake_dags.py
[2026-07-21T08:00:52.032+0000] {logging_mixin.py:188} INFO - [2026-07-21T08:00:52.032+0000] {dag.py:3089} INFO - Sync 1 DAGs
[2026-07-21T08:00:52.088+0000] {logging_mixin.py:188} INFO - [2026-07-21T08:00:52.088+0000] {dag.py:3947} INFO - Setting next_dagrun for minio_to_snowflake_banking to 2026-07-21 08:00:00+00:00, run_after=2026-07-21 08:01:00+00:00
[2026-07-21T08:00:52.158+0000] {processor.py:183} INFO - Processing /opt/airflow/dags/minio_to_snowflake_dags.py took 2.999 seconds
[2026-07-21T08:01:23.002+0000] {processor.py:161} INFO - Started process (PID=2378) to work on /opt/airflow/dags/minio_to_snowflake_dags.py
[2026-07-21T08:01:23.006+0000] {processor.py:830} INFO - Processing file /opt/airflow/dags/minio_to_snowflake_dags.py for tasks to queue
[2026-07-21T08:01:23.014+0000] {logging_mixin.py:188} INFO - [2026-07-21T08:01:23.012+0000] {dagbag.py:545} INFO - Filling up the DagBag from /opt/airflow/dags/minio_to_snowflake_dags.py
[2026-07-21T08:01:25.009+0000] {processor.py:840} INFO - DAG(s) 'minio_to_snowflake_banking' retrieved from /opt/airflow/dags/minio_to_snowflake_dags.py
[2026-07-21T08:01:25.092+0000] {logging_mixin.py:188} INFO - [2026-07-21T08:01:25.091+0000] {dag.py:3089} INFO - Sync 1 DAGs
[2026-07-21T08:01:25.155+0000] {logging_mixin.py:188} INFO - [2026-07-21T08:01:25.154+0000] {dag.py:3947} INFO - Setting next_dagrun for minio_to_snowflake_banking to 2026-07-21 08:00:00+00:00, run_after=2026-07-21 08:01:00+00:00
[2026-07-21T08:01:25.204+0000] {processor.py:183} INFO - Processing /opt/airflow/dags/minio_to_snowflake_dags.py took 2.224 seconds
[2026-07-21T08:01:55.436+0000] {processor.py:161} INFO - Started process (PID=2382) to work on /opt/airflow/dags/minio_to_snowflake_dags.py
[2026-07-21T08:01:55.440+0000] {processor.py:830} INFO - Processing file /opt/airflow/dags/minio_to_snowflake_dags.py for tasks to queue
[2026-07-21T08:01:55.447+0000] {logging_mixin.py:188} INFO - [2026-07-21T08:01:55.446+0000] {dagbag.py:545} INFO - Filling up the DagBag from /opt/airflow/dags/minio_to_snowflake_dags.py
[2026-07-21T08:01:57.880+0000] {processor.py:840} INFO - DAG(s) 'minio_to_snowflake_banking' retrieved from /opt/airflow/dags/minio_to_snowflake_dags.py
[2026-07-21T08:01:57.977+0000] {logging_mixin.py:188} INFO - [2026-07-21T08:01:57.975+0000] {dag.py:3089} INFO - Sync 1 DAGs
[2026-07-21T08:01:58.065+0000] {logging_mixin.py:188} INFO - [2026-07-21T08:01:58.064+0000] {dag.py:3947} INFO - Setting next_dagrun for minio_to_snowflake_banking to 2026-07-21 08:00:00+00:00, run_after=2026-07-21 08:01:00+00:00
[2026-07-21T08:01:58.125+0000] {processor.py:183} INFO - Processing /opt/airflow/dags/minio_to_snowflake_dags.py took 2.715 seconds
[2026-07-21T08:02:29.282+0000] {processor.py:161} INFO - Started process (PID=2386) to work on /opt/airflow/dags/minio_to_snowflake_dags.py
[2026-07-21T08:02:29.291+0000] {processor.py:830} INFO - Processing file /opt/airflow/dags/minio_to_snowflake_dags.py for tasks to queue
[2026-07-21T08:02:29.303+0000] {logging_mixin.py:188} INFO - [2026-07-21T08:02:29.301+0000] {dagbag.py:545} INFO - Filling up the DagBag from /opt/airflow/dags/minio_to_snowflake_dags.py
[2026-07-21T08:02:32.450+0000] {processor.py:840} INFO - DAG(s) 'minio_to_snowflake_banking' retrieved from /opt/airflow/dags/minio_to_snowflake_dags.py
[2026-07-21T08:02:32.525+0000] {logging_mixin.py:188} INFO - [2026-07-21T08:02:32.524+0000] {dag.py:3089} INFO - Sync 1 DAGs
[2026-07-21T08:02:32.579+0000] {logging_mixin.py:188} INFO - [2026-07-21T08:02:32.578+0000] {dag.py:3947} INFO - Setting next_dagrun for minio_to_snowflake_banking to 2026-07-21 08:01:00+00:00, run_after=2026-07-21 08:02:00+00:00
[2026-07-21T08:02:32.631+0000] {processor.py:183} INFO - Processing /opt/airflow/dags/minio_to_snowflake_dags.py took 3.413 seconds
[2026-07-21T08:03:03.415+0000] {processor.py:161} INFO - Started process (PID=2390) to work on /opt/airflow/dags/minio_to_snowflake_dags.py
[2026-07-21T08:03:03.425+0000] {processor.py:830} INFO - Processing file /opt/airflow/dags/minio_to_snowflake_dags.py for tasks to queue
[2026-07-21T08:03:03.456+0000] {logging_mixin.py:188} INFO - [2026-07-21T08:03:03.451+0000] {dagbag.py:545} INFO - Filling up the DagBag from /opt/airflow/dags/minio_to_snowflake_dags.py
[2026-07-21T08:03:10.290+0000] {processor.py:840} INFO - DAG(s) 'minio_to_snowflake_banking' retrieved from /opt/airflow/dags/minio_to_snowflake_dags.py
[2026-07-21T08:03:10.522+0000] {logging_mixin.py:188} INFO - [2026-07-21T08:03:10.519+0000] {dag.py:3089} INFO - Sync 1 DAGs
[2026-07-21T08:03:10.623+0000] {logging_mixin.py:188} INFO - [2026-07-21T08:03:10.623+0000] {dag.py:3947} INFO - Setting next_dagrun for minio_to_snowflake_banking to 2026-07-21 08:02:00+00:00, run_after=2026-07-21 08:03:00+00:00
[2026-07-21T08:03:10.695+0000] {processor.py:183} INFO - Processing /opt/airflow/dags/minio_to_snowflake_dags.py took 6.502 seconds
[2026-07-21T08:03:41.284+0000] {processor.py:161} INFO - Started process (PID=2394) to work on /opt/airflow/dags/minio_to_snowflake_dags.py
[2026-07-21T08:03:41.291+0000] {processor.py:830} INFO - Processing file /opt/airflow/dags/minio_to_snowflake_dags.py for tasks to queue
[2026-07-21T08:03:41.321+0000] {logging_mixin.py:188} INFO - [2026-07-21T08:03:41.317+0000] {dagbag.py:545} INFO - Filling up the DagBag from /opt/airflow/dags/minio_to_snowflake_dags.py
[2026-07-21T08:03:44.495+0000] {processor.py:840} INFO - DAG(s) 'minio_to_snowflake_banking' retrieved from /opt/airflow/dags/minio_to_snowflake_dags.py
[2026-07-21T08:03:44.575+0000] {logging_mixin.py:188} INFO - [2026-07-21T08:03:44.574+0000] {dag.py:3089} INFO - Sync 1 DAGs
[2026-07-21T08:03:44.628+0000] {logging_mixin.py:188} INFO - [2026-07-21T08:03:44.627+0000] {dag.py:3947} INFO - Setting next_dagrun for minio_to_snowflake_banking to 2026-07-21 08:02:00+00:00, run_after=2026-07-21 08:03:00+00:00
[2026-07-21T08:03:44.831+0000] {processor.py:183} INFO - Processing /opt/airflow/dags/minio_to_snowflake_dags.py took 3.652 seconds
[2026-07-21T08:04:15.652+0000] {processor.py:161} INFO - Started process (PID=2398) to work on /opt/airflow/dags/minio_to_snowflake_dags.py
[2026-07-21T08:04:15.655+0000] {processor.py:830} INFO - Processing file /opt/airflow/dags/minio_to_snowflake_dags.py for tasks to queue
[2026-07-21T08:04:15.663+0000] {logging_mixin.py:188} INFO - [2026-07-21T08:04:15.661+0000] {dagbag.py:545} INFO - Filling up the DagBag from /opt/airflow/dags/minio_to_snowflake_dags.py
[2026-07-21T08:04:18.871+0000] {processor.py:840} INFO - DAG(s) 'minio_to_snowflake_banking' retrieved from /opt/airflow/dags/minio_to_snowflake_dags.py
[2026-07-21T08:04:19.089+0000] {logging_mixin.py:188} INFO - [2026-07-21T08:04:19.088+0000] {dag.py:3089} INFO - Sync 1 DAGs
[2026-07-21T08:04:19.234+0000] {logging_mixin.py:188} INFO - [2026-07-21T08:04:19.233+0000] {dag.py:3947} INFO - Setting next_dagrun for minio_to_snowflake_banking to 2026-07-21 08:03:00+00:00, run_after=2026-07-21 08:04:00+00:00
[2026-07-21T08:04:19.410+0000] {processor.py:183} INFO - Processing /opt/airflow/dags/minio_to_snowflake_dags.py took 3.779 seconds
[2026-07-21T08:04:50.655+0000] {processor.py:161} INFO - Started process (PID=2402) to work on /opt/airflow/dags/minio_to_snowflake_dags.py
[2026-07-21T08:04:50.723+0000] {processor.py:830} INFO - Processing file /opt/airflow/dags/minio_to_snowflake_dags.py for tasks to queue
[2026-07-21T08:04:50.763+0000] {logging_mixin.py:188} INFO - [2026-07-21T08:04:50.759+0000] {dagbag.py:545} INFO - Filling up the DagBag from /opt/airflow/dags/minio_to_snowflake_dags.py
[2026-07-21T08:04:56.316+0000] {processor.py:840} INFO - DAG(s) 'minio_to_snowflake_banking' retrieved from /opt/airflow/dags/minio_to_snowflake_dags.py
[2026-07-21T08:04:56.435+0000] {logging_mixin.py:188} INFO - [2026-07-21T08:04:56.434+0000] {dag.py:3089} INFO - Sync 1 DAGs
[2026-07-21T08:04:56.499+0000] {logging_mixin.py:188} INFO - [2026-07-21T08:04:56.499+0000] {dag.py:3947} INFO - Setting next_dagrun for minio_to_snowflake_banking to 2026-07-21 08:04:00+00:00, run_after=2026-07-21 08:05:00+00:00
[2026-07-21T08:04:56.553+0000] {processor.py:183} INFO - Processing /opt/airflow/dags/minio_to_snowflake_dags.py took 6.017 seconds
[2026-07-21T08:05:26.818+0000] {processor.py:161} INFO - Started process (PID=2470) to work on /opt/airflow/dags/minio_to_snowflake_dags.py
[2026-07-21T08:05:26.822+0000] {processor.py:830} INFO - Processing file /opt/airflow/dags/minio_to_snowflake_dags.py for tasks to queue
[2026-07-21T08:05:26.829+0000] {logging_mixin.py:188} INFO - [2026-07-21T08:05:26.828+0000] {dagbag.py:545} INFO - Filling up the DagBag from /opt/airflow/dags/minio_to_snowflake_dags.py
[2026-07-21T08:05:28.778+0000] {processor.py:840} INFO - DAG(s) 'minio_to_snowflake_banking' retrieved from /opt/airflow/dags/minio_to_snowflake_dags.py
[2026-07-21T08:05:28.837+0000] {logging_mixin.py:188} INFO - [2026-07-21T08:05:28.835+0000] {dag.py:3089} INFO - Sync 1 DAGs
[2026-07-21T08:05:28.907+0000] {logging_mixin.py:188} INFO - [2026-07-21T08:05:28.906+0000] {dag.py:3947} INFO - Setting next_dagrun for minio_to_snowflake_banking to 2026-07-21 08:05:00+00:00, run_after=2026-07-21 08:06:00+00:00
[2026-07-21T08:05:28.997+0000] {processor.py:183} INFO - Processing /opt/airflow/dags/minio_to_snowflake_dags.py took 2.201 seconds
[2026-07-21T08:05:59.210+0000] {processor.py:161} INFO - Started process (PID=2518) to work on /opt/airflow/dags/minio_to_snowflake_dags.py
[2026-07-21T08:05:59.214+0000] {processor.py:830} INFO - Processing file /opt/airflow/dags/minio_to_snowflake_dags.py for tasks to queue
[2026-07-21T08:05:59.220+0000] {logging_mixin.py:188} INFO - [2026-07-21T08:05:59.219+0000] {dagbag.py:545} INFO - Filling up the DagBag from /opt/airflow/dags/minio_to_snowflake_dags.py
[2026-07-21T08:06:01.712+0000] {processor.py:840} INFO - DAG(s) 'minio_to_snowflake_banking' retrieved from /opt/airflow/dags/minio_to_snowflake_dags.py
[2026-07-21T08:06:01.819+0000] {logging_mixin.py:188} INFO - [2026-07-21T08:06:01.818+0000] {dag.py:3089} INFO - Sync 1 DAGs
[2026-07-21T08:06:01.887+0000] {logging_mixin.py:188} INFO - [2026-07-21T08:06:01.887+0000] {dag.py:3947} INFO - Setting next_dagrun for minio_to_snowflake_banking to 2026-07-21 08:05:00+00:00, run_after=2026-07-21 08:06:00+00:00
[2026-07-21T08:06:01.941+0000] {processor.py:183} INFO - Processing /opt/airflow/dags/minio_to_snowflake_dags.py took 2.748 seconds
[2026-07-21T08:06:32.645+0000] {processor.py:161} INFO - Started process (PID=2584) to work on /opt/airflow/dags/minio_to_snowflake_dags.py
[2026-07-21T08:06:32.653+0000] {processor.py:830} INFO - Processing file /opt/airflow/dags/minio_to_snowflake_dags.py for tasks to queue
[2026-07-21T08:06:32.665+0000] {logging_mixin.py:188} INFO - [2026-07-21T08:06:32.662+0000] {dagbag.py:545} INFO - Filling up the DagBag from /opt/airflow/dags/minio_to_snowflake_dags.py
[2026-07-21T08:06:40.159+0000] {processor.py:840} INFO - DAG(s) 'minio_to_snowflake_banking' retrieved from /opt/airflow/dags/minio_to_snowflake_dags.py
[2026-07-21T08:06:40.511+0000] {logging_mixin.py:188} INFO - [2026-07-21T08:06:40.504+0000] {dag.py:3089} INFO - Sync 1 DAGs
[2026-07-21T08:06:40.792+0000] {logging_mixin.py:188} INFO - [2026-07-21T08:06:40.790+0000] {dag.py:3947} INFO - Setting next_dagrun for minio_to_snowflake_banking to 2026-07-21 08:06:00+00:00, run_after=2026-07-21 08:07:00+00:00
[2026-07-21T08:06:40.902+0000] {processor.py:183} INFO - Processing /opt/airflow/dags/minio_to_snowflake_dags.py took 8.294 seconds
[2026-07-21T08:07:11.891+0000] {processor.py:161} INFO - Started process (PID=2618) to work on /opt/airflow/dags/minio_to_snowflake_dags.py
[2026-07-21T08:07:11.898+0000] {processor.py:830} INFO - Processing file /opt/airflow/dags/minio_to_snowflake_dags.py for tasks to queue
[2026-07-21T08:07:11.942+0000] {logging_mixin.py:188} INFO - [2026-07-21T08:07:11.938+0000] {dagbag.py:545} INFO - Filling up the DagBag from /opt/airflow/dags/minio_to_snowflake_dags.py
[2026-07-21T08:07:17.845+0000] {processor.py:840} INFO - DAG(s) 'minio_to_snowflake_banking' retrieved from /opt/airflow/dags/minio_to_snowflake_dags.py
[2026-07-21T08:07:17.974+0000] {logging_mixin.py:188} INFO - [2026-07-21T08:07:17.973+0000] {dag.py:3089} INFO - Sync 1 DAGs
[2026-07-21T08:07:18.041+0000] {logging_mixin.py:188} INFO - [2026-07-21T08:07:18.041+0000] {dag.py:3947} INFO - Setting next_dagrun for minio_to_snowflake_banking to 2026-07-21 08:07:00+00:00, run_after=2026-07-21 08:08:00+00:00
[2026-07-21T08:07:18.106+0000] {processor.py:183} INFO - Processing /opt/airflow/dags/minio_to_snowflake_dags.py took 5.517 seconds
[2026-07-21T08:07:48.640+0000] {processor.py:161} INFO - Started process (PID=2623) to work on /opt/airflow/dags/minio_to_snowflake_dags.py
[2026-07-21T08:07:48.644+0000] {processor.py:830} INFO - Processing file /opt/airflow/dags/minio_to_snowflake_dags.py for tasks to queue
[2026-07-21T08:07:48.649+0000] {logging_mixin.py:188} INFO - [2026-07-21T08:07:48.649+0000] {dagbag.py:545} INFO - Filling up the DagBag from /opt/airflow/dags/minio_to_snowflake_dags.py
[2026-07-21T08:07:50.755+0000] {processor.py:840} INFO - DAG(s) 'minio_to_snowflake_banking' retrieved from /opt/airflow/dags/minio_to_snowflake_dags.py
[2026-07-21T08:07:50.830+0000] {logging_mixin.py:188} INFO - [2026-07-21T08:07:50.829+0000] {dag.py:3089} INFO - Sync 1 DAGs
[2026-07-21T08:07:50.896+0000] {logging_mixin.py:188} INFO - [2026-07-21T08:07:50.895+0000] {dag.py:3947} INFO - Setting next_dagrun for minio_to_snowflake_banking to 2026-07-21 08:07:00+00:00, run_after=2026-07-21 08:08:00+00:00
[2026-07-21T08:07:50.952+0000] {processor.py:183} INFO - Processing /opt/airflow/dags/minio_to_snowflake_dags.py took 2.332 seconds
[2026-07-21T08:08:21.607+0000] {processor.py:161} INFO - Started process (PID=2673) to work on /opt/airflow/dags/minio_to_snowflake_dags.py
[2026-07-21T08:08:21.612+0000] {processor.py:830} INFO - Processing file /opt/airflow/dags/minio_to_snowflake_dags.py for tasks to queue
[2026-07-21T08:08:21.619+0000] {logging_mixin.py:188} INFO - [2026-07-21T08:08:21.618+0000] {dagbag.py:545} INFO - Filling up the DagBag from /opt/airflow/dags/minio_to_snowflake_dags.py
[2026-07-21T08:08:24.017+0000] {processor.py:840} INFO - DAG(s) 'minio_to_snowflake_banking' retrieved from /opt/airflow/dags/minio_to_snowflake_dags.py
[2026-07-21T08:08:24.108+0000] {logging_mixin.py:188} INFO - [2026-07-21T08:08:24.107+0000] {dag.py:3089} INFO - Sync 1 DAGs
[2026-07-21T08:08:24.168+0000] {logging_mixin.py:188} INFO - [2026-07-21T08:08:24.168+0000] {dag.py:3947} INFO - Setting next_dagrun for minio_to_snowflake_banking to 2026-07-21 08:08:00+00:00, run_after=2026-07-21 08:09:00+00:00
[2026-07-21T08:08:24.220+0000] {processor.py:183} INFO - Processing /opt/airflow/dags/minio_to_snowflake_dags.py took 2.640 seconds
[2026-07-21T08:08:54.530+0000] {processor.py:161} INFO - Started process (PID=2738) to work on /opt/airflow/dags/minio_to_snowflake_dags.py
[2026-07-21T08:08:54.534+0000] {processor.py:830} INFO - Processing file /opt/airflow/dags/minio_to_snowflake_dags.py for tasks to queue
[2026-07-21T08:08:54.542+0000] {logging_mixin.py:188} INFO - [2026-07-21T08:08:54.541+0000] {dagbag.py:545} INFO - Filling up the DagBag from /opt/airflow/dags/minio_to_snowflake_dags.py
[2026-07-21T08:08:57.985+0000] {processor.py:840} INFO - DAG(s) 'minio_to_snowflake_banking' retrieved from /opt/airflow/dags/minio_to_snowflake_dags.py
[2026-07-21T08:08:58.117+0000] {logging_mixin.py:188} INFO - [2026-07-21T08:08:58.116+0000] {dag.py:3089} INFO - Sync 1 DAGs
[2026-07-21T08:08:58.238+0000] {logging_mixin.py:188} INFO - [2026-07-21T08:08:58.237+0000] {dag.py:3947} INFO - Setting next_dagrun for minio_to_snowflake_banking to 2026-07-21 08:08:00+00:00, run_after=2026-07-21 08:09:00+00:00
[2026-07-21T08:08:58.358+0000] {processor.py:183} INFO - Processing /opt/airflow/dags/minio_to_snowflake_dags.py took 3.856 seconds
[2026-07-21T08:09:28.705+0000] {processor.py:161} INFO - Started process (PID=2806) to work on /opt/airflow/dags/minio_to_snowflake_dags.py
[2026-07-21T08:09:28.709+0000] {processor.py:830} INFO - Processing file /opt/airflow/dags/minio_to_snowflake_dags.py for tasks to queue
[2026-07-21T08:09:28.716+0000] {logging_mixin.py:188} INFO - [2026-07-21T08:09:28.715+0000] {dagbag.py:545} INFO - Filling up the DagBag from /opt/airflow/dags/minio_to_snowflake_dags.py
[2026-07-21T08:09:31.769+0000] {processor.py:840} INFO - DAG(s) 'minio_to_snowflake_banking' retrieved from /opt/airflow/dags/minio_to_snowflake_dags.py
[2026-07-21T08:09:31.933+0000] {logging_mixin.py:188} INFO - [2026-07-21T08:09:31.931+0000] {dag.py:3089} INFO - Sync 1 DAGs
[2026-07-21T08:09:32.081+0000] {logging_mixin.py:188} INFO - [2026-07-21T08:09:32.080+0000] {dag.py:3947} INFO - Setting next_dagrun for minio_to_snowflake_banking to 2026-07-21 08:09:00+00:00, run_after=2026-07-21 08:10:00+00:00
[2026-07-21T08:09:32.167+0000] {processor.py:183} INFO - Processing /opt/airflow/dags/minio_to_snowflake_dags.py took 3.489 seconds
[2026-07-21T08:10:02.923+0000] {processor.py:161} INFO - Started process (PID=2825) to work on /opt/airflow/dags/minio_to_snowflake_dags.py
[2026-07-21T08:10:02.927+0000] {processor.py:830} INFO - Processing file /opt/airflow/dags/minio_to_snowflake_dags.py for tasks to queue
[2026-07-21T08:10:02.959+0000] {logging_mixin.py:188} INFO - [2026-07-21T08:10:02.958+0000] {dagbag.py:545} INFO - Filling up the DagBag from /opt/airflow/dags/minio_to_snowflake_dags.py
[2026-07-21T08:10:05.034+0000] {processor.py:840} INFO - DAG(s) 'minio_to_snowflake_banking' retrieved from /opt/airflow/dags/minio_to_snowflake_dags.py
[2026-07-21T08:10:05.130+0000] {logging_mixin.py:188} INFO - [2026-07-21T08:10:05.129+0000] {dag.py:3089} INFO - Sync 1 DAGs
[2026-07-21T08:10:05.197+0000] {logging_mixin.py:188} INFO - [2026-07-21T08:10:05.196+0000] {dag.py:3947} INFO - Setting next_dagrun for minio_to_snowflake_banking to 2026-07-21 08:10:00+00:00, run_after=2026-07-21 08:11:00+00:00
[2026-07-21T08:10:05.249+0000] {processor.py:183} INFO - Processing /opt/airflow/dags/minio_to_snowflake_dags.py took 2.353 seconds
[2026-07-21T08:10:35.840+0000] {processor.py:161} INFO - Started process (PID=2890) to work on /opt/airflow/dags/minio_to_snowflake_dags.py
[2026-07-21T08:10:35.845+0000] {processor.py:830} INFO - Processing file /opt/airflow/dags/minio_to_snowflake_dags.py for tasks to queue
[2026-07-21T08:10:35.854+0000] {logging_mixin.py:188} INFO - [2026-07-21T08:10:35.853+0000] {dagbag.py:545} INFO - Filling up the DagBag from /opt/airflow/dags/minio_to_snowflake_dags.py
[2026-07-21T08:10:37.735+0000] {processor.py:840} INFO - DAG(s) 'minio_to_snowflake_banking' retrieved from /opt/airflow/dags/minio_to_snowflake_dags.py
[2026-07-21T08:10:37.800+0000] {logging_mixin.py:188} INFO - [2026-07-21T08:10:37.798+0000] {dag.py:3089} INFO - Sync 1 DAGs
[2026-07-21T08:10:37.848+0000] {logging_mixin.py:188} INFO - [2026-07-21T08:10:37.847+0000] {dag.py:3947} INFO - Setting next_dagrun for minio_to_snowflake_banking to 2026-07-21 08:10:00+00:00, run_after=2026-07-21 08:11:00+00:00
[2026-07-21T08:10:37.901+0000] {processor.py:183} INFO - Processing /opt/airflow/dags/minio_to_snowflake_dags.py took 2.085 seconds
[2026-07-21T08:11:08.230+0000] {processor.py:161} INFO - Started process (PID=2908) to work on /opt/airflow/dags/minio_to_snowflake_dags.py
[2026-07-21T08:11:08.233+0000] {processor.py:830} INFO - Processing file /opt/airflow/dags/minio_to_snowflake_dags.py for tasks to queue
[2026-07-21T08:11:08.241+0000] {logging_mixin.py:188} INFO - [2026-07-21T08:11:08.239+0000] {dagbag.py:545} INFO - Filling up the DagBag from /opt/airflow/dags/minio_to_snowflake_dags.py
[2026-07-21T08:11:11.025+0000] {processor.py:840} INFO - DAG(s) 'minio_to_snowflake_banking' retrieved from /opt/airflow/dags/minio_to_snowflake_dags.py
[2026-07-21T08:11:11.166+0000] {logging_mixin.py:188} INFO - [2026-07-21T08:11:11.161+0000] {dag.py:3089} INFO - Sync 1 DAGs
[2026-07-21T08:11:11.281+0000] {logging_mixin.py:188} INFO - [2026-07-21T08:11:11.280+0000] {dag.py:3947} INFO - Setting next_dagrun for minio_to_snowflake_banking to 2026-07-21 08:11:00+00:00, run_after=2026-07-21 08:12:00+00:00
[2026-07-21T08:11:11.387+0000] {processor.py:183} INFO - Processing /opt/airflow/dags/minio_to_snowflake_dags.py took 3.182 seconds
[2026-07-21T08:11:41.919+0000] {processor.py:161} INFO - Started process (PID=2960) to work on /opt/airflow/dags/minio_to_snowflake_dags.py
[2026-07-21T08:11:41.932+0000] {processor.py:830} INFO - Processing file /opt/airflow/dags/minio_to_snowflake_dags.py for tasks to queue
[2026-07-21T08:11:41.975+0000] {logging_mixin.py:188} INFO - [2026-07-21T08:11:41.966+0000] {dagbag.py:545} INFO - Filling up the DagBag from /opt/airflow/dags/minio_to_snowflake_dags.py
[2026-07-21T08:11:50.898+0000] {processor.py:840} INFO - DAG(s) 'minio_to_snowflake_banking' retrieved from /opt/airflow/dags/minio_to_snowflake_dags.py
[2026-07-21T08:11:51.126+0000] {logging_mixin.py:188} INFO - [2026-07-21T08:11:51.122+0000] {dag.py:3089} INFO - Sync 1 DAGs
[2026-07-21T08:11:51.279+0000] {logging_mixin.py:188} INFO - [2026-07-21T08:11:51.278+0000] {dag.py:3947} INFO - Setting next_dagrun for minio_to_snowflake_banking to 2026-07-21 08:11:00+00:00, run_after=2026-07-21 08:12:00+00:00
[2026-07-21T08:11:51.359+0000] {processor.py:183} INFO - Processing /opt/airflow/dags/minio_to_snowflake_dags.py took 9.524 seconds
[2026-07-21T08:11:52.796+0000] {processor.py:161} INFO - Started process (PID=2964) to work on /opt/airflow/dags/minio_to_snowflake_dags.py
[2026-07-21T08:11:52.801+0000] {processor.py:830} INFO - Processing file /opt/airflow/dags/minio_to_snowflake_dags.py for tasks to queue
[2026-07-21T08:11:52.823+0000] {logging_mixin.py:188} INFO - [2026-07-21T08:11:52.819+0000] {dagbag.py:545} INFO - Filling up the DagBag from /opt/airflow/dags/minio_to_snowflake_dags.py
[2026-07-21T08:11:55.974+0000] {processor.py:840} INFO - DAG(s) 'minio_to_snowflake_banking' retrieved from /opt/airflow/dags/minio_to_snowflake_dags.py
[2026-07-21T08:11:56.086+0000] {logging_mixin.py:188} INFO - [2026-07-21T08:11:56.085+0000] {dag.py:3089} INFO - Sync 1 DAGs
[2026-07-21T08:11:56.178+0000] {logging_mixin.py:188} INFO - [2026-07-21T08:11:56.177+0000] {dag.py:3947} INFO - Setting next_dagrun for minio_to_snowflake_banking to 2026-07-21 08:11:00+00:00, run_after=2026-07-21 08:12:00+00:00
[2026-07-21T08:11:56.243+0000] {processor.py:183} INFO - Processing /opt/airflow/dags/minio_to_snowflake_dags.py took 3.508 seconds
[2026-07-21T08:12:26.881+0000] {processor.py:161} INFO - Started process (PID=3001) to work on /opt/airflow/dags/minio_to_snowflake_dags.py
[2026-07-21T08:12:26.885+0000] {processor.py:830} INFO - Processing file /opt/airflow/dags/minio_to_snowflake_dags.py for tasks to queue
[2026-07-21T08:12:26.898+0000] {logging_mixin.py:188} INFO - [2026-07-21T08:12:26.896+0000] {dagbag.py:545} INFO - Filling up the DagBag from /opt/airflow/dags/minio_to_snowflake_dags.py
[2026-07-21T08:12:29.373+0000] {processor.py:840} INFO - DAG(s) 'minio_to_snowflake_banking' retrieved from /opt/airflow/dags/minio_to_snowflake_dags.py
[2026-07-21T08:12:29.439+0000] {logging_mixin.py:188} INFO - [2026-07-21T08:12:29.438+0000] {dag.py:3089} INFO - Sync 1 DAGs
[2026-07-21T08:12:29.506+0000] {logging_mixin.py:188} INFO - [2026-07-21T08:12:29.505+0000] {dag.py:3947} INFO - Setting next_dagrun for minio_to_snowflake_banking to 2026-07-21 08:12:00+00:00, run_after=2026-07-21 08:13:00+00:00
[2026-07-21T08:12:29.559+0000] {processor.py:183} INFO - Processing /opt/airflow/dags/minio_to_snowflake_dags.py took 2.707 seconds
[2026-07-21T08:13:00.101+0000] {processor.py:161} INFO - Started process (PID=3034) to work on /opt/airflow/dags/minio_to_snowflake_dags.py
[2026-07-21T08:13:00.106+0000] {processor.py:830} INFO - Processing file /opt/airflow/dags/minio_to_snowflake_dags.py for tasks to queue
[2026-07-21T08:13:00.119+0000] {logging_mixin.py:188} INFO - [2026-07-21T08:13:00.115+0000] {dagbag.py:545} INFO - Filling up the DagBag from /opt/airflow/dags/minio_to_snowflake_dags.py
[2026-07-21T08:13:02.239+0000] {processor.py:840} INFO - DAG(s) 'minio_to_snowflake_banking' retrieved from /opt/airflow/dags/minio_to_snowflake_dags.py
[2026-07-21T08:13:02.304+0000] {logging_mixin.py:188} INFO - [2026-07-21T08:13:02.304+0000] {dag.py:3089} INFO - Sync 1 DAGs
[2026-07-21T08:13:02.436+0000] {logging_mixin.py:188} INFO - [2026-07-21T08:13:02.435+0000] {dag.py:3947} INFO - Setting next_dagrun for minio_to_snowflake_banking to 2026-07-21 08:13:00+00:00, run_after=2026-07-21 08:14:00+00:00
[2026-07-21T08:13:02.497+0000] {processor.py:183} INFO - Processing /opt/airflow/dags/minio_to_snowflake_dags.py took 2.431 seconds
[2026-07-21T08:13:32.786+0000] {processor.py:161} INFO - Started process (PID=3099) to work on /opt/airflow/dags/minio_to_snowflake_dags.py
[2026-07-21T08:13:32.790+0000] {processor.py:830} INFO - Processing file /opt/airflow/dags/minio_to_snowflake_dags.py for tasks to queue
[2026-07-21T08:13:32.796+0000] {logging_mixin.py:188} INFO - [2026-07-21T08:13:32.795+0000] {dagbag.py:545} INFO - Filling up the DagBag from /opt/airflow/dags/minio_to_snowflake_dags.py
[2026-07-21T08:13:34.648+0000] {processor.py:840} INFO - DAG(s) 'minio_to_snowflake_banking' retrieved from /opt/airflow/dags/minio_to_snowflake_dags.py
[2026-07-21T08:13:34.711+0000] {logging_mixin.py:188} INFO - [2026-07-21T08:13:34.710+0000] {dag.py:3089} INFO - Sync 1 DAGs
[2026-07-21T08:13:34.760+0000] {logging_mixin.py:188} INFO - [2026-07-21T08:13:34.760+0000] {dag.py:3947} INFO - Setting next_dagrun for minio_to_snowflake_banking to 2026-07-21 08:13:00+00:00, run_after=2026-07-21 08:14:00+00:00
[2026-07-21T08:13:34.806+0000] {processor.py:183} INFO - Processing /opt/airflow/dags/minio_to_snowflake_dags.py took 2.044 seconds
[2026-07-21T08:14:05.006+0000] {processor.py:161} INFO - Started process (PID=3104) to work on /opt/airflow/dags/minio_to_snowflake_dags.py
[2026-07-21T08:14:05.010+0000] {processor.py:830} INFO - Processing file /opt/airflow/dags/minio_to_snowflake_dags.py for tasks to queue
[2026-07-21T08:14:05.017+0000] {logging_mixin.py:188} INFO - [2026-07-21T08:14:05.016+0000] {dagbag.py:545} INFO - Filling up the DagBag from /opt/airflow/dags/minio_to_snowflake_dags.py
[2026-07-21T08:14:07.136+0000] {processor.py:840} INFO - DAG(s) 'minio_to_snowflake_banking' retrieved from /opt/airflow/dags/minio_to_snowflake_dags.py
[2026-07-21T08:14:07.235+0000] {logging_mixin.py:188} INFO - [2026-07-21T08:14:07.234+0000] {dag.py:3089} INFO - Sync 1 DAGs
[2026-07-21T08:14:07.304+0000] {logging_mixin.py:188} INFO - [2026-07-21T08:14:07.303+0000] {dag.py:3947} INFO - Setting next_dagrun for minio_to_snowflake_banking to 2026-07-21 08:14:00+00:00, run_after=2026-07-21 08:15:00+00:00
[2026-07-21T08:14:07.362+0000] {processor.py:183} INFO - Processing /opt/airflow/dags/minio_to_snowflake_dags.py took 2.379 seconds
[2026-07-21T08:14:38.068+0000] {processor.py:161} INFO - Started process (PID=3168) to work on /opt/airflow/dags/minio_to_snowflake_dags.py
[2026-07-21T08:14:38.073+0000] {processor.py:830} INFO - Processing file /opt/airflow/dags/minio_to_snowflake_dags.py for tasks to queue
[2026-07-21T08:14:38.084+0000] {logging_mixin.py:188} INFO - [2026-07-21T08:14:38.082+0000] {dagbag.py:545} INFO - Filling up the DagBag from /opt/airflow/dags/minio_to_snowflake_dags.py
[2026-07-21T08:14:40.925+0000] {processor.py:840} INFO - DAG(s) 'minio_to_snowflake_banking' retrieved from /opt/airflow/dags/minio_to_snowflake_dags.py
[2026-07-21T08:14:40.994+0000] {logging_mixin.py:188} INFO - [2026-07-21T08:14:40.993+0000] {dag.py:3089} INFO - Sync 1 DAGs
[2026-07-21T08:14:41.047+0000] {logging_mixin.py:188} INFO - [2026-07-21T08:14:41.047+0000] {dag.py:3947} INFO - Setting next_dagrun for minio_to_snowflake_banking to 2026-07-21 08:14:00+00:00, run_after=2026-07-21 08:15:00+00:00
[2026-07-21T08:14:41.101+0000] {processor.py:183} INFO - Processing /opt/airflow/dags/minio_to_snowflake_dags.py took 3.066 seconds
[2026-07-21T08:15:11.414+0000] {processor.py:161} INFO - Started process (PID=3187) to work on /opt/airflow/dags/minio_to_snowflake_dags.py
[2026-07-21T08:15:11.418+0000] {processor.py:830} INFO - Processing file /opt/airflow/dags/minio_to_snowflake_dags.py for tasks to queue
[2026-07-21T08:15:11.425+0000] {logging_mixin.py:188} INFO - [2026-07-21T08:15:11.423+0000] {dagbag.py:545} INFO - Filling up the DagBag from /opt/airflow/dags/minio_to_snowflake_dags.py
[2026-07-21T08:15:14.482+0000] {processor.py:840} INFO - DAG(s) 'minio_to_snowflake_banking' retrieved from /opt/airflow/dags/minio_to_snowflake_dags.py
[2026-07-21T08:15:14.627+0000] {logging_mixin.py:188} INFO - [2026-07-21T08:15:14.627+0000] {dag.py:3089} INFO - Sync 1 DAGs
[2026-07-21T08:15:14.693+0000] {logging_mixin.py:188} INFO - [2026-07-21T08:15:14.692+0000] {dag.py:3947} INFO - Setting next_dagrun for minio_to_snowflake_banking to 2026-07-21 08:15:00+00:00, run_after=2026-07-21 08:16:00+00:00
[2026-07-21T08:15:14.764+0000] {processor.py:183} INFO - Processing /opt/airflow/dags/minio_to_snowflake_dags.py took 3.370 seconds
[2026-07-21T08:15:45.076+0000] {processor.py:161} INFO - Started process (PID=3237) to work on /opt/airflow/dags/minio_to_snowflake_dags.py
[2026-07-21T08:15:45.080+0000] {processor.py:830} INFO - Processing file /opt/airflow/dags/minio_to_snowflake_dags.py for tasks to queue
[2026-07-21T08:15:45.090+0000] {logging_mixin.py:188} INFO - [2026-07-21T08:15:45.088+0000] {dagbag.py:545} INFO - Filling up the DagBag from /opt/airflow/dags/minio_to_snowflake_dags.py
[2026-07-21T08:15:48.002+0000] {processor.py:840} INFO - DAG(s) 'minio_to_snowflake_banking' retrieved from /opt/airflow/dags/minio_to_snowflake_dags.py
[2026-07-21T08:15:48.090+0000] {logging_mixin.py:188} INFO - [2026-07-21T08:15:48.089+0000] {dag.py:3089} INFO - Sync 1 DAGs
[2026-07-21T08:15:48.142+0000] {logging_mixin.py:188} INFO - [2026-07-21T08:15:48.142+0000] {dag.py:3947} INFO - Setting next_dagrun for minio_to_snowflake_banking to 2026-07-21 08:15:00+00:00, run_after=2026-07-21 08:16:00+00:00
[2026-07-21T08:15:48.319+0000] {processor.py:183} INFO - Processing /opt/airflow/dags/minio_to_snowflake_dags.py took 3.276 seconds
[2026-07-21T08:16:19.300+0000] {processor.py:161} INFO - Started process (PID=3274) to work on /opt/airflow/dags/minio_to_snowflake_dags.py
[2026-07-21T08:16:19.313+0000] {processor.py:830} INFO - Processing file /opt/airflow/dags/minio_to_snowflake_dags.py for tasks to queue
[2026-07-21T08:16:19.338+0000] {logging_mixin.py:188} INFO - [2026-07-21T08:16:19.334+0000] {dagbag.py:545} INFO - Filling up the DagBag from /opt/airflow/dags/minio_to_snowflake_dags.py
[2026-07-21T08:16:23.258+0000] {processor.py:840} INFO - DAG(s) 'minio_to_snowflake_banking' retrieved from /opt/airflow/dags/minio_to_snowflake_dags.py
[2026-07-21T08:16:23.351+0000] {logging_mixin.py:188} INFO - [2026-07-21T08:16:23.350+0000] {dag.py:3089} INFO - Sync 1 DAGs
[2026-07-21T08:16:23.404+0000] {logging_mixin.py:188} INFO - [2026-07-21T08:16:23.404+0000] {dag.py:3947} INFO - Setting next_dagrun for minio_to_snowflake_banking to 2026-07-21 08:16:00+00:00, run_after=2026-07-21 08:17:00+00:00
[2026-07-21T08:16:23.562+0000] {processor.py:183} INFO - Processing /opt/airflow/dags/minio_to_snowflake_dags.py took 4.364 seconds
[2026-07-21T08:16:54.538+0000] {processor.py:161} INFO - Started process (PID=3306) to work on /opt/airflow/dags/minio_to_snowflake_dags.py
[2026-07-21T08:16:54.581+0000] {processor.py:830} INFO - Processing file /opt/airflow/dags/minio_to_snowflake_dags.py for tasks to queue
[2026-07-21T08:16:54.599+0000] {logging_mixin.py:188} INFO - [2026-07-21T08:16:54.597+0000] {dagbag.py:545} INFO - Filling up the DagBag from /opt/airflow/dags/minio_to_snowflake_dags.py
[2026-07-21T08:17:00.172+0000] {processor.py:840} INFO - DAG(s) 'minio_to_snowflake_banking' retrieved from /opt/airflow/dags/minio_to_snowflake_dags.py
[2026-07-21T08:17:01.050+0000] {logging_mixin.py:188} INFO - [2026-07-21T08:17:01.048+0000] {dag.py:3089} INFO - Sync 1 DAGs
[2026-07-21T08:17:04.443+0000] {logging_mixin.py:188} INFO - [2026-07-21T08:17:04.442+0000] {dag.py:3947} INFO - Setting next_dagrun for minio_to_snowflake_banking to 2026-07-21 08:17:00+00:00, run_after=2026-07-21 08:18:00+00:00
[2026-07-21T08:17:04.599+0000] {processor.py:183} INFO - Processing /opt/airflow/dags/minio_to_snowflake_dags.py took 9.166 seconds
[2026-07-21T08:17:35.494+0000] {processor.py:161} INFO - Started process (PID=3331) to work on /opt/airflow/dags/minio_to_snowflake_dags.py
[2026-07-21T08:17:35.502+0000] {processor.py:830} INFO - Processing file /opt/airflow/dags/minio_to_snowflake_dags.py for tasks to queue
[2026-07-21T08:17:35.545+0000] {logging_mixin.py:188} INFO - [2026-07-21T08:17:35.539+0000] {dagbag.py:545} INFO - Filling up the DagBag from /opt/airflow/dags/minio_to_snowflake_dags.py
[2026-07-21T08:17:39.972+0000] {processor.py:840} INFO - DAG(s) 'minio_to_snowflake_banking' retrieved from /opt/airflow/dags/minio_to_snowflake_dags.py
[2026-07-21T08:17:40.057+0000] {logging_mixin.py:188} INFO - [2026-07-21T08:17:40.055+0000] {dag.py:3089} INFO - Sync 1 DAGs
[2026-07-21T08:17:40.119+0000] {logging_mixin.py:188} INFO - [2026-07-21T08:17:40.118+0000] {dag.py:3947} INFO - Setting next_dagrun for minio_to_snowflake_banking to 2026-07-21 08:17:00+00:00, run_after=2026-07-21 08:18:00+00:00
[2026-07-21T08:17:40.167+0000] {processor.py:183} INFO - Processing /opt/airflow/dags/minio_to_snowflake_dags.py took 4.776 seconds
[2026-07-21T08:18:10.965+0000] {processor.py:161} INFO - Started process (PID=3392) to work on /opt/airflow/dags/minio_to_snowflake_dags.py
[2026-07-21T08:18:10.970+0000] {processor.py:830} INFO - Processing file /opt/airflow/dags/minio_to_snowflake_dags.py for tasks to queue
[2026-07-21T08:18:10.977+0000] {logging_mixin.py:188} INFO - [2026-07-21T08:18:10.976+0000] {dagbag.py:545} INFO - Filling up the DagBag from /opt/airflow/dags/minio_to_snowflake_dags.py
[2026-07-21T08:18:13.034+0000] {processor.py:840} INFO - DAG(s) 'minio_to_snowflake_banking' retrieved from /opt/airflow/dags/minio_to_snowflake_dags.py
[2026-07-21T08:18:13.120+0000] {logging_mixin.py:188} INFO - [2026-07-21T08:18:13.119+0000] {dag.py:3089} INFO - Sync 1 DAGs
[2026-07-21T08:18:13.189+0000] {logging_mixin.py:188} INFO - [2026-07-21T08:18:13.189+0000] {dag.py:3947} INFO - Setting next_dagrun for minio_to_snowflake_banking to 2026-07-21 08:18:00+00:00, run_after=2026-07-21 08:19:00+00:00
[2026-07-21T08:18:13.237+0000] {processor.py:183} INFO - Processing /opt/airflow/dags/minio_to_snowflake_dags.py took 2.294 seconds
[2026-07-21T08:18:43.567+0000] {processor.py:161} INFO - Started process (PID=3441) to work on /opt/airflow/dags/minio_to_snowflake_dags.py
[2026-07-21T08:18:43.571+0000] {processor.py:830} INFO - Processing file /opt/airflow/dags/minio_to_snowflake_dags.py for tasks to queue
[2026-07-21T08:18:43.579+0000] {logging_mixin.py:188} INFO - [2026-07-21T08:18:43.577+0000] {dagbag.py:545} INFO - Filling up the DagBag from /opt/airflow/dags/minio_to_snowflake_dags.py
[2026-07-21T08:18:45.684+0000] {processor.py:840} INFO - DAG(s) 'minio_to_snowflake_banking' retrieved from /opt/airflow/dags/minio_to_snowflake_dags.py
[2026-07-21T08:18:45.749+0000] {logging_mixin.py:188} INFO - [2026-07-21T08:18:45.748+0000] {dag.py:3089} INFO - Sync 1 DAGs
[2026-07-21T08:18:45.805+0000] {logging_mixin.py:188} INFO - [2026-07-21T08:18:45.805+0000] {dag.py:3947} INFO - Setting next_dagrun for minio_to_snowflake_banking to 2026-07-21 08:18:00+00:00, run_after=2026-07-21 08:19:00+00:00
[2026-07-21T08:18:45.857+0000] {processor.py:183} INFO - Processing /opt/airflow/dags/minio_to_snowflake_dags.py took 2.309 seconds
[2026-07-21T08:19:16.270+0000] {processor.py:161} INFO - Started process (PID=3477) to work on /opt/airflow/dags/minio_to_snowflake_dags.py
[2026-07-21T08:19:16.275+0000] {processor.py:830} INFO - Processing file /opt/airflow/dags/minio_to_snowflake_dags.py for tasks to queue
[2026-07-21T08:19:16.283+0000] {logging_mixin.py:188} INFO - [2026-07-21T08:19:16.282+0000] {dagbag.py:545} INFO - Filling up the DagBag from /opt/airflow/dags/minio_to_snowflake_dags.py
[2026-07-21T08:19:18.551+0000] {processor.py:840} INFO - DAG(s) 'minio_to_snowflake_banking' retrieved from /opt/airflow/dags/minio_to_snowflake_dags.py
[2026-07-21T08:19:18.610+0000] {logging_mixin.py:188} INFO - [2026-07-21T08:19:18.609+0000] {dag.py:3089} INFO - Sync 1 DAGs
[2026-07-21T08:19:18.661+0000] {logging_mixin.py:188} INFO - [2026-07-21T08:19:18.661+0000] {dag.py:3947} INFO - Setting next_dagrun for minio_to_snowflake_banking to 2026-07-21 08:19:00+00:00, run_after=2026-07-21 08:20:00+00:00
[2026-07-21T08:19:18.715+0000] {processor.py:183} INFO - Processing /opt/airflow/dags/minio_to_snowflake_dags.py took 2.466 seconds
[2026-07-21T08:19:48.983+0000] {processor.py:161} INFO - Started process (PID=3511) to work on /opt/airflow/dags/minio_to_snowflake_dags.py
[2026-07-21T08:19:48.986+0000] {processor.py:830} INFO - Processing file /opt/airflow/dags/minio_to_snowflake_dags.py for tasks to queue
[2026-07-21T08:19:48.991+0000] {logging_mixin.py:188} INFO - [2026-07-21T08:19:48.990+0000] {dagbag.py:545} INFO - Filling up the DagBag from /opt/airflow/dags/minio_to_snowflake_dags.py
[2026-07-21T08:19:50.721+0000] {processor.py:840} INFO - DAG(s) 'minio_to_snowflake_banking' retrieved from /opt/airflow/dags/minio_to_snowflake_dags.py
[2026-07-21T08:19:50.792+0000] {logging_mixin.py:188} INFO - [2026-07-21T08:19:50.790+0000] {dag.py:3089} INFO - Sync 1 DAGs
[2026-07-21T08:19:50.854+0000] {logging_mixin.py:188} INFO - [2026-07-21T08:19:50.853+0000] {dag.py:3947} INFO - Setting next_dagrun for minio_to_snowflake_banking to 2026-07-21 08:19:00+00:00, run_after=2026-07-21 08:20:00+00:00
[2026-07-21T08:19:50.896+0000] {processor.py:183} INFO - Processing /opt/airflow/dags/minio_to_snowflake_dags.py took 1.932 seconds
[2026-07-21T08:20:21.396+0000] {processor.py:161} INFO - Started process (PID=3548) to work on /opt/airflow/dags/minio_to_snowflake_dags.py
[2026-07-21T08:20:21.403+0000] {processor.py:830} INFO - Processing file /opt/airflow/dags/minio_to_snowflake_dags.py for tasks to queue
[2026-07-21T08:20:21.445+0000] {logging_mixin.py:188} INFO - [2026-07-21T08:20:21.440+0000] {dagbag.py:545} INFO - Filling up the DagBag from /opt/airflow/dags/minio_to_snowflake_dags.py
[2026-07-21T08:20:26.525+0000] {processor.py:840} INFO - DAG(s) 'minio_to_snowflake_banking' retrieved from /opt/airflow/dags/minio_to_snowflake_dags.py
[2026-07-21T08:20:26.672+0000] {logging_mixin.py:188} INFO - [2026-07-21T08:20:26.671+0000] {dag.py:3089} INFO - Sync 1 DAGs
[2026-07-21T08:20:26.811+0000] {logging_mixin.py:188} INFO - [2026-07-21T08:20:26.810+0000] {dag.py:3947} INFO - Setting next_dagrun for minio_to_snowflake_banking to 2026-07-21 08:20:00+00:00, run_after=2026-07-21 08:21:00+00:00
[2026-07-21T08:20:26.920+0000] {processor.py:183} INFO - Processing /opt/airflow/dags/minio_to_snowflake_dags.py took 5.655 seconds
[2026-07-21T08:20:57.584+0000] {processor.py:161} INFO - Started process (PID=3581) to work on /opt/airflow/dags/minio_to_snowflake_dags.py
[2026-07-21T08:20:57.596+0000] {processor.py:830} INFO - Processing file /opt/airflow/dags/minio_to_snowflake_dags.py for tasks to queue
[2026-07-21T08:20:57.603+0000] {logging_mixin.py:188} INFO - [2026-07-21T08:20:57.602+0000] {dagbag.py:545} INFO - Filling up the DagBag from /opt/airflow/dags/minio_to_snowflake_dags.py
[2026-07-21T08:20:59.709+0000] {processor.py:840} INFO - DAG(s) 'minio_to_snowflake_banking' retrieved from /opt/airflow/dags/minio_to_snowflake_dags.py
[2026-07-21T08:20:59.792+0000] {logging_mixin.py:188} INFO - [2026-07-21T08:20:59.791+0000] {dag.py:3089} INFO - Sync 1 DAGs
[2026-07-21T08:20:59.859+0000] {logging_mixin.py:188} INFO - [2026-07-21T08:20:59.858+0000] {dag.py:3947} INFO - Setting next_dagrun for minio_to_snowflake_banking to 2026-07-21 08:20:00+00:00, run_after=2026-07-21 08:21:00+00:00
[2026-07-21T08:20:59.921+0000] {processor.py:183} INFO - Processing /opt/airflow/dags/minio_to_snowflake_dags.py took 2.356 seconds
[2026-07-21T08:21:30.625+0000] {processor.py:161} INFO - Started process (PID=3647) to work on /opt/airflow/dags/minio_to_snowflake_dags.py
[2026-07-21T08:21:30.630+0000] {processor.py:830} INFO - Processing file /opt/airflow/dags/minio_to_snowflake_dags.py for tasks to queue
[2026-07-21T08:21:30.646+0000] {logging_mixin.py:188} INFO - [2026-07-21T08:21:30.642+0000] {dagbag.py:545} INFO - Filling up the DagBag from /opt/airflow/dags/minio_to_snowflake_dags.py
[2026-07-21T08:21:33.998+0000] {processor.py:840} INFO - DAG(s) 'minio_to_snowflake_banking' retrieved from /opt/airflow/dags/minio_to_snowflake_dags.py
[2026-07-21T08:21:34.061+0000] {logging_mixin.py:188} INFO - [2026-07-21T08:21:34.060+0000] {dag.py:3089} INFO - Sync 1 DAGs
[2026-07-21T08:21:34.114+0000] {logging_mixin.py:188} INFO - [2026-07-21T08:21:34.113+0000] {dag.py:3947} INFO - Setting next_dagrun for minio_to_snowflake_banking to 2026-07-21 08:21:00+00:00, run_after=2026-07-21 08:22:00+00:00
[2026-07-21T08:21:34.165+0000] {processor.py:183} INFO - Processing /opt/airflow/dags/minio_to_snowflake_dags.py took 3.605 seconds
[2026-07-21T08:22:05.085+0000] {processor.py:161} INFO - Started process (PID=3652) to work on /opt/airflow/dags/minio_to_snowflake_dags.py
[2026-07-21T08:22:05.098+0000] {processor.py:830} INFO - Processing file /opt/airflow/dags/minio_to_snowflake_dags.py for tasks to queue
[2026-07-21T08:22:05.116+0000] {logging_mixin.py:188} INFO - [2026-07-21T08:22:05.112+0000] {dagbag.py:545} INFO - Filling up the DagBag from /opt/airflow/dags/minio_to_snowflake_dags.py
[2026-07-21T08:22:09.600+0000] {processor.py:840} INFO - DAG(s) 'minio_to_snowflake_banking' retrieved from /opt/airflow/dags/minio_to_snowflake_dags.py
[2026-07-21T08:22:09.710+0000] {logging_mixin.py:188} INFO - [2026-07-21T08:22:09.709+0000] {dag.py:3089} INFO - Sync 1 DAGs
[2026-07-21T08:22:09.781+0000] {logging_mixin.py:188} INFO - [2026-07-21T08:22:09.781+0000] {dag.py:3947} INFO - Setting next_dagrun for minio_to_snowflake_banking to 2026-07-21 08:22:00+00:00, run_after=2026-07-21 08:23:00+00:00
[2026-07-21T08:22:09.840+0000] {processor.py:183} INFO - Processing /opt/airflow/dags/minio_to_snowflake_dags.py took 4.816 seconds
[2026-07-21T08:22:40.203+0000] {processor.py:161} INFO - Started process (PID=3717) to work on /opt/airflow/dags/minio_to_snowflake_dags.py
[2026-07-21T08:22:40.208+0000] {processor.py:830} INFO - Processing file /opt/airflow/dags/minio_to_snowflake_dags.py for tasks to queue
[2026-07-21T08:22:40.220+0000] {logging_mixin.py:188} INFO - [2026-07-21T08:22:40.218+0000] {dagbag.py:545} INFO - Filling up the DagBag from /opt/airflow/dags/minio_to_snowflake_dags.py
[2026-07-21T08:22:42.713+0000] {processor.py:840} INFO - DAG(s) 'minio_to_snowflake_banking' retrieved from /opt/airflow/dags/minio_to_snowflake_dags.py
[2026-07-21T08:22:42.878+0000] {logging_mixin.py:188} INFO - [2026-07-21T08:22:42.876+0000] {dag.py:3089} INFO - Sync 1 DAGs
[2026-07-21T08:22:42.923+0000] {logging_mixin.py:188} INFO - [2026-07-21T08:22:42.922+0000] {dag.py:3947} INFO - Setting next_dagrun for minio_to_snowflake_banking to 2026-07-21 08:22:00+00:00, run_after=2026-07-21 08:23:00+00:00
[2026-07-21T08:22:43.042+0000] {processor.py:183} INFO - Processing /opt/airflow/dags/minio_to_snowflake_dags.py took 2.882 seconds
[2026-07-21T08:23:13.372+0000] {processor.py:161} INFO - Started process (PID=3736) to work on /opt/airflow/dags/minio_to_snowflake_dags.py
[2026-07-21T08:23:13.415+0000] {processor.py:830} INFO - Processing file /opt/airflow/dags/minio_to_snowflake_dags.py for tasks to queue
[2026-07-21T08:23:13.427+0000] {logging_mixin.py:188} INFO - [2026-07-21T08:23:13.425+0000] {dagbag.py:545} INFO - Filling up the DagBag from /opt/airflow/dags/minio_to_snowflake_dags.py
[2026-07-21T08:23:24.748+0000] {processor.py:840} INFO - DAG(s) 'minio_to_snowflake_banking' retrieved from /opt/airflow/dags/minio_to_snowflake_dags.py
[2026-07-21T08:23:24.866+0000] {logging_mixin.py:188} INFO - [2026-07-21T08:23:24.865+0000] {dag.py:3089} INFO - Sync 1 DAGs
[2026-07-21T08:23:24.943+0000] {logging_mixin.py:188} INFO - [2026-07-21T08:23:24.942+0000] {dag.py:3947} INFO - Setting next_dagrun for minio_to_snowflake_banking to 2026-07-21 08:23:00+00:00, run_after=2026-07-21 08:24:00+00:00
[2026-07-21T08:23:25.017+0000] {processor.py:183} INFO - Processing /opt/airflow/dags/minio_to_snowflake_dags.py took 10.852 seconds
[2026-07-21T08:23:55.395+0000] {processor.py:161} INFO - Started process (PID=3787) to work on /opt/airflow/dags/minio_to_snowflake_dags.py
[2026-07-21T08:23:55.404+0000] {processor.py:830} INFO - Processing file /opt/airflow/dags/minio_to_snowflake_dags.py for tasks to queue
[2026-07-21T08:23:55.425+0000] {logging_mixin.py:188} INFO - [2026-07-21T08:23:55.422+0000] {dagbag.py:545} INFO - Filling up the DagBag from /opt/airflow/dags/minio_to_snowflake_dags.py
[2026-07-21T08:24:00.251+0000] {processor.py:840} INFO - DAG(s) 'minio_to_snowflake_banking' retrieved from /opt/airflow/dags/minio_to_snowflake_dags.py
[2026-07-21T08:24:00.317+0000] {logging_mixin.py:188} INFO - [2026-07-21T08:24:00.316+0000] {dag.py:3089} INFO - Sync 1 DAGs
[2026-07-21T08:24:00.371+0000] {logging_mixin.py:188} INFO - [2026-07-21T08:24:00.370+0000] {dag.py:3947} INFO - Setting next_dagrun for minio_to_snowflake_banking to 2026-07-21 08:23:00+00:00, run_after=2026-07-21 08:24:00+00:00
[2026-07-21T08:24:00.414+0000] {processor.py:183} INFO - Processing /opt/airflow/dags/minio_to_snowflake_dags.py took 5.066 seconds
[2026-07-21T08:24:31.256+0000] {processor.py:161} INFO - Started process (PID=3852) to work on /opt/airflow/dags/minio_to_snowflake_dags.py
[2026-07-21T08:24:31.259+0000] {processor.py:830} INFO - Processing file /opt/airflow/dags/minio_to_snowflake_dags.py for tasks to queue
[2026-07-21T08:24:31.265+0000] {logging_mixin.py:188} INFO - [2026-07-21T08:24:31.264+0000] {dagbag.py:545} INFO - Filling up the DagBag from /opt/airflow/dags/minio_to_snowflake_dags.py
[2026-07-21T08:24:33.000+0000] {processor.py:840} INFO - DAG(s) 'minio_to_snowflake_banking' retrieved from /opt/airflow/dags/minio_to_snowflake_dags.py
[2026-07-21T08:24:33.158+0000] {logging_mixin.py:188} INFO - [2026-07-21T08:24:33.156+0000] {dag.py:3089} INFO - Sync 1 DAGs
[2026-07-21T08:24:33.214+0000] {logging_mixin.py:188} INFO - [2026-07-21T08:24:33.213+0000] {dag.py:3947} INFO - Setting next_dagrun for minio_to_snowflake_banking to 2026-07-21 08:24:00+00:00, run_after=2026-07-21 08:25:00+00:00
[2026-07-21T08:24:33.264+0000] {processor.py:183} INFO - Processing /opt/airflow/dags/minio_to_snowflake_dags.py took 2.024 seconds
[2026-07-21T08:25:03.713+0000] {processor.py:161} INFO - Started process (PID=3857) to work on /opt/airflow/dags/minio_to_snowflake_dags.py
[2026-07-21T08:25:03.739+0000] {processor.py:830} INFO - Processing file /opt/airflow/dags/minio_to_snowflake_dags.py for tasks to queue
[2026-07-21T08:25:03.746+0000] {logging_mixin.py:188} INFO - [2026-07-21T08:25:03.745+0000] {dagbag.py:545} INFO - Filling up the DagBag from /opt/airflow/dags/minio_to_snowflake_dags.py
[2026-07-21T08:25:05.774+0000] {processor.py:840} INFO - DAG(s) 'minio_to_snowflake_banking' retrieved from /opt/airflow/dags/minio_to_snowflake_dags.py
[2026-07-21T08:25:05.836+0000] {logging_mixin.py:188} INFO - [2026-07-21T08:25:05.834+0000] {dag.py:3089} INFO - Sync 1 DAGs
[2026-07-21T08:25:05.886+0000] {logging_mixin.py:188} INFO - [2026-07-21T08:25:05.885+0000] {dag.py:3947} INFO - Setting next_dagrun for minio_to_snowflake_banking to 2026-07-21 08:25:00+00:00, run_after=2026-07-21 08:26:00+00:00
[2026-07-21T08:25:05.938+0000] {processor.py:183} INFO - Processing /opt/airflow/dags/minio_to_snowflake_dags.py took 2.242 seconds
[2026-07-21T08:25:36.177+0000] {processor.py:161} INFO - Started process (PID=3922) to work on /opt/airflow/dags/minio_to_snowflake_dags.py
[2026-07-21T08:25:36.180+0000] {processor.py:830} INFO - Processing file /opt/airflow/dags/minio_to_snowflake_dags.py for tasks to queue
[2026-07-21T08:25:36.185+0000] {logging_mixin.py:188} INFO - [2026-07-21T08:25:36.184+0000] {dagbag.py:545} INFO - Filling up the DagBag from /opt/airflow/dags/minio_to_snowflake_dags.py
[2026-07-21T08:25:38.022+0000] {processor.py:840} INFO - DAG(s) 'minio_to_snowflake_banking' retrieved from /opt/airflow/dags/minio_to_snowflake_dags.py
[2026-07-21T08:25:38.089+0000] {logging_mixin.py:188} INFO - [2026-07-21T08:25:38.088+0000] {dag.py:3089} INFO - Sync 1 DAGs
[2026-07-21T08:25:38.139+0000] {logging_mixin.py:188} INFO - [2026-07-21T08:25:38.139+0000] {dag.py:3947} INFO - Setting next_dagrun for minio_to_snowflake_banking to 2026-07-21 08:25:00+00:00, run_after=2026-07-21 08:26:00+00:00
[2026-07-21T08:25:38.198+0000] {processor.py:183} INFO - Processing /opt/airflow/dags/minio_to_snowflake_dags.py took 2.039 seconds
[2026-07-21T08:26:09.409+0000] {processor.py:161} INFO - Started process (PID=3927) to work on /opt/airflow/dags/minio_to_snowflake_dags.py
[2026-07-21T08:26:09.419+0000] {processor.py:830} INFO - Processing file /opt/airflow/dags/minio_to_snowflake_dags.py for tasks to queue
[2026-07-21T08:26:09.451+0000] {logging_mixin.py:188} INFO - [2026-07-21T08:26:09.447+0000] {dagbag.py:545} INFO - Filling up the DagBag from /opt/airflow/dags/minio_to_snowflake_dags.py
[2026-07-21T08:26:16.312+0000] {processor.py:840} INFO - DAG(s) 'minio_to_snowflake_banking' retrieved from /opt/airflow/dags/minio_to_snowflake_dags.py
[2026-07-21T08:26:16.413+0000] {logging_mixin.py:188} INFO - [2026-07-21T08:26:16.412+0000] {dag.py:3089} INFO - Sync 1 DAGs
[2026-07-21T08:26:16.494+0000] {logging_mixin.py:188} INFO - [2026-07-21T08:26:16.493+0000] {dag.py:3947} INFO - Setting next_dagrun for minio_to_snowflake_banking to 2026-07-21 08:26:00+00:00, run_after=2026-07-21 08:27:00+00:00
[2026-07-21T08:26:16.563+0000] {processor.py:183} INFO - Processing /opt/airflow/dags/minio_to_snowflake_dags.py took 7.243 seconds
[2026-07-21T08:26:47.240+0000] {processor.py:161} INFO - Started process (PID=3992) to work on /opt/airflow/dags/minio_to_snowflake_dags.py
[2026-07-21T08:26:47.242+0000] {processor.py:830} INFO - Processing file /opt/airflow/dags/minio_to_snowflake_dags.py for tasks to queue
[2026-07-21T08:26:47.250+0000] {logging_mixin.py:188} INFO - [2026-07-21T08:26:47.247+0000] {dagbag.py:545} INFO - Filling up the DagBag from /opt/airflow/dags/minio_to_snowflake_dags.py
[2026-07-21T08:26:49.121+0000] {processor.py:840} INFO - DAG(s) 'minio_to_snowflake_banking' retrieved from /opt/airflow/dags/minio_to_snowflake_dags.py
[2026-07-21T08:26:49.194+0000] {logging_mixin.py:188} INFO - [2026-07-21T08:26:49.192+0000] {dag.py:3089} INFO - Sync 1 DAGs
[2026-07-21T08:26:49.251+0000] {logging_mixin.py:188} INFO - [2026-07-21T08:26:49.250+0000] {dag.py:3947} INFO - Setting next_dagrun for minio_to_snowflake_banking to 2026-07-21 08:26:00+00:00, run_after=2026-07-21 08:27:00+00:00
[2026-07-21T08:26:49.292+0000] {processor.py:183} INFO - Processing /opt/airflow/dags/minio_to_snowflake_dags.py took 2.072 seconds
[2026-07-21T08:27:19.539+0000] {processor.py:161} INFO - Started process (PID=4042) to work on /opt/airflow/dags/minio_to_snowflake_dags.py
[2026-07-21T08:27:19.542+0000] {processor.py:830} INFO - Processing file /opt/airflow/dags/minio_to_snowflake_dags.py for tasks to queue
[2026-07-21T08:27:19.548+0000] {logging_mixin.py:188} INFO - [2026-07-21T08:27:19.547+0000] {dagbag.py:545} INFO - Filling up the DagBag from /opt/airflow/dags/minio_to_snowflake_dags.py
[2026-07-21T08:27:21.632+0000] {processor.py:840} INFO - DAG(s) 'minio_to_snowflake_banking' retrieved from /opt/airflow/dags/minio_to_snowflake_dags.py
[2026-07-21T08:23:34.332+0000] {logging_mixin.py:188} INFO - [2026-07-21T08:23:34.330+0000] {dag.py:3089} INFO - Sync 1 DAGs
[2026-07-21T08:23:34.432+0000] {logging_mixin.py:188} INFO - [2026-07-21T08:23:34.431+0000] {dag.py:3947} INFO - Setting next_dagrun for minio_to_snowflake_banking to 2026-07-21 08:27:00+00:00, run_after=2026-07-21 08:28:00+00:00
[2026-07-21T08:23:34.506+0000] {processor.py:183} INFO - Processing /opt/airflow/dags/minio_to_snowflake_dags.py took 2.503 seconds
[2026-07-21T08:27:23.507+0000] {processor.py:161} INFO - Started process (PID=4054) to work on /opt/airflow/dags/minio_to_snowflake_dags.py
[2026-07-21T08:27:23.511+0000] {processor.py:830} INFO - Processing file /opt/airflow/dags/minio_to_snowflake_dags.py for tasks to queue
[2026-07-21T08:27:23.524+0000] {logging_mixin.py:188} INFO - [2026-07-21T08:27:23.522+0000] {dagbag.py:545} INFO - Filling up the DagBag from /opt/airflow/dags/minio_to_snowflake_dags.py
[2026-07-21T08:27:26.784+0000] {processor.py:840} INFO - DAG(s) 'minio_to_snowflake_banking' retrieved from /opt/airflow/dags/minio_to_snowflake_dags.py
[2026-07-21T08:27:26.975+0000] {logging_mixin.py:188} INFO - [2026-07-21T08:27:26.973+0000] {dag.py:3089} INFO - Sync 1 DAGs
[2026-07-21T08:27:27.068+0000] {logging_mixin.py:188} INFO - [2026-07-21T08:27:27.068+0000] {dag.py:3947} INFO - Setting next_dagrun for minio_to_snowflake_banking to 2026-07-21 08:27:00+00:00, run_after=2026-07-21 08:28:00+00:00
[2026-07-21T08:27:27.170+0000] {processor.py:183} INFO - Processing /opt/airflow/dags/minio_to_snowflake_dags.py took 3.689 seconds
[2026-07-21T08:27:57.893+0000] {processor.py:161} INFO - Started process (PID=4066) to work on /opt/airflow/dags/minio_to_snowflake_dags.py
[2026-07-21T08:27:57.898+0000] {processor.py:830} INFO - Processing file /opt/airflow/dags/minio_to_snowflake_dags.py for tasks to queue
[2026-07-21T08:27:57.912+0000] {logging_mixin.py:188} INFO - [2026-07-21T08:27:57.908+0000] {dagbag.py:545} INFO - Filling up the DagBag from /opt/airflow/dags/minio_to_snowflake_dags.py
[2026-07-21T08:28:00.475+0000] {processor.py:840} INFO - DAG(s) 'minio_to_snowflake_banking' retrieved from /opt/airflow/dags/minio_to_snowflake_dags.py
[2026-07-21T08:28:00.547+0000] {logging_mixin.py:188} INFO - [2026-07-21T08:28:00.546+0000] {dag.py:3089} INFO - Sync 1 DAGs
[2026-07-21T08:28:00.604+0000] {logging_mixin.py:188} INFO - [2026-07-21T08:28:00.603+0000] {dag.py:3947} INFO - Setting next_dagrun for minio_to_snowflake_banking to 2026-07-21 08:28:00+00:00, run_after=2026-07-21 08:29:00+00:00
[2026-07-21T08:28:00.654+0000] {processor.py:183} INFO - Processing /opt/airflow/dags/minio_to_snowflake_dags.py took 2.788 seconds
[2026-07-21T08:28:31.281+0000] {processor.py:161} INFO - Started process (PID=4132) to work on /opt/airflow/dags/minio_to_snowflake_dags.py
[2026-07-21T08:28:31.285+0000] {processor.py:830} INFO - Processing file /opt/airflow/dags/minio_to_snowflake_dags.py for tasks to queue
[2026-07-21T08:28:31.293+0000] {logging_mixin.py:188} INFO - [2026-07-21T08:28:31.292+0000] {dagbag.py:545} INFO - Filling up the DagBag from /opt/airflow/dags/minio_to_snowflake_dags.py
[2026-07-21T08:28:33.210+0000] {processor.py:840} INFO - DAG(s) 'minio_to_snowflake_banking' retrieved from /opt/airflow/dags/minio_to_snowflake_dags.py
[2026-07-21T08:28:33.272+0000] {logging_mixin.py:188} INFO - [2026-07-21T08:28:33.272+0000] {dag.py:3089} INFO - Sync 1 DAGs
[2026-07-21T08:28:33.330+0000] {logging_mixin.py:188} INFO - [2026-07-21T08:28:33.329+0000] {dag.py:3947} INFO - Setting next_dagrun for minio_to_snowflake_banking to 2026-07-21 08:28:00+00:00, run_after=2026-07-21 08:29:00+00:00
[2026-07-21T08:28:33.379+0000] {processor.py:183} INFO - Processing /opt/airflow/dags/minio_to_snowflake_dags.py took 2.125 seconds
[2026-07-21T08:29:03.877+0000] {processor.py:161} INFO - Started process (PID=4137) to work on /opt/airflow/dags/minio_to_snowflake_dags.py
[2026-07-21T08:29:03.883+0000] {processor.py:830} INFO - Processing file /opt/airflow/dags/minio_to_snowflake_dags.py for tasks to queue
[2026-07-21T08:29:03.897+0000] {logging_mixin.py:188} INFO - [2026-07-21T08:29:03.894+0000] {dagbag.py:545} INFO - Filling up the DagBag from /opt/airflow/dags/minio_to_snowflake_dags.py
[2026-07-21T08:29:10.141+0000] {processor.py:840} INFO - DAG(s) 'minio_to_snowflake_banking' retrieved from /opt/airflow/dags/minio_to_snowflake_dags.py
[2026-07-21T08:29:10.274+0000] {logging_mixin.py:188} INFO - [2026-07-21T08:29:10.272+0000] {dag.py:3089} INFO - Sync 1 DAGs
[2026-07-21T08:29:10.369+0000] {logging_mixin.py:188} INFO - [2026-07-21T08:29:10.369+0000] {dag.py:3947} INFO - Setting next_dagrun for minio_to_snowflake_banking to 2026-07-21 08:29:00+00:00, run_after=2026-07-21 08:30:00+00:00
[2026-07-21T08:29:10.423+0000] {processor.py:183} INFO - Processing /opt/airflow/dags/minio_to_snowflake_dags.py took 6.596 seconds
[2026-07-21T08:29:41.295+0000] {processor.py:161} INFO - Started process (PID=4195) to work on /opt/airflow/dags/minio_to_snowflake_dags.py
[2026-07-21T08:29:41.302+0000] {processor.py:830} INFO - Processing file /opt/airflow/dags/minio_to_snowflake_dags.py for tasks to queue
[2026-07-21T08:29:41.340+0000] {logging_mixin.py:188} INFO - [2026-07-21T08:29:41.335+0000] {dagbag.py:545} INFO - Filling up the DagBag from /opt/airflow/dags/minio_to_snowflake_dags.py
[2026-07-21T08:29:48.860+0000] {processor.py:840} INFO - DAG(s) 'minio_to_snowflake_banking' retrieved from /opt/airflow/dags/minio_to_snowflake_dags.py
[2026-07-21T08:29:48.967+0000] {logging_mixin.py:188} INFO - [2026-07-21T08:29:48.966+0000] {dag.py:3089} INFO - Sync 1 DAGs
[2026-07-21T08:29:49.029+0000] {logging_mixin.py:188} INFO - [2026-07-21T08:29:49.029+0000] {dag.py:3947} INFO - Setting next_dagrun for minio_to_snowflake_banking to 2026-07-21 08:29:00+00:00, run_after=2026-07-21 08:30:00+00:00
[2026-07-21T08:29:49.085+0000] {processor.py:183} INFO - Processing /opt/airflow/dags/minio_to_snowflake_dags.py took 7.900 seconds
[2026-07-21T08:30:20.190+0000] {processor.py:161} INFO - Started process (PID=4239) to work on /opt/airflow/dags/minio_to_snowflake_dags.py
[2026-07-21T08:30:20.193+0000] {processor.py:830} INFO - Processing file /opt/airflow/dags/minio_to_snowflake_dags.py for tasks to queue
[2026-07-21T08:30:20.202+0000] {logging_mixin.py:188} INFO - [2026-07-21T08:30:20.201+0000] {dagbag.py:545} INFO - Filling up the DagBag from /opt/airflow/dags/minio_to_snowflake_dags.py
[2026-07-21T08:30:22.350+0000] {processor.py:840} INFO - DAG(s) 'minio_to_snowflake_banking' retrieved from /opt/airflow/dags/minio_to_snowflake_dags.py
[2026-07-21T08:30:22.420+0000] {logging_mixin.py:188} INFO - [2026-07-21T08:30:22.419+0000] {dag.py:3089} INFO - Sync 1 DAGs
[2026-07-21T08:30:22.471+0000] {logging_mixin.py:188} INFO - [2026-07-21T08:30:22.471+0000] {dag.py:3947} INFO - Setting next_dagrun for minio_to_snowflake_banking to 2026-07-21 08:30:00+00:00, run_after=2026-07-21 08:31:00+00:00
[2026-07-21T08:30:22.523+0000] {processor.py:183} INFO - Processing /opt/airflow/dags/minio_to_snowflake_dags.py took 2.349 seconds
[2026-07-21T08:30:53.094+0000] {processor.py:161} INFO - Started process (PID=4271) to work on /opt/airflow/dags/minio_to_snowflake_dags.py
[2026-07-21T08:30:53.098+0000] {processor.py:830} INFO - Processing file /opt/airflow/dags/minio_to_snowflake_dags.py for tasks to queue
[2026-07-21T08:30:53.104+0000] {logging_mixin.py:188} INFO - [2026-07-21T08:30:53.103+0000] {dagbag.py:545} INFO - Filling up the DagBag from /opt/airflow/dags/minio_to_snowflake_dags.py
[2026-07-21T08:30:55.334+0000] {processor.py:840} INFO - DAG(s) 'minio_to_snowflake_banking' retrieved from /opt/airflow/dags/minio_to_snowflake_dags.py
[2026-07-21T08:30:55.398+0000] {logging_mixin.py:188} INFO - [2026-07-21T08:30:55.397+0000] {dag.py:3089} INFO - Sync 1 DAGs
[2026-07-21T08:30:55.448+0000] {logging_mixin.py:188} INFO - [2026-07-21T08:30:55.448+0000] {dag.py:3947} INFO - Setting next_dagrun for minio_to_snowflake_banking to 2026-07-21 08:30:00+00:00, run_after=2026-07-21 08:31:00+00:00
[2026-07-21T08:30:55.494+0000] {processor.py:183} INFO - Processing /opt/airflow/dags/minio_to_snowflake_dags.py took 2.424 seconds
[2026-07-21T08:31:25.991+0000] {processor.py:161} INFO - Started process (PID=4328) to work on /opt/airflow/dags/minio_to_snowflake_dags.py
[2026-07-21T08:31:25.996+0000] {processor.py:830} INFO - Processing file /opt/airflow/dags/minio_to_snowflake_dags.py for tasks to queue
[2026-07-21T08:31:26.006+0000] {logging_mixin.py:188} INFO - [2026-07-21T08:31:26.004+0000] {dagbag.py:545} INFO - Filling up the DagBag from /opt/airflow/dags/minio_to_snowflake_dags.py
[2026-07-21T08:31:29.872+0000] {processor.py:840} INFO - DAG(s) 'minio_to_snowflake_banking' retrieved from /opt/airflow/dags/minio_to_snowflake_dags.py
[2026-07-21T08:31:30.029+0000] {logging_mixin.py:188} INFO - [2026-07-21T08:31:30.028+0000] {dag.py:3089} INFO - Sync 1 DAGs
[2026-07-21T08:31:30.119+0000] {logging_mixin.py:188} INFO - [2026-07-21T08:31:30.119+0000] {dag.py:3947} INFO - Setting next_dagrun for minio_to_snowflake_banking to 2026-07-21 08:31:00+00:00, run_after=2026-07-21 08:32:00+00:00
[2026-07-21T08:31:30.189+0000] {processor.py:183} INFO - Processing /opt/airflow/dags/minio_to_snowflake_dags.py took 3.439 seconds
[2026-07-21T08:32:00.995+0000] {processor.py:161} INFO - Started process (PID=4340) to work on /opt/airflow/dags/minio_to_snowflake_dags.py
[2026-07-21T08:32:00.999+0000] {processor.py:830} INFO - Processing file /opt/airflow/dags/minio_to_snowflake_dags.py for tasks to queue
[2026-07-21T08:32:01.011+0000] {logging_mixin.py:188} INFO - [2026-07-21T08:32:01.009+0000] {dagbag.py:545} INFO - Filling up the DagBag from /opt/airflow/dags/minio_to_snowflake_dags.py
[2026-07-21T08:32:03.762+0000] {processor.py:840} INFO - DAG(s) 'minio_to_snowflake_banking' retrieved from /opt/airflow/dags/minio_to_snowflake_dags.py
[2026-07-21T08:32:03.832+0000] {logging_mixin.py:188} INFO - [2026-07-21T08:32:03.831+0000] {dag.py:3089} INFO - Sync 1 DAGs
[2026-07-21T08:32:03.886+0000] {logging_mixin.py:188} INFO - [2026-07-21T08:32:03.885+0000] {dag.py:3947} INFO - Setting next_dagrun for minio_to_snowflake_banking to 2026-07-21 08:32:00+00:00, run_after=2026-07-21 08:33:00+00:00
[2026-07-21T08:32:03.942+0000] {processor.py:183} INFO - Processing /opt/airflow/dags/minio_to_snowflake_dags.py took 2.976 seconds
[2026-07-21T08:32:34.496+0000] {processor.py:161} INFO - Started process (PID=4406) to work on /opt/airflow/dags/minio_to_snowflake_dags.py
[2026-07-21T08:32:34.501+0000] {processor.py:830} INFO - Processing file /opt/airflow/dags/minio_to_snowflake_dags.py for tasks to queue
[2026-07-21T08:32:34.508+0000] {logging_mixin.py:188} INFO - [2026-07-21T08:32:34.507+0000] {dagbag.py:545} INFO - Filling up the DagBag from /opt/airflow/dags/minio_to_snowflake_dags.py
[2026-07-21T08:32:36.459+0000] {processor.py:840} INFO - DAG(s) 'minio_to_snowflake_banking' retrieved from /opt/airflow/dags/minio_to_snowflake_dags.py
[2026-07-21T08:32:36.521+0000] {logging_mixin.py:188} INFO - [2026-07-21T08:32:36.520+0000] {dag.py:3089} INFO - Sync 1 DAGs
[2026-07-21T08:32:36.575+0000] {logging_mixin.py:188} INFO - [2026-07-21T08:32:36.575+0000] {dag.py:3947} INFO - Setting next_dagrun for minio_to_snowflake_banking to 2026-07-21 08:32:00+00:00, run_after=2026-07-21 08:33:00+00:00
[2026-07-21T08:32:36.619+0000] {processor.py:183} INFO - Processing /opt/airflow/dags/minio_to_snowflake_dags.py took 2.149 seconds
[2026-07-21T08:33:06.807+0000] {processor.py:161} INFO - Started process (PID=4411) to work on /opt/airflow/dags/minio_to_snowflake_dags.py
[2026-07-21T08:33:06.810+0000] {processor.py:830} INFO - Processing file /opt/airflow/dags/minio_to_snowflake_dags.py for tasks to queue
[2026-07-21T08:33:06.818+0000] {logging_mixin.py:188} INFO - [2026-07-21T08:33:06.817+0000] {dagbag.py:545} INFO - Filling up the DagBag from /opt/airflow/dags/minio_to_snowflake_dags.py
[2026-07-21T08:33:09.089+0000] {processor.py:840} INFO - DAG(s) 'minio_to_snowflake_banking' retrieved from /opt/airflow/dags/minio_to_snowflake_dags.py
[2026-07-21T08:33:09.155+0000] {logging_mixin.py:188} INFO - [2026-07-21T08:33:09.154+0000] {dag.py:3089} INFO - Sync 1 DAGs
[2026-07-21T08:33:09.220+0000] {logging_mixin.py:188} INFO - [2026-07-21T08:33:09.220+0000] {dag.py:3947} INFO - Setting next_dagrun for minio_to_snowflake_banking to 2026-07-21 08:33:00+00:00, run_after=2026-07-21 08:34:00+00:00
[2026-07-21T08:33:09.288+0000] {processor.py:183} INFO - Processing /opt/airflow/dags/minio_to_snowflake_dags.py took 2.504 seconds
[2026-07-21T08:33:40.031+0000] {processor.py:161} INFO - Started process (PID=4476) to work on /opt/airflow/dags/minio_to_snowflake_dags.py
[2026-07-21T08:33:40.035+0000] {processor.py:830} INFO - Processing file /opt/airflow/dags/minio_to_snowflake_dags.py for tasks to queue
[2026-07-21T08:33:40.042+0000] {logging_mixin.py:188} INFO - [2026-07-21T08:33:40.041+0000] {dagbag.py:545} INFO - Filling up the DagBag from /opt/airflow/dags/minio_to_snowflake_dags.py
[2026-07-21T08:33:41.838+0000] {processor.py:840} INFO - DAG(s) 'minio_to_snowflake_banking' retrieved from /opt/airflow/dags/minio_to_snowflake_dags.py
[2026-07-21T08:33:41.900+0000] {logging_mixin.py:188} INFO - [2026-07-21T08:33:41.899+0000] {dag.py:3089} INFO - Sync 1 DAGs
[2026-07-21T08:33:41.950+0000] {logging_mixin.py:188} INFO - [2026-07-21T08:33:41.950+0000] {dag.py:3947} INFO - Setting next_dagrun for minio_to_snowflake_banking to 2026-07-21 08:33:00+00:00, run_after=2026-07-21 08:34:00+00:00
[2026-07-21T08:33:41.992+0000] {processor.py:183} INFO - Processing /opt/airflow/dags/minio_to_snowflake_dags.py took 1.980 seconds
[2026-07-21T08:34:12.904+0000] {processor.py:161} INFO - Started process (PID=4513) to work on /opt/airflow/dags/minio_to_snowflake_dags.py
[2026-07-21T08:34:12.907+0000] {processor.py:830} INFO - Processing file /opt/airflow/dags/minio_to_snowflake_dags.py for tasks to queue
[2026-07-21T08:34:12.914+0000] {logging_mixin.py:188} INFO - [2026-07-21T08:34:12.913+0000] {dagbag.py:545} INFO - Filling up the DagBag from /opt/airflow/dags/minio_to_snowflake_dags.py
[2026-07-21T08:34:14.734+0000] {processor.py:840} INFO - DAG(s) 'minio_to_snowflake_banking' retrieved from /opt/airflow/dags/minio_to_snowflake_dags.py
[2026-07-21T08:34:14.814+0000] {logging_mixin.py:188} INFO - [2026-07-21T08:34:14.813+0000] {dag.py:3089} INFO - Sync 1 DAGs
[2026-07-21T08:34:14.903+0000] {logging_mixin.py:188} INFO - [2026-07-21T08:34:14.902+0000] {dag.py:3947} INFO - Setting next_dagrun for minio_to_snowflake_banking to 2026-07-21 08:34:00+00:00, run_after=2026-07-21 08:35:00+00:00
[2026-07-21T08:34:14.954+0000] {processor.py:183} INFO - Processing /opt/airflow/dags/minio_to_snowflake_dags.py took 2.066 seconds
[2026-07-21T08:34:45.409+0000] {processor.py:161} INFO - Started process (PID=4546) to work on /opt/airflow/dags/minio_to_snowflake_dags.py
[2026-07-21T08:34:45.412+0000] {processor.py:830} INFO - Processing file /opt/airflow/dags/minio_to_snowflake_dags.py for tasks to queue
[2026-07-21T08:34:45.418+0000] {logging_mixin.py:188} INFO - [2026-07-21T08:34:45.417+0000] {dagbag.py:545} INFO - Filling up the DagBag from /opt/airflow/dags/minio_to_snowflake_dags.py
[2026-07-21T08:34:47.231+0000] {processor.py:840} INFO - DAG(s) 'minio_to_snowflake_banking' retrieved from /opt/airflow/dags/minio_to_snowflake_dags.py
[2026-07-21T08:34:47.297+0000] {logging_mixin.py:188} INFO - [2026-07-21T08:34:47.296+0000] {dag.py:3089} INFO - Sync 1 DAGs
[2026-07-21T08:34:47.378+0000] {logging_mixin.py:188} INFO - [2026-07-21T08:34:47.377+0000] {dag.py:3947} INFO - Setting next_dagrun for minio_to_snowflake_banking to 2026-07-21 08:34:00+00:00, run_after=2026-07-21 08:35:00+00:00
[2026-07-21T08:34:47.516+0000] {processor.py:183} INFO - Processing /opt/airflow/dags/minio_to_snowflake_dags.py took 2.127 seconds
[2026-07-21T08:35:17.775+0000] {processor.py:161} INFO - Started process (PID=4583) to work on /opt/airflow/dags/minio_to_snowflake_dags.py
[2026-07-21T08:35:17.797+0000] {processor.py:830} INFO - Processing file /opt/airflow/dags/minio_to_snowflake_dags.py for tasks to queue
[2026-07-21T08:35:17.803+0000] {logging_mixin.py:188} INFO - [2026-07-21T08:35:17.802+0000] {dagbag.py:545} INFO - Filling up the DagBag from /opt/airflow/dags/minio_to_snowflake_dags.py
[2026-07-21T08:35:20.046+0000] {processor.py:840} INFO - DAG(s) 'minio_to_snowflake_banking' retrieved from /opt/airflow/dags/minio_to_snowflake_dags.py
[2026-07-21T08:35:20.132+0000] {logging_mixin.py:188} INFO - [2026-07-21T08:35:20.131+0000] {dag.py:3089} INFO - Sync 1 DAGs
[2026-07-21T08:35:20.253+0000] {logging_mixin.py:188} INFO - [2026-07-21T08:35:20.253+0000] {dag.py:3947} INFO - Setting next_dagrun for minio_to_snowflake_banking to 2026-07-21 08:35:00+00:00, run_after=2026-07-21 08:36:00+00:00
[2026-07-21T08:35:20.711+0000] {processor.py:183} INFO - Processing /opt/airflow/dags/minio_to_snowflake_dags.py took 2.956 seconds
[2026-07-21T08:35:50.988+0000] {processor.py:161} INFO - Started process (PID=4615) to work on /opt/airflow/dags/minio_to_snowflake_dags.py
[2026-07-21T08:35:50.991+0000] {processor.py:830} INFO - Processing file /opt/airflow/dags/minio_to_snowflake_dags.py for tasks to queue
[2026-07-21T08:35:50.996+0000] {logging_mixin.py:188} INFO - [2026-07-21T08:35:50.995+0000] {dagbag.py:545} INFO - Filling up the DagBag from /opt/airflow/dags/minio_to_snowflake_dags.py
[2026-07-21T08:35:53.571+0000] {processor.py:840} INFO - DAG(s) 'minio_to_snowflake_banking' retrieved from /opt/airflow/dags/minio_to_snowflake_dags.py
[2026-07-21T08:35:53.729+0000] {logging_mixin.py:188} INFO - [2026-07-21T08:35:53.728+0000] {dag.py:3089} INFO - Sync 1 DAGs
[2026-07-21T08:35:53.808+0000] {logging_mixin.py:188} INFO - [2026-07-21T08:35:53.807+0000] {dag.py:3947} INFO - Setting next_dagrun for minio_to_snowflake_banking to 2026-07-21 08:35:00+00:00, run_after=2026-07-21 08:36:00+00:00
[2026-07-21T08:35:53.866+0000] {processor.py:183} INFO - Processing /opt/airflow/dags/minio_to_snowflake_dags.py took 2.895 seconds
[2026-07-21T08:36:25.201+0000] {processor.py:161} INFO - Started process (PID=4651) to work on /opt/airflow/dags/minio_to_snowflake_dags.py
[2026-07-21T08:36:25.213+0000] {processor.py:830} INFO - Processing file /opt/airflow/dags/minio_to_snowflake_dags.py for tasks to queue
[2026-07-21T08:36:25.300+0000] {logging_mixin.py:188} INFO - [2026-07-21T08:36:25.287+0000] {dagbag.py:545} INFO - Filling up the DagBag from /opt/airflow/dags/minio_to_snowflake_dags.py
[2026-07-21T08:36:39.165+0000] {processor.py:840} INFO - DAG(s) 'minio_to_snowflake_banking' retrieved from /opt/airflow/dags/minio_to_snowflake_dags.py
[2026-07-21T08:36:39.342+0000] {logging_mixin.py:188} INFO - [2026-07-21T08:36:39.340+0000] {dag.py:3089} INFO - Sync 1 DAGs
[2026-07-21T08:36:39.439+0000] {logging_mixin.py:188} INFO - [2026-07-21T08:36:39.438+0000] {dag.py:3947} INFO - Setting next_dagrun for minio_to_snowflake_banking to 2026-07-21 08:36:00+00:00, run_after=2026-07-21 08:37:00+00:00
[2026-07-21T08:36:39.500+0000] {processor.py:183} INFO - Processing /opt/airflow/dags/minio_to_snowflake_dags.py took 13.482 seconds
[2026-07-21T08:37:10.209+0000] {processor.py:161} INFO - Started process (PID=4686) to work on /opt/airflow/dags/minio_to_snowflake_dags.py
[2026-07-21T08:37:10.225+0000] {processor.py:830} INFO - Processing file /opt/airflow/dags/minio_to_snowflake_dags.py for tasks to queue
[2026-07-21T08:37:10.273+0000] {logging_mixin.py:188} INFO - [2026-07-21T08:37:10.267+0000] {dagbag.py:545} INFO - Filling up the DagBag from /opt/airflow/dags/minio_to_snowflake_dags.py
[2026-07-21T08:37:17.110+0000] {processor.py:840} INFO - DAG(s) 'minio_to_snowflake_banking' retrieved from /opt/airflow/dags/minio_to_snowflake_dags.py
[2026-07-21T08:37:17.604+0000] {logging_mixin.py:188} INFO - [2026-07-21T08:37:17.597+0000] {dag.py:3089} INFO - Sync 1 DAGs
[2026-07-21T08:37:17.908+0000] {logging_mixin.py:188} INFO - [2026-07-21T08:37:17.907+0000] {dag.py:3947} INFO - Setting next_dagrun for minio_to_snowflake_banking to 2026-07-21 08:37:00+00:00, run_after=2026-07-21 08:38:00+00:00
[2026-07-21T08:37:18.035+0000] {processor.py:183} INFO - Processing /opt/airflow/dags/minio_to_snowflake_dags.py took 7.961 seconds
[2026-07-21T08:37:51.008+0000] {processor.py:161} INFO - Started process (PID=4743) to work on /opt/airflow/dags/minio_to_snowflake_dags.py
[2026-07-21T08:37:51.041+0000] {processor.py:830} INFO - Processing file /opt/airflow/dags/minio_to_snowflake_dags.py for tasks to queue
[2026-07-21T08:37:51.177+0000] {logging_mixin.py:188} INFO - [2026-07-21T08:37:51.164+0000] {dagbag.py:545} INFO - Filling up the DagBag from /opt/airflow/dags/minio_to_snowflake_dags.py
[2026-07-21T08:38:00.946+0000] {processor.py:840} INFO - DAG(s) 'minio_to_snowflake_banking' retrieved from /opt/airflow/dags/minio_to_snowflake_dags.py
[2026-07-21T08:38:01.064+0000] {logging_mixin.py:188} INFO - [2026-07-21T08:38:01.063+0000] {dag.py:3089} INFO - Sync 1 DAGs
[2026-07-21T08:38:01.139+0000] {logging_mixin.py:188} INFO - [2026-07-21T08:38:01.138+0000] {dag.py:3947} INFO - Setting next_dagrun for minio_to_snowflake_banking to 2026-07-21 08:37:00+00:00, run_after=2026-07-21 08:38:00+00:00
[2026-07-21T08:38:01.189+0000] {processor.py:183} INFO - Processing /opt/airflow/dags/minio_to_snowflake_dags.py took 10.518 seconds
[2026-07-21T08:38:32.038+0000] {processor.py:161} INFO - Started process (PID=4787) to work on /opt/airflow/dags/minio_to_snowflake_dags.py
[2026-07-21T08:38:32.044+0000] {processor.py:830} INFO - Processing file /opt/airflow/dags/minio_to_snowflake_dags.py for tasks to queue
[2026-07-21T08:38:32.079+0000] {logging_mixin.py:188} INFO - [2026-07-21T08:38:32.073+0000] {dagbag.py:545} INFO - Filling up the DagBag from /opt/airflow/dags/minio_to_snowflake_dags.py
[2026-07-21T08:38:35.399+0000] {processor.py:840} INFO - DAG(s) 'minio_to_snowflake_banking' retrieved from /opt/airflow/dags/minio_to_snowflake_dags.py
[2026-07-21T08:38:35.471+0000] {logging_mixin.py:188} INFO - [2026-07-21T08:38:35.470+0000] {dag.py:3089} INFO - Sync 1 DAGs
[2026-07-21T08:38:35.525+0000] {logging_mixin.py:188} INFO - [2026-07-21T08:38:35.525+0000] {dag.py:3947} INFO - Setting next_dagrun for minio_to_snowflake_banking to 2026-07-21 08:38:00+00:00, run_after=2026-07-21 08:39:00+00:00
[2026-07-21T08:38:35.587+0000] {processor.py:183} INFO - Processing /opt/airflow/dags/minio_to_snowflake_dags.py took 3.627 seconds
[2026-07-21T08:39:06.027+0000] {processor.py:161} INFO - Started process (PID=4822) to work on /opt/airflow/dags/minio_to_snowflake_dags.py
[2026-07-21T08:39:06.031+0000] {processor.py:830} INFO - Processing file /opt/airflow/dags/minio_to_snowflake_dags.py for tasks to queue
[2026-07-21T08:39:06.037+0000] {logging_mixin.py:188} INFO - [2026-07-21T08:39:06.036+0000] {dagbag.py:545} INFO - Filling up the DagBag from /opt/airflow/dags/minio_to_snowflake_dags.py
[2026-07-21T08:39:08.098+0000] {processor.py:840} INFO - DAG(s) 'minio_to_snowflake_banking' retrieved from /opt/airflow/dags/minio_to_snowflake_dags.py
[2026-07-21T08:39:08.163+0000] {logging_mixin.py:188} INFO - [2026-07-21T08:39:08.162+0000] {dag.py:3089} INFO - Sync 1 DAGs
[2026-07-21T08:39:08.265+0000] {logging_mixin.py:188} INFO - [2026-07-21T08:39:08.264+0000] {dag.py:3947} INFO - Setting next_dagrun for minio_to_snowflake_banking to 2026-07-21 08:39:00+00:00, run_after=2026-07-21 08:40:00+00:00
[2026-07-21T08:39:08.326+0000] {processor.py:183} INFO - Processing /opt/airflow/dags/minio_to_snowflake_dags.py took 2.315 seconds
[2026-07-21T08:39:38.723+0000] {processor.py:161} INFO - Started process (PID=4886) to work on /opt/airflow/dags/minio_to_snowflake_dags.py
[2026-07-21T08:39:38.726+0000] {processor.py:830} INFO - Processing file /opt/airflow/dags/minio_to_snowflake_dags.py for tasks to queue
[2026-07-21T08:39:38.732+0000] {logging_mixin.py:188} INFO - [2026-07-21T08:39:38.731+0000] {dagbag.py:545} INFO - Filling up the DagBag from /opt/airflow/dags/minio_to_snowflake_dags.py
[2026-07-21T08:39:40.532+0000] {processor.py:840} INFO - DAG(s) 'minio_to_snowflake_banking' retrieved from /opt/airflow/dags/minio_to_snowflake_dags.py
[2026-07-21T08:39:40.589+0000] {logging_mixin.py:188} INFO - [2026-07-21T08:39:40.588+0000] {dag.py:3089} INFO - Sync 1 DAGs
[2026-07-21T08:39:40.641+0000] {logging_mixin.py:188} INFO - [2026-07-21T08:39:40.641+0000] {dag.py:3947} INFO - Setting next_dagrun for minio_to_snowflake_banking to 2026-07-21 08:39:00+00:00, run_after=2026-07-21 08:40:00+00:00
[2026-07-21T08:39:40.688+0000] {processor.py:183} INFO - Processing /opt/airflow/dags/minio_to_snowflake_dags.py took 1.984 seconds
[2026-07-21T08:40:11.806+0000] {processor.py:161} INFO - Started process (PID=4923) to work on /opt/airflow/dags/minio_to_snowflake_dags.py
[2026-07-21T08:40:11.809+0000] {processor.py:830} INFO - Processing file /opt/airflow/dags/minio_to_snowflake_dags.py for tasks to queue
[2026-07-21T08:40:11.816+0000] {logging_mixin.py:188} INFO - [2026-07-21T08:40:11.815+0000] {dagbag.py:545} INFO - Filling up the DagBag from /opt/airflow/dags/minio_to_snowflake_dags.py
[2026-07-21T08:40:14.327+0000] {processor.py:840} INFO - DAG(s) 'minio_to_snowflake_banking' retrieved from /opt/airflow/dags/minio_to_snowflake_dags.py
[2026-07-21T08:40:14.386+0000] {logging_mixin.py:188} INFO - [2026-07-21T08:40:14.385+0000] {dag.py:3089} INFO - Sync 1 DAGs
[2026-07-21T08:40:14.445+0000] {logging_mixin.py:188} INFO - [2026-07-21T08:40:14.445+0000] {dag.py:3947} INFO - Setting next_dagrun for minio_to_snowflake_banking to 2026-07-21 08:40:00+00:00, run_after=2026-07-21 08:41:00+00:00
[2026-07-21T08:40:14.496+0000] {processor.py:183} INFO - Processing /opt/airflow/dags/minio_to_snowflake_dags.py took 2.283 seconds
[2026-07-21T08:40:46.812+0000] {processor.py:161} INFO - Started process (PID=4955) to work on /opt/airflow/dags/minio_to_snowflake_dags.py
[2026-07-21T08:40:46.846+0000] {processor.py:830} INFO - Processing file /opt/airflow/dags/minio_to_snowflake_dags.py for tasks to queue
[2026-07-21T08:40:47.103+0000] {logging_mixin.py:188} INFO - [2026-07-21T08:40:47.071+0000] {dagbag.py:545} INFO - Filling up the DagBag from /opt/airflow/dags/minio_to_snowflake_dags.py
[2026-07-21T08:41:06.872+0000] {processor.py:840} INFO - DAG(s) 'minio_to_snowflake_banking' retrieved from /opt/airflow/dags/minio_to_snowflake_dags.py
[2026-07-21T08:41:07.112+0000] {logging_mixin.py:188} INFO - [2026-07-21T08:41:07.110+0000] {dag.py:3089} INFO - Sync 1 DAGs
[2026-07-21T08:41:07.217+0000] {logging_mixin.py:188} INFO - [2026-07-21T08:41:07.216+0000] {dag.py:3947} INFO - Setting next_dagrun for minio_to_snowflake_banking to 2026-07-21 08:41:00+00:00, run_after=2026-07-21 08:42:00+00:00
[2026-07-21T08:41:07.276+0000] {processor.py:183} INFO - Processing /opt/airflow/dags/minio_to_snowflake_dags.py took 20.889 seconds
[2026-07-21T08:41:38.113+0000] {processor.py:161} INFO - Started process (PID=5020) to work on /opt/airflow/dags/minio_to_snowflake_dags.py
[2026-07-21T08:41:38.124+0000] {processor.py:830} INFO - Processing file /opt/airflow/dags/minio_to_snowflake_dags.py for tasks to queue
[2026-07-21T08:41:38.146+0000] {logging_mixin.py:188} INFO - [2026-07-21T08:41:38.142+0000] {dagbag.py:545} INFO - Filling up the DagBag from /opt/airflow/dags/minio_to_snowflake_dags.py
[2026-07-21T08:41:40.344+0000] {processor.py:840} INFO - DAG(s) 'minio_to_snowflake_banking' retrieved from /opt/airflow/dags/minio_to_snowflake_dags.py
[2026-07-21T08:41:40.404+0000] {logging_mixin.py:188} INFO - [2026-07-21T08:41:40.403+0000] {dag.py:3089} INFO - Sync 1 DAGs
[2026-07-21T08:41:40.451+0000] {logging_mixin.py:188} INFO - [2026-07-21T08:41:40.450+0000] {dag.py:3947} INFO - Setting next_dagrun for minio_to_snowflake_banking to 2026-07-21 08:41:00+00:00, run_after=2026-07-21 08:42:00+00:00
[2026-07-21T08:41:40.543+0000] {processor.py:183} INFO - Processing /opt/airflow/dags/minio_to_snowflake_dags.py took 2.481 seconds
[2026-07-21T08:42:11.152+0000] {processor.py:161} INFO - Started process (PID=5026) to work on /opt/airflow/dags/minio_to_snowflake_dags.py
[2026-07-21T08:42:11.159+0000] {processor.py:830} INFO - Processing file /opt/airflow/dags/minio_to_snowflake_dags.py for tasks to queue
[2026-07-21T08:42:11.198+0000] {logging_mixin.py:188} INFO - [2026-07-21T08:42:11.184+0000] {dagbag.py:545} INFO - Filling up the DagBag from /opt/airflow/dags/minio_to_snowflake_dags.py
[2026-07-21T08:42:14.688+0000] {processor.py:840} INFO - DAG(s) 'minio_to_snowflake_banking' retrieved from /opt/airflow/dags/minio_to_snowflake_dags.py
[2026-07-21T08:42:14.771+0000] {logging_mixin.py:188} INFO - [2026-07-21T08:42:14.770+0000] {dag.py:3089} INFO - Sync 1 DAGs
[2026-07-21T08:42:14.830+0000] {logging_mixin.py:188} INFO - [2026-07-21T08:42:14.830+0000] {dag.py:3947} INFO - Setting next_dagrun for minio_to_snowflake_banking to 2026-07-21 08:42:00+00:00, run_after=2026-07-21 08:43:00+00:00
[2026-07-21T08:42:14.869+0000] {processor.py:183} INFO - Processing /opt/airflow/dags/minio_to_snowflake_dags.py took 3.826 seconds
[2026-07-21T08:42:45.751+0000] {processor.py:161} INFO - Started process (PID=5091) to work on /opt/airflow/dags/minio_to_snowflake_dags.py
[2026-07-21T08:42:45.753+0000] {processor.py:830} INFO - Processing file /opt/airflow/dags/minio_to_snowflake_dags.py for tasks to queue
[2026-07-21T08:42:45.759+0000] {logging_mixin.py:188} INFO - [2026-07-21T08:42:45.758+0000] {dagbag.py:545} INFO - Filling up the DagBag from /opt/airflow/dags/minio_to_snowflake_dags.py
[2026-07-21T08:42:48.339+0000] {processor.py:840} INFO - DAG(s) 'minio_to_snowflake_banking' retrieved from /opt/airflow/dags/minio_to_snowflake_dags.py
[2026-07-21T08:42:48.403+0000] {logging_mixin.py:188} INFO - [2026-07-21T08:42:48.402+0000] {dag.py:3089} INFO - Sync 1 DAGs
[2026-07-21T08:42:48.459+0000] {logging_mixin.py:188} INFO - [2026-07-21T08:42:48.458+0000] {dag.py:3947} INFO - Setting next_dagrun for minio_to_snowflake_banking to 2026-07-21 08:42:00+00:00, run_after=2026-07-21 08:43:00+00:00
[2026-07-21T08:42:48.504+0000] {processor.py:183} INFO - Processing /opt/airflow/dags/minio_to_snowflake_dags.py took 1.774 seconds
[2026-07-21T08:43:19.881+0000] {processor.py:161} INFO - Started process (PID=5128) to work on /opt/airflow/dags/minio_to_snowflake_dags.py
[2026-07-21T08:43:19.886+0000] {processor.py:830} INFO - Processing file /opt/airflow/dags/minio_to_snowflake_dags.py for tasks to queue
[2026-07-21T08:43:19.902+0000] {logging_mixin.py:188} INFO - [2026-07-21T08:43:19.900+0000] {dagbag.py:545} INFO - Filling up the DagBag from /opt/airflow/dags/minio_to_snowflake_dags.py
[2026-07-21T08:43:22.218+0000] {processor.py:840} INFO - DAG(s) 'minio_to_snowflake_banking' retrieved from /opt/airflow/dags/minio_to_snowflake_dags.py
[2026-07-21T08:43:22.302+0000] {logging_mixin.py:188} INFO - [2026-07-21T08:43:22.301+0000] {dag.py:3089} INFO - Sync 1 DAGs
[2026-07-21T08:43:22.363+0000] {logging_mixin.py:188} INFO - [2026-07-21T08:43:22.363+0000] {dag.py:3947} INFO - Setting next_dagrun for minio_to_snowflake_banking to 2026-07-21 08:43:00+00:00, run_after=2026-07-21 08:44:00+00:00
[2026-07-21T08:43:22.410+0000] {processor.py:183} INFO - Processing /opt/airflow/dags/minio_to_snowflake_dags.py took 2.563 seconds
[2026-07-21T08:43:52.854+0000] {processor.py:161} INFO - Started process (PID=5160) to work on /opt/airflow/dags/minio_to_snowflake_dags.py
[2026-07-21T08:43:52.857+0000] {processor.py:830} INFO - Processing file /opt/airflow/dags/minio_to_snowflake_dags.py for tasks to queue
[2026-07-21T08:43:52.862+0000] {logging_mixin.py:188} INFO - [2026-07-21T08:43:52.861+0000] {dagbag.py:545} INFO - Filling up the DagBag from /opt/airflow/dags/minio_to_snowflake_dags.py
[2026-07-21T08:43:55.109+0000] {processor.py:840} INFO - DAG(s) 'minio_to_snowflake_banking' retrieved from /opt/airflow/dags/minio_to_snowflake_dags.py
[2026-07-21T08:43:55.176+0000] {logging_mixin.py:188} INFO - [2026-07-21T08:43:55.175+0000] {dag.py:3089} INFO - Sync 1 DAGs
[2026-07-21T08:43:55.229+0000] {logging_mixin.py:188} INFO - [2026-07-21T08:43:55.229+0000] {dag.py:3947} INFO - Setting next_dagrun for minio_to_snowflake_banking to 2026-07-21 08:43:00+00:00, run_after=2026-07-21 08:44:00+00:00
[2026-07-21T08:43:55.275+0000] {processor.py:183} INFO - Processing /opt/airflow/dags/minio_to_snowflake_dags.py took 2.439 seconds
[2026-07-21T08:44:26.066+0000] {processor.py:161} INFO - Started process (PID=5212) to work on /opt/airflow/dags/minio_to_snowflake_dags.py
[2026-07-21T08:44:26.072+0000] {processor.py:830} INFO - Processing file /opt/airflow/dags/minio_to_snowflake_dags.py for tasks to queue
[2026-07-21T08:44:26.098+0000] {logging_mixin.py:188} INFO - [2026-07-21T08:44:26.095+0000] {dagbag.py:545} INFO - Filling up the DagBag from /opt/airflow/dags/minio_to_snowflake_dags.py
[2026-07-21T08:44:34.478+0000] {processor.py:840} INFO - DAG(s) 'minio_to_snowflake_banking' retrieved from /opt/airflow/dags/minio_to_snowflake_dags.py
[2026-07-21T08:44:34.616+0000] {logging_mixin.py:188} INFO - [2026-07-21T08:44:34.615+0000] {dag.py:3089} INFO - Sync 1 DAGs
[2026-07-21T08:44:34.699+0000] {logging_mixin.py:188} INFO - [2026-07-21T08:44:34.698+0000] {dag.py:3947} INFO - Setting next_dagrun for minio_to_snowflake_banking to 2026-07-21 08:44:00+00:00, run_after=2026-07-21 08:45:00+00:00
[2026-07-21T08:44:34.752+0000] {processor.py:183} INFO - Processing /opt/airflow/dags/minio_to_snowflake_dags.py took 8.756 seconds
[2026-07-21T08:45:07.346+0000] {processor.py:161} INFO - Started process (PID=5231) to work on /opt/airflow/dags/minio_to_snowflake_dags.py
[2026-07-21T08:45:07.386+0000] {processor.py:830} INFO - Processing file /opt/airflow/dags/minio_to_snowflake_dags.py for tasks to queue
[2026-07-21T08:45:07.488+0000] {logging_mixin.py:188} INFO - [2026-07-21T08:45:07.470+0000] {dagbag.py:545} INFO - Filling up the DagBag from /opt/airflow/dags/minio_to_snowflake_dags.py
[2026-07-21T08:45:43.111+0000] {logging_mixin.py:188} INFO - [2026-07-21T08:45:40.162+0000] {timeout.py:68} ERROR - Process timed out, PID: 5231
[2026-07-21T08:46:18.243+0000] {processor.py:161} INFO - Started process (PID=5247) to work on /opt/airflow/dags/minio_to_snowflake_dags.py
[2026-07-21T08:46:18.290+0000] {processor.py:830} INFO - Processing file /opt/airflow/dags/minio_to_snowflake_dags.py for tasks to queue
[2026-07-21T08:46:18.325+0000] {logging_mixin.py:188} INFO - [2026-07-21T08:46:18.306+0000] {dagbag.py:545} INFO - Filling up the DagBag from /opt/airflow/dags/minio_to_snowflake_dags.py
[2026-07-21T08:46:43.050+0000] {processor.py:840} INFO - DAG(s) 'minio_to_snowflake_banking' retrieved from /opt/airflow/dags/minio_to_snowflake_dags.py
[2026-07-21T08:46:44.089+0000] {logging_mixin.py:188} INFO - [2026-07-21T08:46:44.087+0000] {dag.py:3089} INFO - Sync 1 DAGs
[2026-07-21T08:46:44.190+0000] {logging_mixin.py:188} INFO - [2026-07-21T08:46:44.189+0000] {dag.py:3947} INFO - Setting next_dagrun for minio_to_snowflake_banking to 2026-07-21 08:45:00+00:00, run_after=2026-07-21 08:46:00+00:00
[2026-07-21T08:46:44.303+0000] {processor.py:183} INFO - Processing /opt/airflow/dags/minio_to_snowflake_dags.py took 25.524 seconds
[2026-07-21T08:47:14.956+0000] {processor.py:161} INFO - Started process (PID=5285) to work on /opt/airflow/dags/minio_to_snowflake_dags.py
[2026-07-21T08:47:14.961+0000] {processor.py:830} INFO - Processing file /opt/airflow/dags/minio_to_snowflake_dags.py for tasks to queue
[2026-07-21T08:47:14.969+0000] {logging_mixin.py:188} INFO - [2026-07-21T08:47:14.966+0000] {dagbag.py:545} INFO - Filling up the DagBag from /opt/airflow/dags/minio_to_snowflake_dags.py
[2026-07-21T08:47:17.653+0000] {processor.py:840} INFO - DAG(s) 'minio_to_snowflake_banking' retrieved from /opt/airflow/dags/minio_to_snowflake_dags.py
[2026-07-21T08:47:17.762+0000] {logging_mixin.py:188} INFO - [2026-07-21T08:47:17.761+0000] {dag.py:3089} INFO - Sync 1 DAGs
[2026-07-21T08:47:17.822+0000] {logging_mixin.py:188} INFO - [2026-07-21T08:47:17.822+0000] {dag.py:3947} INFO - Setting next_dagrun for minio_to_snowflake_banking to 2026-07-21 08:46:00+00:00, run_after=2026-07-21 08:47:00+00:00
[2026-07-21T08:47:17.910+0000] {processor.py:183} INFO - Processing /opt/airflow/dags/minio_to_snowflake_dags.py took 3.025 seconds
[2026-07-21T08:47:48.327+0000] {processor.py:161} INFO - Started process (PID=5350) to work on /opt/airflow/dags/minio_to_snowflake_dags.py
[2026-07-21T08:47:48.329+0000] {processor.py:830} INFO - Processing file /opt/airflow/dags/minio_to_snowflake_dags.py for tasks to queue
[2026-07-21T08:47:48.333+0000] {logging_mixin.py:188} INFO - [2026-07-21T08:47:48.332+0000] {dagbag.py:545} INFO - Filling up the DagBag from /opt/airflow/dags/minio_to_snowflake_dags.py
[2026-07-21T08:47:50.324+0000] {processor.py:840} INFO - DAG(s) 'minio_to_snowflake_banking' retrieved from /opt/airflow/dags/minio_to_snowflake_dags.py
[2026-07-21T08:47:50.383+0000] {logging_mixin.py:188} INFO - [2026-07-21T08:47:50.382+0000] {dag.py:3089} INFO - Sync 1 DAGs
[2026-07-21T08:47:50.432+0000] {logging_mixin.py:188} INFO - [2026-07-21T08:47:50.431+0000] {dag.py:3947} INFO - Setting next_dagrun for minio_to_snowflake_banking to 2026-07-21 08:47:00+00:00, run_after=2026-07-21 08:48:00+00:00
[2026-07-21T08:47:50.474+0000] {processor.py:183} INFO - Processing /opt/airflow/dags/minio_to_snowflake_dags.py took 2.172 seconds
[2026-07-21T08:48:21.551+0000] {processor.py:161} INFO - Started process (PID=5415) to work on /opt/airflow/dags/minio_to_snowflake_dags.py
[2026-07-21T08:48:21.555+0000] {processor.py:830} INFO - Processing file /opt/airflow/dags/minio_to_snowflake_dags.py for tasks to queue
[2026-07-21T08:48:21.563+0000] {logging_mixin.py:188} INFO - [2026-07-21T08:48:21.560+0000] {dagbag.py:545} INFO - Filling up the DagBag from /opt/airflow/dags/minio_to_snowflake_dags.py
[2026-07-21T08:48:26.367+0000] {processor.py:840} INFO - DAG(s) 'minio_to_snowflake_banking' retrieved from /opt/airflow/dags/minio_to_snowflake_dags.py
[2026-07-21T08:48:26.444+0000] {logging_mixin.py:188} INFO - [2026-07-21T08:48:26.443+0000] {dag.py:3089} INFO - Sync 1 DAGs
[2026-07-21T08:48:26.526+0000] {logging_mixin.py:188} INFO - [2026-07-21T08:48:26.525+0000] {dag.py:3947} INFO - Setting next_dagrun for minio_to_snowflake_banking to 2026-07-21 08:48:00+00:00, run_after=2026-07-21 08:49:00+00:00
[2026-07-21T08:48:26.602+0000] {processor.py:183} INFO - Processing /opt/airflow/dags/minio_to_snowflake_dags.py took 5.088 seconds
[2026-07-21T08:48:57.049+0000] {processor.py:161} INFO - Started process (PID=5481) to work on /opt/airflow/dags/minio_to_snowflake_dags.py
[2026-07-21T08:48:57.088+0000] {processor.py:830} INFO - Processing file /opt/airflow/dags/minio_to_snowflake_dags.py for tasks to queue
[2026-07-21T08:48:57.091+0000] {logging_mixin.py:188} INFO - [2026-07-21T08:48:57.090+0000] {dagbag.py:545} INFO - Filling up the DagBag from /opt/airflow/dags/minio_to_snowflake_dags.py
[2026-07-21T08:48:59.157+0000] {processor.py:840} INFO - DAG(s) 'minio_to_snowflake_banking' retrieved from /opt/airflow/dags/minio_to_snowflake_dags.py
[2026-07-21T08:48:59.231+0000] {logging_mixin.py:188} INFO - [2026-07-21T08:48:59.230+0000] {dag.py:3089} INFO - Sync 1 DAGs
[2026-07-21T08:48:59.294+0000] {logging_mixin.py:188} INFO - [2026-07-21T08:48:59.294+0000] {dag.py:3947} INFO - Setting next_dagrun for minio_to_snowflake_banking to 2026-07-21 08:48:00+00:00, run_after=2026-07-21 08:49:00+00:00
[2026-07-21T08:48:59.340+0000] {processor.py:183} INFO - Processing /opt/airflow/dags/minio_to_snowflake_dags.py took 2.310 seconds
[2026-07-21T08:49:29.727+0000] {processor.py:161} INFO - Started process (PID=5561) to work on /opt/airflow/dags/minio_to_snowflake_dags.py
[2026-07-21T08:49:29.729+0000] {processor.py:830} INFO - Processing file /opt/airflow/dags/minio_to_snowflake_dags.py for tasks to queue
[2026-07-21T08:49:29.732+0000] {logging_mixin.py:188} INFO - [2026-07-21T08:49:29.731+0000] {dagbag.py:545} INFO - Filling up the DagBag from /opt/airflow/dags/minio_to_snowflake_dags.py
[2026-07-21T08:49:33.652+0000] {processor.py:840} INFO - DAG(s) 'minio_to_snowflake_banking' retrieved from /opt/airflow/dags/minio_to_snowflake_dags.py
[2026-07-21T08:49:33.812+0000] {logging_mixin.py:188} INFO - [2026-07-21T08:49:33.810+0000] {dag.py:3089} INFO - Sync 1 DAGs
[2026-07-21T08:49:33.935+0000] {logging_mixin.py:188} INFO - [2026-07-21T08:49:33.933+0000] {dag.py:3947} INFO - Setting next_dagrun for minio_to_snowflake_banking to 2026-07-21 08:49:00+00:00, run_after=2026-07-21 08:50:00+00:00
[2026-07-21T08:49:34.019+0000] {processor.py:183} INFO - Processing /opt/airflow/dags/minio_to_snowflake_dags.py took 3.571 seconds
[2026-07-21T08:50:17.560+0000] {processor.py:161} INFO - Started process (PID=5593) to work on /opt/airflow/dags/minio_to_snowflake_dags.py
[2026-07-21T08:50:17.566+0000] {processor.py:830} INFO - Processing file /opt/airflow/dags/minio_to_snowflake_dags.py for tasks to queue
[2026-07-21T08:50:17.570+0000] {logging_mixin.py:188} INFO - [2026-07-21T08:50:17.569+0000] {dagbag.py:545} INFO - Filling up the DagBag from /opt/airflow/dags/minio_to_snowflake_dags.py
[2026-07-21T08:50:20.021+0000] {processor.py:840} INFO - DAG(s) 'minio_to_snowflake_banking' retrieved from /opt/airflow/dags/minio_to_snowflake_dags.py
[2026-07-21T08:50:20.104+0000] {logging_mixin.py:188} INFO - [2026-07-21T08:50:20.102+0000] {dag.py:3089} INFO - Sync 1 DAGs
[2026-07-21T08:50:20.169+0000] {logging_mixin.py:188} INFO - [2026-07-21T08:50:20.169+0000] {dag.py:3947} INFO - Setting next_dagrun for minio_to_snowflake_banking to 2026-07-21 08:50:00+00:00, run_after=2026-07-21 08:51:00+00:00
[2026-07-21T08:50:20.219+0000] {processor.py:183} INFO - Processing /opt/airflow/dags/minio_to_snowflake_dags.py took 2.692 seconds
[2026-07-21T08:50:50.484+0000] {processor.py:161} INFO - Started process (PID=5659) to work on /opt/airflow/dags/minio_to_snowflake_dags.py
[2026-07-21T08:50:50.488+0000] {processor.py:830} INFO - Processing file /opt/airflow/dags/minio_to_snowflake_dags.py for tasks to queue
[2026-07-21T08:50:50.490+0000] {logging_mixin.py:188} INFO - [2026-07-21T08:50:50.490+0000] {dagbag.py:545} INFO - Filling up the DagBag from /opt/airflow/dags/minio_to_snowflake_dags.py
[2026-07-21T08:50:52.438+0000] {processor.py:840} INFO - DAG(s) 'minio_to_snowflake_banking' retrieved from /opt/airflow/dags/minio_to_snowflake_dags.py
[2026-07-21T08:50:52.501+0000] {logging_mixin.py:188} INFO - [2026-07-21T08:50:52.500+0000] {dag.py:3089} INFO - Sync 1 DAGs
[2026-07-21T08:50:52.552+0000] {logging_mixin.py:188} INFO - [2026-07-21T08:50:52.551+0000] {dag.py:3947} INFO - Setting next_dagrun for minio_to_snowflake_banking to 2026-07-21 08:50:00+00:00, run_after=2026-07-21 08:51:00+00:00
[2026-07-21T08:50:52.596+0000] {processor.py:183} INFO - Processing /opt/airflow/dags/minio_to_snowflake_dags.py took 2.132 seconds
[2026-07-21T08:51:22.880+0000] {processor.py:161} INFO - Started process (PID=5711) to work on /opt/airflow/dags/minio_to_snowflake_dags.py
[2026-07-21T08:51:22.883+0000] {processor.py:830} INFO - Processing file /opt/airflow/dags/minio_to_snowflake_dags.py for tasks to queue
[2026-07-21T08:51:22.887+0000] {logging_mixin.py:188} INFO - [2026-07-21T08:51:22.886+0000] {dagbag.py:545} INFO - Filling up the DagBag from /opt/airflow/dags/minio_to_snowflake_dags.py
[2026-07-21T08:51:25.132+0000] {processor.py:840} INFO - DAG(s) 'minio_to_snowflake_banking' retrieved from /opt/airflow/dags/minio_to_snowflake_dags.py
[2026-07-21T08:51:25.243+0000] {logging_mixin.py:188} INFO - [2026-07-21T08:51:25.242+0000] {dag.py:3089} INFO - Sync 1 DAGs
[2026-07-21T08:51:25.377+0000] {logging_mixin.py:188} INFO - [2026-07-21T08:51:25.376+0000] {dag.py:3947} INFO - Setting next_dagrun for minio_to_snowflake_banking to 2026-07-21 08:51:00+00:00, run_after=2026-07-21 08:52:00+00:00
[2026-07-21T08:51:25.433+0000] {processor.py:183} INFO - Processing /opt/airflow/dags/minio_to_snowflake_dags.py took 2.578 seconds
[2026-07-21T08:51:55.639+0000] {processor.py:161} INFO - Started process (PID=5728) to work on /opt/airflow/dags/minio_to_snowflake_dags.py
[2026-07-21T08:51:55.643+0000] {processor.py:830} INFO - Processing file /opt/airflow/dags/minio_to_snowflake_dags.py for tasks to queue
[2026-07-21T08:51:55.646+0000] {logging_mixin.py:188} INFO - [2026-07-21T08:51:55.645+0000] {dagbag.py:545} INFO - Filling up the DagBag from /opt/airflow/dags/minio_to_snowflake_dags.py
[2026-07-21T08:51:58.377+0000] {processor.py:840} INFO - DAG(s) 'minio_to_snowflake_banking' retrieved from /opt/airflow/dags/minio_to_snowflake_dags.py
[2026-07-21T08:51:58.466+0000] {logging_mixin.py:188} INFO - [2026-07-21T08:51:58.463+0000] {dag.py:3089} INFO - Sync 1 DAGs
[2026-07-21T08:51:58.560+0000] {logging_mixin.py:188} INFO - [2026-07-21T08:51:58.559+0000] {dag.py:3947} INFO - Setting next_dagrun for minio_to_snowflake_banking to 2026-07-21 08:51:00+00:00, run_after=2026-07-21 08:52:00+00:00
[2026-07-21T08:51:58.616+0000] {processor.py:183} INFO - Processing /opt/airflow/dags/minio_to_snowflake_dags.py took 3.004 seconds
[2026-07-21T08:52:29.492+0000] {processor.py:161} INFO - Started process (PID=5793) to work on /opt/airflow/dags/minio_to_snowflake_dags.py
[2026-07-21T08:52:29.495+0000] {processor.py:830} INFO - Processing file /opt/airflow/dags/minio_to_snowflake_dags.py for tasks to queue
[2026-07-21T08:52:29.498+0000] {logging_mixin.py:188} INFO - [2026-07-21T08:52:29.497+0000] {dagbag.py:545} INFO - Filling up the DagBag from /opt/airflow/dags/minio_to_snowflake_dags.py
[2026-07-21T08:52:31.200+0000] {processor.py:840} INFO - DAG(s) 'minio_to_snowflake_banking' retrieved from /opt/airflow/dags/minio_to_snowflake_dags.py
[2026-07-21T08:52:31.269+0000] {logging_mixin.py:188} INFO - [2026-07-21T08:52:31.268+0000] {dag.py:3089} INFO - Sync 1 DAGs
[2026-07-21T08:52:31.333+0000] {logging_mixin.py:188} INFO - [2026-07-21T08:52:31.332+0000] {dag.py:3947} INFO - Setting next_dagrun for minio_to_snowflake_banking to 2026-07-21 08:52:00+00:00, run_after=2026-07-21 08:53:00+00:00
[2026-07-21T08:52:31.385+0000] {processor.py:183} INFO - Processing /opt/airflow/dags/minio_to_snowflake_dags.py took 1.915 seconds
[2026-07-21T08:53:01.868+0000] {processor.py:161} INFO - Started process (PID=5798) to work on /opt/airflow/dags/minio_to_snowflake_dags.py
[2026-07-21T08:53:01.871+0000] {processor.py:830} INFO - Processing file /opt/airflow/dags/minio_to_snowflake_dags.py for tasks to queue
[2026-07-21T08:53:01.874+0000] {logging_mixin.py:188} INFO - [2026-07-21T08:53:01.873+0000] {dagbag.py:545} INFO - Filling up the DagBag from /opt/airflow/dags/minio_to_snowflake_dags.py
[2026-07-21T08:53:03.818+0000] {processor.py:840} INFO - DAG(s) 'minio_to_snowflake_banking' retrieved from /opt/airflow/dags/minio_to_snowflake_dags.py
[2026-07-21T08:53:03.882+0000] {logging_mixin.py:188} INFO - [2026-07-21T08:53:03.881+0000] {dag.py:3089} INFO - Sync 1 DAGs
[2026-07-21T08:53:03.946+0000] {logging_mixin.py:188} INFO - [2026-07-21T08:53:03.946+0000] {dag.py:3947} INFO - Setting next_dagrun for minio_to_snowflake_banking to 2026-07-21 08:53:00+00:00, run_after=2026-07-21 08:54:00+00:00
[2026-07-21T08:53:03.994+0000] {processor.py:183} INFO - Processing /opt/airflow/dags/minio_to_snowflake_dags.py took 2.147 seconds
[2026-07-21T08:53:34.251+0000] {processor.py:161} INFO - Started process (PID=5862) to work on /opt/airflow/dags/minio_to_snowflake_dags.py
[2026-07-21T08:53:34.253+0000] {processor.py:830} INFO - Processing file /opt/airflow/dags/minio_to_snowflake_dags.py for tasks to queue
[2026-07-21T08:53:34.257+0000] {logging_mixin.py:188} INFO - [2026-07-21T08:53:34.255+0000] {dagbag.py:545} INFO - Filling up the DagBag from /opt/airflow/dags/minio_to_snowflake_dags.py
[2026-07-21T08:49:48.526+0000] {processor.py:840} INFO - DAG(s) 'minio_to_snowflake_banking' retrieved from /opt/airflow/dags/minio_to_snowflake_dags.py
[2026-07-21T08:53:36.857+0000] {logging_mixin.py:188} INFO - [2026-07-21T08:53:36.856+0000] {dag.py:3089} INFO - Sync 1 DAGs
[2026-07-21T08:53:36.907+0000] {logging_mixin.py:188} INFO - [2026-07-21T08:53:36.906+0000] {dag.py:3947} INFO - Setting next_dagrun for minio_to_snowflake_banking to 2026-07-21 08:53:00+00:00, run_after=2026-07-21 08:54:00+00:00
[2026-07-21T08:53:36.951+0000] {processor.py:183} INFO - Processing /opt/airflow/dags/minio_to_snowflake_dags.py took 2.011 seconds
[2026-07-21T08:54:07.826+0000] {processor.py:161} INFO - Started process (PID=5879) to work on /opt/airflow/dags/minio_to_snowflake_dags.py
[2026-07-21T08:54:07.830+0000] {processor.py:830} INFO - Processing file /opt/airflow/dags/minio_to_snowflake_dags.py for tasks to queue
[2026-07-21T08:54:07.835+0000] {logging_mixin.py:188} INFO - [2026-07-21T08:54:07.833+0000] {dagbag.py:545} INFO - Filling up the DagBag from /opt/airflow/dags/minio_to_snowflake_dags.py
[2026-07-21T08:54:10.360+0000] {processor.py:840} INFO - DAG(s) 'minio_to_snowflake_banking' retrieved from /opt/airflow/dags/minio_to_snowflake_dags.py
[2026-07-21T08:54:10.430+0000] {logging_mixin.py:188} INFO - [2026-07-21T08:54:10.429+0000] {dag.py:3089} INFO - Sync 1 DAGs
[2026-07-21T08:54:10.526+0000] {logging_mixin.py:188} INFO - [2026-07-21T08:54:10.525+0000] {dag.py:3947} INFO - Setting next_dagrun for minio_to_snowflake_banking to 2026-07-21 08:54:00+00:00, run_after=2026-07-21 08:55:00+00:00
[2026-07-21T08:54:10.593+0000] {processor.py:183} INFO - Processing /opt/airflow/dags/minio_to_snowflake_dags.py took 2.803 seconds
[2026-07-21T08:54:41.434+0000] {processor.py:161} INFO - Started process (PID=5931) to work on /opt/airflow/dags/minio_to_snowflake_dags.py
[2026-07-21T08:54:41.440+0000] {processor.py:830} INFO - Processing file /opt/airflow/dags/minio_to_snowflake_dags.py for tasks to queue
[2026-07-21T08:54:41.446+0000] {logging_mixin.py:188} INFO - [2026-07-21T08:54:41.443+0000] {dagbag.py:545} INFO - Filling up the DagBag from /opt/airflow/dags/minio_to_snowflake_dags.py
[2026-07-21T08:54:44.116+0000] {processor.py:840} INFO - DAG(s) 'minio_to_snowflake_banking' retrieved from /opt/airflow/dags/minio_to_snowflake_dags.py
[2026-07-21T08:54:44.187+0000] {logging_mixin.py:188} INFO - [2026-07-21T08:54:44.186+0000] {dag.py:3089} INFO - Sync 1 DAGs
[2026-07-21T08:54:44.249+0000] {logging_mixin.py:188} INFO - [2026-07-21T08:54:44.248+0000] {dag.py:3947} INFO - Setting next_dagrun for minio_to_snowflake_banking to 2026-07-21 08:54:00+00:00, run_after=2026-07-21 08:55:00+00:00
[2026-07-21T08:54:44.301+0000] {processor.py:183} INFO - Processing /opt/airflow/dags/minio_to_snowflake_dags.py took 2.939 seconds
